name,lon1,lat1,lon2,lat2,dip,create_ribbon_mesh,locking_depth,locking_depth_flag,ss_rate,ss_rate_sig,ss_rate_flag,ds_rate,ds_rate_sig,ds_rate_flag,ts_rate,ts_rate_sig,ts_rate_flag,mesh_file_index,mesh_flag,ss_rate_bound_flag,ss_rate_bound_min,ss_rate_bound_max,ds_rate_bound_flag,ds_rate_bound_min,ds_rate_bound_max,ts_rate_bound_flag,ts_rate_bound_min,ts_rate_bound_max
2,140.401000,42.526000,140.272000,42.795000,45,0,15,0,0,1,0,1,1,0,0,1,0,-1,0,0,-1,1,0,-1,1,0,-1,1
2,140.272000,42.795000,140.076000,43.273000,45,0,15,0,0,1,0,1,1,0,0,1,0,-1,0,0,-1,1,0,-1,1,0,-1,1
aleun,197.495000,53.352000,204.236000,54.617000,90,0,15,0,0,1,0,0,1,0,0,1,0,-1,0,0,-1,1,0,-1,1,0,-1,1
alu_1,164.025000,55.235000,171.720000,52.086000,90,0,15,0,0,1,0,0,1,0,0,1,0,-1,0,0,-1,1,0,-1,1,0,-1,1
alu_2a,171.720000,52.086000,177.518000,50.703000,90,0,15,0,0,1,0,0,1,0,0,1,0,-1,0,0,-1,1,0,-1,1,0,-1,1
alu_2b,177.518000,50.703000,179.415000,50.516000,90,0,15,0,0,1,0,0,1,0,0,1,0,-1,0,0,-1,1,0,-1,1,0,-1,1
alu_3a,179.415000,50.516000,182.605000,50.462000,90,0,15,0,0,1,0,0,1,0,0,1,0,-1,0,0,-1,1,0,-1,1,0,-1,1
alu_3b,182.605000,50.462000,189.276000,51.312000,90,0,15,0,0,1,0,0,1,0,0,1,0,-1,0,0,-1,1,0,-1,1,0,-1,1
alu_4,189.276000,51.312000,197.495000,53.352000,90,0,0,0,0,1,0,0,1,0,0,1,0,-1,0,0,-1,1,0,-1,1,0,-1,1
amur-okh,142.376000,54.096000,139.850000,54.025000,90,0,15,0,0,1,0,0,1,0,0,1,0,-1,0,0,-1,1,0,-1,1,0,-1,1
amur1,139.850000,54.025000,124.863000,57.131000,90,0,15,0,0,1,0,0,1,0,0,1,0,-1,0,0,-1,1,0,-1,1,0,-1,1
amur10a,117.645000,39.763000,120.971000,41.129000,90,0,15,0,0,1,0,0,1,0,0,1,0,-1,0,0,-1,1,0,-1,1,0,-1,1
amur10b,120.971000,41.129000,122.696000,42.178000,90,0,15,0,0,1,0,0,1,0,0,1,0,-1,0,0,-1,1,0,-1,1,0,-1,1
amur11,122.696000,42.178000,125.037000,40.144000,90,0,15,0,0,1,0,0,1,0,0,1,0,-1,0,0,-1,1,0,-1,1,0,-1,1
amur12a,125.037000,40.144000,126.022000,36.840000,90,0,15,0,0,1,0,0,1,0,0,1,0,-1,0,0,-1,1,0,-1,1,0,-1,1
amur12b,126.022000,36.840000,126.265000,34.247000,90,0,15,0,0,1,0,0,1,0,0,1,0,-1,0,0,-1,1,0,-1,1,0,-1,1
amur2,124.863000,57.131000,119.500000,57.362000,90,0,15,0,0,1,0,0,1,0,0,1,0,-1,0,0,-1,1,0,-1,1,0,-1,1
amur3,119.500000,57.362000,110.287000,56.096000,90,0,15,0,0,1,0,0,1,0,0,1,0,-1,0,0,-1,1,0,-1,1,0,-1,1
amur4a,110.287000,56.096000,108.912000,54.830000,90,0,15,0,0,1,0,0,1,0,0,1,0,-1,0,0,-1,1,0,-1,1,0,-1,1
amur4b,108.912000,54.830000,108.362000,53.220000,90,0,15,0,0,1,0,0,1,0,0,1,0,-1,0,0,-1,1,0,-1,1,0,-1,1
amur5,108.362000,53.220000,104.513000,51.609000,90,0,15,0,0,1,0,0,1,0,0,1,0,-1,0,0,-1,1,0,-1,1,0,-1,1
amur6,104.513000,51.609000,107.125000,43.555000,90,0,15,0,0,1,0,0,1,0,0,1,0,-1,0,0,-1,1,0,-1,1,0,-1,1
amur7,107.125000,43.555000,112.224000,40.589000,90,0,15,0,0,1,0,0,1,0,0,1,0,-1,0,0,-1,1,0,-1,1,0,-1,1
amur8,112.224000,40.589000,113.662000,41.383000,90,0,15,0,0,1,0,0,1,0,0,1,0,-1,0,0,-1,1,0,-1,1,0,-1,1
amur9a,113.662000,41.383000,115.140000,40.907000,90,0,15,0,0,1,0,0,1,0,0,1,0,-1,0,0,-1,1,0,-1,1,0,-1,1
amur9b,115.140000,40.907000,117.645000,39.763000,90,0,15,0,0,1,0,0,1,0,0,1,0,-1,0,0,-1,1,0,-1,1,0,-1,1
arc1,140.400000,68.400000,162.390000,86.421000,90,0,0,0,0,1,0,0,1,0,0,1,0,-1,0,0,-1,1,0,-1,1,0,-1,1
arc2,162.390000,86.421000,285.123000,83.254000,90,0,0,0,0,1,0,0,1,0,0,1,0,-1,0,0,-1,1,0,-1,1,0,-1,1
arctic1a,144.880000,65.161000,148.979000,63.889000,90,0,15,0,0,1,0,0,1,0,0,1,0,-1,0,0,-1,1,0,-1,1,0,-1,1
arctic1b,148.979000,63.889000,154.021000,61.575000,90,0,15,0,0,1,0,0,1,0,0,1,0,-1,0,0,-1,1,0,-1,1,0,-1,1
arctic2a,162.646000,56.387000,164.873000,58.688000,90,0,15,0,0,1,0,0,1,0,0,1,0,-1,0,0,-1,1,0,-1,1,0,-1,1
arctic2b,164.873000,58.688000,170.634000,62.156000,90,0,15,0,0,1,0,0,1,0,0,1,0,-1,0,0,-1,1,0,-1,1,0,-1,1
arctic3,154.021000,61.575000,170.634000,62.156000,90,0,15,0,0,1,0,0,1,0,0,1,0,-1,0,0,-1,1,0,-1,1,0,-1,1
arctic_1a,79.530000,70.261000,109.555000,70.389000,90,0,0,0,0,1,0,0,1,0,0,1,0,-1,0,0,-1,1,0,-1,1,0,-1,1
arctic_1b,109.555000,70.389000,140.400000,68.400000,90,0,0,0,0,1,0,0,1,0,0,1,0,-1,0,0,-1,1,0,-1,1,0,-1,1
asddf,140.808000,42.375000,140.497000,42.220000,90,0,5,0,0,1,0,0,1,0,0,1,0,-1,0,0,-1,1,0,-1,1,0,-1,1
asdf,139.598000,39.419000,139.600000,40.020000,90,0,15,0,0,1,0,0,1,0,0,1,0,-1,0,0,-1,1,0,-1,1,0,-1,1
asdf,131.263000,33.412000,131.236000,33.208000,90,0,15,0,0,1,0,0,1,0,0,1,0,-1,0,0,-1,1,0,-1,1,0,-1,1
atotsugawaa,136.898000,36.211000,136.975000,36.254000,90,0,15,0,0,1,0,0,1,0,0,1,0,-1,0,0,-1,1,0,-1,1,0,-1,1
atotsugawabaa,136.975000,36.254000,137.097000,36.303000,90,0,15,0,0,1,0,0,1,0,0,1,0,-1,0,0,-1,1,0,-1,1,0,-1,1
atotsugawabab,137.097000,36.303000,137.267000,36.371000,90,0,15,0,0,1,0,0,1,0,0,1,0,-1,0,0,-1,1,0,-1,1,0,-1,1
atotsugawabba,137.267000,36.371000,137.537000,36.466000,90,0,15,0,0,1,0,0,1,0,0,1,0,-1,0,0,-1,1,0,-1,1,0,-1,1
atotsugawabbb,137.537000,36.466000,137.843000,36.562000,90,0,15,0,0,1,0,0,1,0,0,1,0,-1,0,0,-1,1,0,-1,1,0,-1,1
aus-pac2,185.840000,-15.180000,158.700000,-59.800000,90,0,0,0,0,1,0,0,1,0,0,1,0,-1,0,0,-1,1,0,-1,1,0,-1,1
beppu-schina,129.584000,32.324000,129.337000,31.861000,90,0,15,0,0,1,0,0,1,0,0,1,0,-1,0,0,-1,1,0,-1,1,0,-1,1
beppu1a,131.989000,33.424000,131.794000,33.351000,120,0,15,0,0,1,0,0,1,0,0,1,0,-1,0,0,-1,1,0,-1,1,0,-1,1
bsgconn,128.955000,32.376000,129.818000,32.630000,90,0,15,0,0,1,0,0,1,0,0,1,0,-1,0,0,-1,1,0,-1,1,0,-1,1
c-nhonshu1,139.879000,36.850000,139.899000,36.991000,135,0,15,0,0,1,0,0,1,0,0,1,0,-1,0,0,-1,1,0,-1,1,0,-1,1
c-nhonshu5ba,140.847000,40.765000,140.765000,41.040000,45,0,15,0,0,1,0,0,1,0,0,1,0,-1,0,0,-1,1,0,-1,1,0,-1,1
c-nhonshu5bb,140.765000,41.040000,140.706000,41.409000,45,0,15,0,0,1,0,0,1,0,0,1,0,-1,0,0,-1,1,0,-1,1,0,-1,1
cross_eurasia_1,69.484000,38.742000,79.530000,70.261000,90,0,0,0,0,1,0,0,1,0,0,1,0,-1,0,0,-1,1,0,-1,1,0,-1,1
cross_tibet_1a,69.484000,38.742000,70.704000,36.661000,90,0,0,0,0,1,0,0,1,0,0,1,0,-1,0,0,-1,1,0,-1,1,0,-1,1
cross_tibet_1b,70.704000,36.661000,71.925000,34.581000,90,0,0,0,0,1,0,0,1,0,0,1,0,-1,0,0,-1,1,0,-1,1,0,-1,1
e-izu-mp,139.225000,35.028000,139.194000,35.241000,70,0,15,0,0,1,0,0,1,0,0,1,0,-1,0,0,-1,1,0,-1,1,0,-1,1
eastern-mtla,134.768000,34.195000,135.052000,34.236000,90,0,15,0,0,1,0,0,1,0,0,1,0,-1,0,0,-1,1,0,-1,1,0,-1,1
eastern-mtlba,135.052000,34.236000,135.444000,34.304000,90,0,15,0,0,1,0,0,1,0,0,1,0,-1,0,0,-1,1,0,-1,1,0,-1,1
eastern-mtlbbaa,135.444000,34.304000,135.602000,34.345000,90,0,15,0,0,1,0,0,1,0,0,1,0,-1,0,0,-1,1,0,-1,1,0,-1,1
eastern-mtlbbaba,135.602000,34.345000,135.693000,34.375000,90,0,15,0,0,1,0,0,1,0,0,1,0,-1,0,0,-1,1,0,-1,1,0,-1,1
eastern-mtlbbabb,135.693000,34.375000,135.915000,34.503000,90,0,15,0,0,1,0,0,1,0,0,1,0,-1,0,0,-1,1,0,-1,1,0,-1,1
eastern-mtlbbbaaa,135.915000,34.503000,135.997000,34.548000,90,1,15,0,0,1,0,0,1,0,0,1,0,-1,0,0,-1,1,0,-1,1,0,-1,1
eastern-mtlbbbaab,135.997000,34.548000,136.107000,34.632000,90,1,15,0,0,1,0,0,1,0,0,1,0,-1,0,0,-1,1,0,-1,1,0,-1,1
eastern-mtlbbbab,136.107000,34.632000,136.221000,34.696000,90,1,15,0,0,1,0,0,1,0,0,1,0,-1,0,0,-1,1,0,-1,1,0,-1,1
eastern-mtlbbbbaaa,136.221000,34.696000,136.376000,34.754000,90,1,15,0,0,1,0,0,1,0,0,1,0,-1,0,0,-1,1,0,-1,1,0,-1,1
eastern-mtlbbbbaab,136.376000,34.754000,136.550000,34.794000,90,1,15,0,0,1,0,0,1,0,0,1,0,-1,0,0,-1,1,0,-1,1,0,-1,1
eastern-mtlbbbbab,136.550000,34.794000,136.977000,35.013000,90,0,15,0,0,1,0,0,1,0,0,1,0,-1,0,0,-1,1,0,-1,1,0,-1,1
eastern-mtlbbbbbaaa,136.977000,35.013000,137.200000,35.203000,90,0,15,0,0,1,0,0,1,0,0,1,0,-1,0,0,-1,1,0,-1,1,0,-1,1
eastern-mtlbbbbbaab,137.200000,35.203000,137.377000,35.317000,90,0,15,0,0,1,0,0,1,0,0,1,0,-1,0,0,-1,1,0,-1,1,0,-1,1
eastern-mtlbbbbbab,137.377000,35.317000,137.563000,35.415000,90,0,15,0,0,1,0,0,1,0,0,1,0,-1,0,0,-1,1,0,-1,1,0,-1,1
eastern-mtlbbbbbbaa,137.563000,35.415000,137.684000,35.449000,90,0,15,0,0,1,0,0,1,0,0,1,0,-1,0,0,-1,1,0,-1,1,0,-1,1
eastern-mtlbbbbbbab,137.684000,35.449000,137.861000,35.558000,90,0,15,0,0,1,0,0,1,0,0,1,0,-1,0,0,-1,1,0,-1,1,0,-1,1
eastern-mtlbbbbbbbaa,137.861000,35.558000,137.940000,35.646000,90,0,15,0,0,1,0,0,1,0,0,1,0,-1,0,0,-1,1,0,-1,1,0,-1,1
eastern-mtlbbbbbbbab,137.940000,35.646000,138.037000,35.760000,90,0,15,0,0,1,0,0,1,0,0,1,0,-1,0,0,-1,1,0,-1,1,0,-1,1
eastern-mtlbbbbbbbb,138.037000,35.760000,138.078000,36.015000,90,0,15,0,0,1,0,0,1,0,0,1,0,-1,0,0,-1,1,0,-1,1,0,-1,1
eu_phil_1aaa,133.802000,31.789000,134.238000,32.039000,165,0,25,0,0,1,0,0,1,0,0,1,0,0,1,0,-1,1,0,-1,1,0,-1,1
eu_phil_1aaba,134.238000,32.039000,134.568000,32.202000,165,0,25,0,0,1,0,0,1,0,0,1,0,0,1,0,-1,1,0,-1,1,0,-1,1
eu_phil_1aabbaa,134.568000,32.202000,134.823000,32.289000,165,0,25,0,0,1,0,0,1,0,0,1,0,0,1,0,-1,1,0,-1,1,0,-1,1
eu_phil_1aabbab,134.823000,32.289000,134.943000,32.385000,165,0,25,0,0,1,0,0,1,0,0,1,0,0,1,0,-1,1,0,-1,1,0,-1,1
eu_phil_1aabbb,134.943000,32.385000,135.007000,32.527000,165,0,25,0,0,1,0,0,1,0,0,1,0,0,1,0,-1,1,0,-1,1,0,-1,1
eu_phil_1abaaa,135.007000,32.527000,135.157000,32.594000,165,0,30,0,0,1,0,0,1,0,0,1,0,0,1,0,-1,1,0,-1,1,0,-1,1
eu_phil_1abaaba,135.157000,32.594000,135.285000,32.609000,165,0,30,0,0,1,0,0,1,0,0,1,0,0,1,0,-1,1,0,-1,1,0,-1,1
eu_phil_1abaabb,135.285000,32.609000,135.487000,32.616000,165,0,30,0,0,1,0,0,1,0,0,1,0,0,1,0,-1,1,0,-1,1,0,-1,1
eu_phil_1ababaaa,135.487000,32.616000,135.859000,32.669000,165,0,30,0,0,1,0,0,1,0,0,1,0,0,1,0,-1,1,0,-1,1,0,-1,1
eu_phil_1ababaab,135.859000,32.669000,136.103000,32.729000,165,0,30,0,0,1,0,0,1,0,0,1,0,0,1,0,-1,1,0,-1,1,0,-1,1
eu_phil_1ababab,136.103000,32.729000,136.290000,32.796000,165,0,30,0,0,1,0,0,1,0,0,1,0,0,1,0,-1,1,0,-1,1,0,-1,1
eu_phil_1ababba,136.290000,32.796000,136.422000,32.805000,165,0,30,0,0,1,0,0,1,0,0,1,0,0,1,0,-1,1,0,-1,1,0,-1,1
eu_phil_1ababbba,136.422000,32.805000,136.508000,32.830000,165,0,30,0,0,1,0,0,1,0,0,1,0,0,1,0,-1,1,0,-1,1,0,-1,1
eu_phil_1ababbbba,136.508000,32.830000,136.793000,32.941000,165,0,30,0,0,1,0,0,1,0,0,1,0,0,1,0,-1,1,0,-1,1,0,-1,1
eu_phil_1ababbbbba,136.793000,32.941000,136.902000,33.001000,165,0,30,0,0,1,0,0,1,0,0,1,0,0,1,0,-1,1,0,-1,1,0,-1,1
eu_phil_1ababbbbbb,136.902000,33.001000,137.078000,33.045000,165,0,30,0,0,1,0,0,1,0,0,1,0,0,1,0,-1,1,0,-1,1,0,-1,1
eu_phil_1abbaa,137.078000,33.045000,137.240000,33.174000,160,0,30,0,0,1,0,0,1,0,0,1,0,0,1,0,-1,1,0,-1,1,0,-1,1
eu_phil_1abbab,137.240000,33.174000,137.450000,33.253000,160,0,30,0,0,1,0,0,1,0,0,1,0,0,1,0,-1,1,0,-1,1,0,-1,1
eu_phil_1abbbaa,137.450000,33.253000,137.652000,33.350000,160,0,30,0,0,1,0,0,1,0,0,1,0,0,1,0,-1,1,0,-1,1,0,-1,1
eu_phil_1abbbab,137.652000,33.350000,137.720000,33.372000,160,0,30,0,0,1,0,0,1,0,0,1,0,0,1,0,-1,1,0,-1,1,0,-1,1
eu_phil_1abbbba,137.720000,33.372000,137.803000,33.438000,160,0,30,0,0,1,0,0,1,0,0,1,0,0,1,0,-1,1,0,-1,1,0,-1,1
eu_phil_1abbbbba,137.803000,33.438000,137.915000,33.563000,160,0,30,0,0,1,0,0,1,0,0,1,0,0,1,0,-1,1,0,-1,1,0,-1,1
eu_phil_1abbbbbb,137.915000,33.563000,138.058000,33.669000,160,0,30,0,0,1,0,0,1,0,0,1,0,0,1,0,-1,1,0,-1,1,0,-1,1
eu_phil_1baaa,138.058000,33.669000,138.178000,33.785000,155,0,30,0,0,1,0,0,1,0,0,1,0,0,1,0,-1,1,0,-1,1,0,-1,1
eu_phil_1baab,138.178000,33.785000,138.362000,33.885000,155,0,30,0,0,1,0,0,1,0,0,1,0,0,1,0,-1,1,0,-1,1,0,-1,1
eu_phil_1baba,138.362000,33.885000,138.467000,34.041000,155,0,30,0,0,1,0,0,1,0,0,1,0,0,1,0,-1,1,0,-1,1,0,-1,1
eu_phil_1babb,138.467000,34.041000,138.533000,34.404000,155,0,30,0,0,1,0,0,1,0,0,1,0,0,1,0,-1,1,0,-1,1,0,-1,1
eu_phil_1bbaaaa,138.533000,34.404000,138.587000,34.587000,155,0,23,0,0,1,0,0,1,0,0,1,0,0,1,0,-1,1,0,-1,1,0,-1,1
eu_phil_1bbaaab,138.587000,34.587000,138.602000,34.747000,155,0,23,0,0,1,0,0,1,0,0,1,0,0,1,0,-1,1,0,-1,1,0,-1,1
eu_phil_1bbaaba,138.602000,34.747000,138.624000,34.886000,155,0,23,0,0,1,0,0,1,0,0,1,0,0,1,0,-1,1,0,-1,1,0,-1,1
eu_phil_1bbaabb,138.624000,34.886000,138.636000,35.081000,155,0,23,0,0,1,0,0,1,0,0,1,0,0,1,0,-1,1,0,-1,1,0,-1,1
eu_phil_1bbab,138.636000,35.081000,138.594000,35.204000,45,0,20,0,0,1,0,0,1,0,0,1,0,-1,0,0,-1,1,0,-1,1,0,-1,1
eu_phil_1bbba,138.594000,35.204000,138.547000,35.297000,45,0,15,0,0,1,0,0,1,0,0,1,0,-1,0,0,-1,1,0,-1,1,0,-1,1
eu_phil_1bbbb,138.547000,35.297000,138.484000,35.543000,45,0,15,0,0,1,0,0,1,0,0,1,0,-1,0,0,-1,1,0,-1,1,0,-1,1
eu_phil_2aa,131.826000,29.509000,132.656000,30.391000,155,0,0,0,0,1,0,0,1,0,0,1,0,-1,0,0,-1,1,0,-1,1,0,-1,1
eu_phil_2ab,132.656000,30.391000,132.677000,30.662000,155,0,0,0,0,1,0,0,1,0,0,1,0,0,1,0,-1,1,0,-1,1,0,-1,1
eu_phil_2ba,132.677000,30.662000,132.812000,30.975000,155,0,0,0,0,1,0,0,1,0,0,1,0,0,1,0,-1,1,0,-1,1,0,-1,1
eu_phil_2bbaa,132.812000,30.975000,133.217000,31.251000,155,0,0,0,0,1,0,0,1,0,0,1,0,0,1,0,-1,1,0,-1,1,0,-1,1
eu_phil_2bbab,133.217000,31.251000,133.337000,31.526000,155,0,30,0,0,1,0,0,1,0,0,1,0,0,1,0,-1,1,0,-1,1,0,-1,1
eu_phil_2bbb,133.337000,31.526000,133.802000,31.789000,155,0,30,0,0,1,0,0,1,0,0,1,0,0,1,0,-1,1,0,-1,1,0,-1,1
eu_phil_3a,121.449000,22.906000,121.776000,24.283000,25,0,30,0,0,1,0,80,1,0,0,1,0,-1,0,0,-1,1,0,-1,1,0,-1,1
eu_phil_3baba,122.975000,23.434000,123.803000,23.409000,155,0,0,0,0,1,0,0,1,0,0,1,0,-1,0,0,-1,1,0,-1,1,0,-1,1
eu_phil_3babbaa,123.803000,23.409000,124.260000,23.402000,155,0,0,0,0,1,0,0,1,0,0,1,0,-1,0,0,-1,1,0,-1,1,0,-1,1
eu_phil_3babbab,124.260000,23.402000,124.717000,23.396000,155,0,0,0,0,1,0,0,1,0,0,1,0,-1,0,0,-1,1,0,-1,1,0,-1,1
eu_phil_3babbb,124.717000,23.396000,125.631000,23.384000,155,0,0,0,0,1,0,0,1,0,0,1,0,-1,0,0,-1,1,0,-1,1,0,-1,1
eu_phil_3bbaaaa,125.631000,23.384000,126.188000,23.671000,155,0,0,0,0,1,0,0,1,0,0,1,0,-1,0,0,-1,1,0,-1,1,0,-1,1
eu_phil_3bbaaab,126.188000,23.671000,126.744000,23.958000,155,0,0,0,0,1,0,0,1,0,0,1,0,-1,0,0,-1,1,0,-1,1,0,-1,1
eu_phil_3bbaab,126.744000,23.958000,127.429000,24.508000,155,0,0,0,0,1,0,0,1,0,0,1,0,-1,0,0,-1,1,0,-1,1,0,-1,1
eu_phil_3bbabaa,127.429000,24.508000,127.943000,24.951000,155,0,0,0,0,1,0,0,1,0,0,1,0,-1,1,0,-1,1,0,-1,1,0,-1,1
eu_phil_3bbabab,127.943000,24.951000,128.457000,25.395000,155,0,0,0,0,1,0,0,1,0,0,1,0,-1,0,0,-1,1,0,-1,1,0,-1,1
eu_phil_3bbabba,128.457000,25.395000,128.971000,25.838000,155,0,0,0,0,1,0,0,1,0,0,1,0,-1,0,0,-1,1,0,-1,1,0,-1,1
eu_phil_3bbabbb,128.971000,25.838000,129.485000,26.281000,155,0,0,0,0,1,0,0,1,0,0,1,0,-1,0,0,-1,1,0,-1,1,0,-1,1
eu_phil_3bbbaaaa,129.485000,26.281000,130.000000,26.986000,155,0,0,0,0,1,0,0,1,0,0,1,0,-1,0,0,-1,1,0,-1,1,0,-1,1
eu_phil_3bbbaaab,130.000000,26.986000,130.515000,27.691000,155,0,0,0,0,1,0,0,1,0,0,1,0,-1,0,0,-1,1,0,-1,1,0,-1,1
eu_phil_3bbbaab,130.515000,27.691000,130.654000,28.131000,155,0,0,0,0,1,0,0,1,0,0,1,0,-1,0,0,-1,1,0,-1,1,0,-1,1
eu_phil_3bbbab,130.654000,28.131000,131.227000,28.404000,155,0,0,0,0,1,0,0,1,0,0,1,0,-1,0,0,-1,1,0,-1,1,0,-1,1
eu_phil_3bbbba,131.227000,28.404000,131.526000,28.956000,155,0,0,0,0,1,0,0,1,0,0,1,0,-1,0,0,-1,1,0,-1,1,0,-1,1
eu_phil_3bbbbb,131.526000,28.956000,131.826000,29.509000,155,0,0,0,0,1,0,0,1,0,0,1,0,-1,0,0,-1,1,0,-1,1,0,-1,1
eu_phil_4a,119.174000,16.681000,120.449000,19.844000,25,0,0,0,0,1,0,0,1,0,0,1,0,-1,0,0,-1,1,0,-1,1,0,-1,1
eu_phil_4ba,120.449000,19.844000,120.705000,21.738000,25,0,0,0,0,1,0,0,1,0,0,1,0,-1,0,0,-1,1,0,-1,1,0,-1,1
eu_phil_4bb,120.705000,21.738000,121.449000,22.906000,25,0,30,0,0,1,0,0,1,0,0,1,0,-1,0,0,-1,1,0,-1,1,0,-1,1
eu_phil_5,119.174000,16.681000,124.987000,14.687000,90,0,0,0,0,1,0,0,1,0,0,1,0,-1,0,0,-1,1,0,-1,1,0,-1,1
eu_phil_6,124.987000,14.687000,127.104000,4.015000,90,0,0,0,0,1,0,0,1,0,0,1,0,-1,0,0,-1,1,0,-1,1,0,-1,1
frontal_thrustaaa,71.925000,34.581000,74.859000,32.872000,160,0,0,0,0,1,0,0,1,0,0,1,0,-1,0,0,-1,1,0,-1,1,0,-1,1
frontal_thrustaab,74.859000,32.872000,80.960000,28.512000,160,0,0,0,0,1,0,0,1,0,0,1,0,-1,0,0,-1,1,0,-1,1,0,-1,1
frontal_thrustab,80.960000,28.512000,85.675000,26.987000,160,0,0,0,0,1,0,0,1,0,0,1,0,-1,0,0,-1,1,0,-1,1,0,-1,1
frontal_thrustba,85.675000,26.987000,93.100000,26.872000,160,0,0,0,0,1,0,0,1,0,0,1,0,-1,0,0,-1,1,0,-1,1,0,-1,1
frontal_thrustbba,93.100000,26.872000,94.613000,27.907000,160,0,0,0,0,1,0,0,1,0,0,1,0,-1,0,0,-1,1,0,-1,1,0,-1,1
frontal_thrustbbb,94.613000,27.907000,97.225000,28.023000,90,0,0,0,0,1,0,0,1,0,0,1,0,-1,0,0,-1,1,0,-1,1,0,-1,1
hidakaaaa,144.650000,40.994000,144.363000,41.220000,135,0,15,0,0,1,0,0,1,0,0,1,0,-1,0,0,-1,1,0,-1,1,0,-1,1
hidakaaab,144.363000,41.220000,143.998000,41.537000,135,0,15,0,0,1,0,0,1,0,0,1,0,-1,0,0,-1,1,0,-1,1,0,-1,1
hidakaabaa,143.998000,41.537000,143.858000,41.627000,135,0,15,0,0,1,0,0,1,0,0,1,0,-1,0,0,-1,1,0,-1,1,0,-1,1
hidakaabab,143.858000,41.627000,143.653000,41.764000,135,0,15,0,0,1,0,0,1,0,0,1,0,-1,0,0,-1,1,0,-1,1,0,-1,1
hidakaabba,143.653000,41.764000,143.313000,41.994000,135,0,15,0,0,1,0,0,1,0,0,1,0,-1,0,0,-1,1,0,-1,1,0,-1,1
hidakaabbbaab,141.941000,42.628000,141.839000,42.696000,135,0,15,0,0,1,0,0,1,0,0,1,0,-1,0,0,-1,1,0,-1,1,0,-1,1
hidakaabbbab,141.839000,42.696000,141.769000,42.780000,135,0,15,0,0,1,0,0,1,0,0,1,0,-1,0,0,-1,1,0,-1,1,0,-1,1
hiraaaa,135.876000,35.058000,135.918000,35.210000,135,0,15,0,0,1,0,0,1,0,0,1,0,-1,0,0,-1,1,0,-1,1,0,-1,1
hiraaab,135.918000,35.210000,136.016000,35.279000,135,0,15,0,0,1,0,0,1,0,0,1,0,-1,0,0,-1,1,0,-1,1,0,-1,1
hiraaba,136.016000,35.279000,136.032000,35.367000,135,0,15,0,0,1,0,0,1,0,0,1,0,-1,0,0,-1,1,0,-1,1,0,-1,1
hiraabb,136.032000,35.367000,136.025000,35.490000,45,0,15,0,0,1,0,0,1,0,0,1,0,-1,0,0,-1,1,0,-1,1,0,-1,1
hiraba,136.025000,35.490000,136.050000,35.574000,135,0,15,0,0,1,0,0,1,0,0,1,0,-1,0,0,-1,1,0,-1,1,0,-1,1
hirabb,136.050000,35.574000,136.133000,35.711000,135,0,15,0,0,1,0,0,1,0,0,1,0,-1,0,0,-1,1,0,-1,1,0,-1,1
hokk-sakhalinaaa,141.754000,42.843000,141.769000,42.780000,135,0,15,0,0,1,0,0,1,0,0,1,0,-1,0,0,-1,1,0,-1,1,0,-1,1
hokk-sakhalinaaba,141.754000,42.843000,141.733000,42.941000,150,0,15,0,0,1,0,0,1,0,0,1,0,-1,0,0,-1,1,0,-1,1,0,-1,1
hokk-sakhalinaabb,141.733000,42.941000,141.740000,43.075000,30,0,15,0,0,1,0,0,1,0,0,1,0,-1,0,0,-1,1,0,-1,1,0,-1,1
hokk-sakhalinaba,141.740000,43.075000,141.800000,43.244000,30,0,15,0,0,1,0,0,1,0,0,1,0,-1,0,0,-1,1,0,-1,1,0,-1,1
hokk-sakhalinabbaa,141.800000,43.244000,141.847000,43.538000,45,0,15,0,0,1,0,0,1,0,0,1,0,-1,0,0,-1,1,0,-1,1,0,-1,1
hokk-sakhalinabbab,141.847000,43.538000,141.910000,43.809000,45,0,15,0,0,1,0,0,1,0,0,1,0,-1,0,0,-1,1,0,-1,1,0,-1,1
hokk-sakhalinabbb,141.910000,43.809000,141.972000,44.442000,45,0,15,0,0,1,0,0,1,0,0,1,0,-1,0,0,-1,1,0,-1,1,0,-1,1
hokk-sakhalinbaaaa,141.972000,44.442000,141.964000,44.683000,135,0,15,0,0,1,0,0,1,0,0,1,0,-1,0,0,-1,1,0,-1,1,0,-1,1
hokk-sakhalinbaaaba,141.964000,44.683000,141.949000,44.866000,135,0,15,0,0,1,0,0,1,0,0,1,0,-1,0,0,-1,1,0,-1,1,0,-1,1
hokk-sakhalinbaaabb,141.949000,44.866000,141.925000,44.968000,135,0,15,0,0,1,0,0,1,0,0,1,0,-1,0,0,-1,1,0,-1,1,0,-1,1
hokk-sakhalinbaab,141.925000,44.968000,141.886000,45.166000,135,0,15,0,0,1,0,0,1,0,0,1,0,-1,0,0,-1,1,0,-1,1,0,-1,1
hokk-sakhalinbab,141.886000,45.166000,141.846000,45.431000,135,0,15,0,0,1,0,0,1,0,0,1,0,-1,0,0,-1,1,0,-1,1,0,-1,1
hokk-sakhalinbba,141.846000,45.431000,141.448000,46.555000,90,0,15,0,0,1,0,0,1,0,0,1,0,-1,0,0,-1,1,0,-1,1,0,-1,1
hokk-sakhalinbbb,141.448000,46.555000,141.276000,46.920000,90,0,15,0,0,1,0,0,1,0,0,1,0,-1,0,0,-1,1,0,-1,1,0,-1,1
hokk_japseaaa,140.706000,41.409000,140.698000,41.453000,45,0,15,0,0,1,0,0,1,0,0,1,0,-1,0,0,-1,1,0,-1,1,0,-1,1
hokk_japseaaba,140.698000,41.453000,140.497000,42.220000,45,0,15,0,0,1,0,1,1,0,0,1,0,-1,0,0,-1,1,0,-1,1,0,-1,1
hokk_japseaabba,140.497000,42.220000,140.471000,42.292000,45,0,15,0,0,1,0,1,1,0,0,1,0,-1,0,0,-1,1,0,-1,1,0,-1,1
hokk_japseaabbb,140.471000,42.292000,140.401000,42.526000,45,0,15,0,0,1,0,1,1,0,0,1,0,-1,0,0,-1,1,0,-1,1,0,-1,1
imp_east2b,139.225000,35.028000,139.169000,34.519000,70,0,15,0,0,1,0,0,1,0,0,1,0,-1,0,0,-1,1,0,-1,1,0,-1,1
imp_eastaa,137.803000,33.438000,138.718000,33.705000,90,0,15,0,0,1,0,0,1,0,0,1,0,-1,0,0,-1,1,0,-1,1,0,-1,1
imp_eastab,138.718000,33.705000,138.980000,33.992000,90,0,15,0,0,1,0,0,1,0,0,1,0,-1,0,0,-1,1,0,-1,1,0,-1,1
imp_eastb,138.980000,33.992000,139.169000,34.519000,110,0,15,0,0,1,0,0,1,0,0,1,0,-1,0,0,-1,1,0,-1,1,0,-1,1
ishikari,141.941000,42.628000,142.112000,42.462000,135,0,15,0,0,1,0,0,1,0,0,1,0,-1,0,0,-1,1,0,-1,1,0,-1,1
istl_conna,137.850000,37.094000,137.919000,37.329000,90,0,15,0,0,1,0,0,1,0,0,1,0,-1,0,0,-1,1,0,-1,1,0,-1,1
istl_connb,137.919000,37.329000,138.534000,37.923000,90,0,15,0,0,1,0,0,1,0,0,1,0,-1,0,0,-1,1,0,-1,1,0,-1,1
istlaa,138.078000,36.015000,138.181000,35.957000,90,0,15,0,0,1,0,0,1,0,0,1,0,-1,0,0,-1,1,0,-1,1,0,-1,1
istlaba,138.181000,35.957000,138.288000,35.858000,90,0,15,0,0,1,0,0,1,0,0,1,0,-1,0,0,-1,1,0,-1,1,0,-1,1
istlabb,138.288000,35.858000,138.395000,35.760000,45,0,15,0,0,1,0,0,1,0,0,1,0,-1,0,0,-1,1,0,-1,1,0,-1,1
istlba,138.395000,35.760000,138.442000,35.653000,30,0,15,0,0,1,0,0,1,0,0,1,0,-1,0,0,-1,1,0,-1,1,0,-1,1
istlbb,138.442000,35.653000,138.484000,35.543000,30,0,15,0,0,1,0,0,1,0,0,1,0,-1,0,1,5,14,0,-1,1,0,-1,1
j_back_arc_2aa,137.884000,36.437000,137.934000,36.273000,135,0,15,0,0,1,0,0,1,0,0,1,0,-1,0,0,-1,1,0,-1,1,0,-1,1
j_back_arc_2abaa,137.934000,36.273000,137.990000,36.175000,90,0,15,0,0,1,0,0,1,0,0,1,0,-1,0,0,-1,1,0,-1,1,0,-1,1
j_back_arc_2abab,137.990000,36.175000,138.047000,36.078000,90,0,15,0,0,1,0,0,1,0,0,1,0,-1,0,0,-1,1,0,-1,1,0,-1,1
j_back_arc_2abb,138.047000,36.078000,138.078000,36.015000,90,0,15,0,0,1,0,0,1,0,0,1,0,-1,0,0,-1,1,0,-1,1,0,-1,1
j_back_arc_2baaaaa,137.884000,36.437000,137.843000,36.562000,135,0,15,0,0,1,0,0,1,0,0,1,0,-1,0,0,-1,1,0,-1,1,0,-1,1
j_back_arc_2baaaab,137.843000,36.562000,137.856000,36.691000,45,0,15,0,0,1,0,0,1,0,0,1,0,-1,0,0,-1,1,0,-1,1,0,-1,1
j_back_arc_2baaaba,137.856000,36.691000,137.860000,36.883000,45,0,15,0,0,1,0,0,1,0,0,1,0,-1,0,0,-1,1,0,-1,1,0,-1,1
j_back_arc_2baaabb,137.860000,36.883000,137.850000,37.094000,90,0,15,0,0,1,0,0,1,0,0,1,0,-1,0,0,-1,1,0,-1,1,0,-1,1
j_back_arc_2babaa,138.534000,37.923000,138.534000,38.140000,90,0,35,0,0,1,0,0,1,0,0,1,0,-1,0,0,-1,1,0,-1,1,0,-1,1
j_back_arc_2babab,138.534000,38.140000,138.601000,38.461000,90,0,35,0,0,1,0,0,1,0,0,1,0,-1,0,0,-1,1,0,-1,1,0,-1,1
j_back_arc_2babbaa,138.601000,38.461000,138.872000,38.911000,90,0,40,0,0,1,0,0,1,0,0,1,0,-1,0,0,-1,1,0,-1,1,0,-1,1
j_back_arc_2babbab,138.872000,38.911000,139.149000,39.321000,90,0,40,0,0,1,0,0,1,0,0,1,0,-1,0,0,-1,1,0,-1,1,0,-1,1
j_back_arc_2babbba,139.149000,39.321000,139.600000,40.020000,90,0,40,0,0,1,0,0,1,0,0,1,0,-1,0,0,-1,1,0,-1,1,0,-1,1
j_back_arc_2babbbb,139.600000,40.020000,139.615000,40.657000,90,0,40,0,0,1,0,0,1,0,0,1,0,-1,0,0,-1,1,0,-1,1,0,-1,1
j_back_arc_2bbaaaa,139.615000,40.657000,139.482000,41.793000,90,0,35,0,0,1,0,0,1,0,0,1,0,-1,0,0,-1,1,0,-1,1,0,-1,1
j_back_arc_2bbaaab,139.482000,41.793000,139.415000,42.444000,90,0,25,0,0,1,0,0,1,0,0,1,0,-1,0,0,-1,1,0,-1,1,0,-1,1
j_back_arc_2bbaab,139.415000,42.444000,139.371000,43.179000,90,0,25,0,0,1,0,0,1,0,0,1,0,-1,0,0,-1,1,0,-1,1,0,-1,1
j_back_arc_2bbab,139.371000,43.179000,139.290000,43.790000,90,0,25,0,0,1,0,0,1,0,0,1,0,-1,0,0,-1,1,0,-1,1,0,-1,1
j_back_arc_2bbba,139.290000,43.790000,139.291000,43.817000,90,0,25,0,0,1,0,0,1,0,0,1,0,-1,0,0,-1,1,0,-1,1,0,-1,1
j_back_arc_2bbbbaa,139.291000,43.817000,139.312000,44.020000,90,0,25,0,0,1,0,0,1,0,0,1,0,-1,0,0,-1,1,0,-1,1,0,-1,1
j_back_arc_2bbbbab,139.312000,44.020000,139.347000,44.135000,90,0,25,0,0,1,0,0,1,0,0,1,0,-1,0,0,-1,1,0,-1,1,0,-1,1
j_back_arc_2bbbbb,139.347000,44.135000,139.381000,44.299000,90,0,25,0,0,1,0,0,1,0,0,1,0,-1,0,0,-1,1,0,-1,1,0,-1,1
j_cut_2aabaaa,138.974000,35.377000,139.024000,35.354000,160,0,30,0,0,1,0,0,1,0,0,1,0,2,1,0,-1,1,0,-1,1,0,-1,1
j_cut_2aabaab,139.024000,35.354000,139.120000,35.307000,160,0,30,0,0,1,0,0,1,0,0,1,0,2,1,0,-1,1,0,-1,1,0,-1,1
j_cut_2aababa,139.120000,35.307000,139.160000,35.270000,160,0,30,0,0,1,0,0,1,0,0,1,0,2,1,0,-1,1,0,-1,1,0,-1,1
j_cut_2aababb,139.160000,35.270000,139.194000,35.241000,160,0,30,0,0,1,0,0,1,0,0,1,0,2,1,0,-1,1,0,-1,1,0,-1,1
j_cut_2aabbaaa,139.194000,35.241000,139.223000,35.198000,160,0,30,0,0,1,0,0,1,0,0,1,0,2,1,0,-1,1,0,-1,1,0,-1,1
j_cut_2aabbaab,139.223000,35.198000,139.250000,35.145000,160,0,30,0,0,1,0,0,1,0,0,1,0,2,1,0,-1,1,0,-1,1,0,-1,1
j_cut_2aabbab,139.250000,35.145000,139.322000,35.019000,160,0,30,0,0,1,0,0,1,0,0,1,0,2,1,0,-1,1,0,-1,1,0,-1,1
j_cut_2aabbb,139.322000,35.019000,139.397000,34.903000,160,0,30,0,0,1,0,0,1,0,0,1,0,2,1,0,-1,1,0,-1,1,0,-1,1
j_cut_2abaa,139.397000,34.903000,139.496000,34.823000,168,0,30,0,0,1,0,0,1,0,0,1,0,2,1,0,-1,1,0,-1,1,0,-1,1
j_cut_2ababaa,139.496000,34.823000,139.562000,34.772000,168,0,30,0,0,1,0,0,1,0,0,1,0,2,1,0,-1,1,0,-1,1,0,-1,1
j_cut_2ababab,139.562000,34.772000,139.644000,34.734000,168,0,30,0,0,1,0,0,1,0,0,1,0,2,1,0,-1,1,0,-1,1,0,-1,1
j_cut_2ababba,139.644000,34.734000,139.762000,34.694000,168,0,30,0,0,1,0,0,1,0,0,1,0,2,1,0,-1,1,0,-1,1,0,-1,1
j_cut_2ababbbaa,139.762000,34.694000,139.867000,34.702000,168,0,30,0,0,1,0,0,1,0,0,1,0,2,1,0,-1,1,0,-1,1,0,-1,1
j_cut_2ababbbab,139.867000,34.702000,139.986000,34.718000,168,0,30,0,0,1,0,0,1,0,0,1,0,2,1,0,-1,1,0,-1,1,0,-1,1
j_cut_2ababbbb,139.986000,34.718000,140.058000,34.654000,168,0,30,0,0,1,0,0,1,0,0,1,0,2,1,0,-1,1,0,-1,1,0,-1,1
j_cut_2abba,140.058000,34.654000,140.127000,34.579000,167.5,0,25,0,0,1,0,0,1,0,0,1,0,2,1,0,-1,1,0,-1,1,0,-1,1
j_cut_2abbb,140.127000,34.579000,140.305000,34.460000,167.5,0,25,0,0,1,0,0,1,0,0,1,0,2,1,0,-1,1,0,-1,1,0,-1,1
j_cut_2ba,140.305000,34.460000,140.701000,34.324000,175,0,6.5,0,0,1,0,0,1,0,0,1,0,2,1,0,-1,1,0,-1,1,0,-1,1
j_cut_2bba,140.701000,34.324000,140.985000,34.268000,175,0,6.5,0,0,1,0,0,1,0,0,1,0,2,1,0,-1,1,0,-1,1,0,-1,1
j_cut_2bbbaaa,140.985000,34.268000,141.204000,34.289000,175,0,6.5,0,0,1,0,0,1,0,0,1,0,2,1,0,-1,1,0,-1,1,0,-1,1
j_cut_2bbbaab,141.204000,34.289000,141.319000,34.282000,175,0,6.5,0,0,1,0,0,1,0,0,1,0,2,1,0,-1,1,0,-1,1,0,-1,1
j_cut_2bbbaba,141.319000,34.282000,141.527000,34.253000,175,0,6.5,0,0,1,0,0,1,0,0,1,0,2,1,0,-1,1,0,-1,1,0,-1,1
j_cut_2bbbabb,141.527000,34.253000,141.735000,34.205000,175,0,6.5,0,0,1,0,0,1,0,0,1,0,2,1,0,-1,1,0,-1,1,0,-1,1
j_cut_2bbbba,141.735000,34.205000,141.820000,34.175000,175,0,6.5,0,0,1,0,0,1,0,0,1,0,2,1,0,-1,1,0,-1,1,0,-1,1
j_cut_2bbbbba,141.820000,34.175000,141.912000,34.157000,175,0,6.5,0,0,1,0,0,1,0,0,1,0,2,1,0,-1,1,0,-1,1,0,-1,1
j_cut_2bbbbbb,141.912000,34.157000,142.063000,34.129000,175,0,6.5,0,0,1,0,0,1,0,0,1,0,2,1,0,-1,1,0,-1,1,0,-1,1
kanazawaaa,140.706000,39.206000,140.736000,39.388000,45,0,15,0,0,1,0,0,1,0,0,1,0,-1,0,0,-1,1,0,-1,1,0,-1,1
kanazawaaba,140.736000,39.388000,140.826000,39.507000,45,0,15,0,0,1,0,0,1,0,0,1,0,-1,0,0,-1,1,0,-1,1,0,-1,1
kanazawaabb,140.826000,39.507000,140.932000,39.706000,45,0,15,0,0,1,0,0,1,0,0,1,0,-1,0,0,-1,1,0,-1,1,0,-1,1
kanazawabaa,140.932000,39.706000,140.980000,40.037000,45,0,15,0,0,1,0,0,1,0,0,1,0,-1,0,0,-1,1,0,-1,1,0,-1,1
kanazawabab,140.980000,40.037000,140.946000,40.339000,45,0,15,0,0,1,0,0,1,0,0,1,0,-1,0,0,-1,1,0,-1,1,0,-1,1
kanazawabb,140.946000,40.339000,140.847000,40.765000,45,0,15,0,0,1,0,0,1,0,0,1,0,-1,0,0,-1,1,0,-1,1,0,-1,1
kurokura,138.974000,35.377000,139.720000,35.935000,90,0,15,0,0,1,0,0,1,0,0,1,0,-1,0,0,-1,1,0,-1,1,0,-1,1
median_tectonic_lineaaabaa,132.677000,33.731000,132.755000,33.772000,120,0,15,0,0,1,0,0,1,0,0,1,0,-1,0,0,-1,1,0,-1,1,0,-1,1
median_tectonic_lineaaabaa,132.677000,33.731000,131.989000,33.424000,120,0,15,0,0,1,0,0,1,0,0,1,0,-1,0,0,-1,1,0,-1,1,0,-1,1
median_tectonic_lineaaababa,132.755000,33.772000,132.905000,33.798000,90,0,15,0,0,1,0,0,1,0,0,1,0,-1,0,0,-1,1,0,-1,1,0,-1,1
median_tectonic_lineaaababba,132.905000,33.798000,132.974000,33.831000,90,0,15,0,0,1,0,0,1,0,0,1,0,-1,0,0,-1,1,0,-1,1,0,-1,1
median_tectonic_lineaaababbb,132.974000,33.831000,133.095000,33.877000,90,0,15,0,0,1,0,0,1,0,0,1,0,-1,0,0,-1,1,0,-1,1,0,-1,1
median_tectonic_lineaaabb,133.095000,33.877000,133.250000,33.902000,90,0,15,0,0,1,0,0,1,0,0,1,0,-1,0,0,-1,1,0,-1,1,0,-1,1
median_tectonic_lineaabaa,133.250000,33.902000,133.627000,33.977000,90,0,15,0,0,1,0,0,1,0,0,1,0,-1,0,0,-1,1,0,-1,1,0,-1,1
median_tectonic_lineaabab,133.627000,33.977000,133.857000,34.042000,120,0,15,0,0,1,0,0,1,0,0,1,0,-1,0,0,-1,1,0,-1,1,0,-1,1
median_tectonic_lineaabba,133.857000,34.042000,134.097000,34.068000,120,1,15,0,0,1,0,0,1,0,0,1,0,-1,0,1,-9,-6,0,-1,1,0,-1,1
median_tectonic_lineaabbb,134.097000,34.068000,134.768000,34.195000,120,1,15,0,0,1,0,0,1,0,0,1,0,-1,0,0,-1,1,0,-1,1,0,-1,1
median_tectonic_lineabaaaa,134.768000,34.195000,134.890000,34.345000,90,0,15,0,0,1,0,0,1,0,0,1,0,-1,0,0,-1,1,0,-1,1,0,-1,1
median_tectonic_lineabaaab,134.890000,34.345000,134.949000,34.466000,90,0,15,0,0,1,0,0,1,0,0,1,0,-1,0,0,-1,1,0,-1,1,0,-1,1
median_tectonic_lineabaab,134.949000,34.466000,135.199000,34.707000,90,0,15,0,0,1,0,0,1,0,0,1,0,-1,0,0,-1,1,0,-1,1,0,-1,1
median_tectonic_lineababa,135.199000,34.707000,135.337000,34.788000,90,0,15,0,0,1,0,0,1,0,0,1,0,-1,0,0,-1,1,0,-1,1,0,-1,1
median_tectonic_lineababb,135.337000,34.788000,135.467000,34.829000,90,0,15,0,0,1,0,0,1,0,0,1,0,-1,0,0,-1,1,0,-1,1,0,-1,1
mex-coast,253.920000,18.860000,268.640000,12.880000,90,0,0,0,0,1,0,0,1,0,0,1,0,-1,0,0,-1,1,0,-1,1,0,-1,1
mtl-conn1a,135.467000,34.829000,135.652000,34.856000,90,0,15,0,0,1,0,0,1,0,0,1,0,-1,0,0,-1,1,0,-1,1,0,-1,1
mtl-conn1baa,135.652000,34.856000,135.730000,34.862000,90,0,15,0,0,1,0,0,1,0,0,1,0,-1,0,0,-1,1,0,-1,1,0,-1,1
mtl-conn1bab,135.730000,34.862000,135.775000,34.892000,90,0,15,0,0,1,0,0,1,0,0,1,0,-1,0,0,-1,1,0,-1,1,0,-1,1
mtl-conn1bba,135.775000,34.892000,135.831000,34.976000,90,0,15,0,0,1,0,0,1,0,0,1,0,-1,0,0,-1,1,0,-1,1,0,-1,1
mtl-conn1bbb,135.831000,34.976000,135.876000,35.058000,90,0,15,0,0,1,0,0,1,0,0,1,0,-1,0,0,-1,1,0,-1,1,0,-1,1
muikamachia,138.334000,36.727000,138.387000,36.856000,135,0,10,0,0,1,0,0,1,0,0,1,0,-1,0,0,-1,1,0,-1,1,0,-1,1
muikamachibaaa,138.387000,36.856000,138.599000,37.104000,135,0,15,0,0,1,0,0,1,0,0,1,0,-1,0,0,-1,1,0,-1,1,0,-1,1
muikamachibaab,138.599000,37.104000,138.771000,37.333000,135,0,15,0,0,1,0,0,1,0,0,1,0,-1,0,0,-1,1,0,-1,1,0,-1,1
muikamachibabaa,138.771000,37.333000,138.927000,37.523000,135,0,15,0,0,1,0,0,1,0,0,1,0,-1,0,0,-1,1,0,-1,1,0,-1,1
muikamachibabab,138.927000,37.523000,139.022000,37.717000,135,0,15,0,0,1,0,0,1,0,0,1,0,-1,0,0,-1,1,0,-1,1,0,-1,1
muikamachibabba,139.022000,37.717000,139.141000,37.811000,135,0,15,0,0,1,0,0,1,0,0,1,0,-1,0,0,-1,1,0,-1,1,0,-1,1
muikamachibabbb,139.141000,37.811000,139.322000,37.920000,135,0,5,0,0,1,0,0,1,0,0,1,0,-1,0,0,-1,1,0,-1,1,0,-1,1
muikamachibb,139.322000,37.920000,139.419000,38.021000,135,0,0,0,0,1,0,0,1,0,0,1,0,-1,0,0,-1,1,0,-1,1,0,-1,1
n_ridge_1aaaa,131.794000,33.351000,131.514000,33.299000,120,0,15,0,0,1,0,0,1,0,0,1,0,-1,0,0,-1,1,0,-1,1,0,-1,1
n_ridge_1aaab,131.514000,33.299000,131.406000,33.259000,120,0,15,0,0,1,0,0,1,0,0,1,0,-1,0,0,-1,1,0,-1,1,0,-1,1
n_ridge_1aaba,131.406000,33.259000,131.236000,33.208000,120,0,15,0,0,1,0,0,1,0,0,1,0,-1,0,0,-1,1,0,-1,1,0,-1,1
n_ridge_1aabb,131.236000,33.208000,131.109000,33.102000,90,0,15,0,0,1,0,0,1,0,0,1,0,-1,0,0,-1,1,0,-1,1,0,-1,1
n_ridge_1aba,131.109000,33.102000,130.917000,32.959000,90,0,15,0,0,1,0,0,1,0,0,1,0,-1,0,0,-1,1,0,-1,1,0,-1,1
n_ridge_1abb,130.917000,32.959000,130.829000,32.908000,90,0,15,0,0,1,0,0,1,0,0,1,0,-1,0,0,-1,1,0,-1,1,0,-1,1
n_ridge_2a,121.776000,24.283000,121.917000,24.812000,90,0,15,0,0,1,0,0,1,0,0,1,0,-1,0,0,-1,1,0,-1,1,0,-1,1
n_ridge_2baaaaa,121.917000,24.812000,122.486000,24.909000,90,0,5,0,0,1,0,0,1,0,0,1,0,-1,0,0,-1,1,0,-1,1,0,-1,1
n_ridge_2baaaab,122.486000,24.909000,123.194000,24.854000,90,0,5,0,0,1,0,0,1,0,0,1,0,-1,0,0,-1,1,0,-1,1,0,-1,1
n_ridge_2baaab,123.194000,24.854000,123.717000,24.895000,90,0,5,0,0,1,0,0,1,0,0,1,0,-1,0,0,-1,1,0,-1,1,0,-1,1
n_ridge_2baab,123.717000,24.895000,123.785000,24.909000,90,0,5,0,0,1,0,0,1,0,0,1,0,-1,0,0,-1,1,0,-1,1,0,-1,1
n_ridge_2bab,123.785000,24.909000,124.686000,25.143000,90,0,5,0,0,1,0,0,1,0,0,1,0,-1,0,0,-1,1,0,-1,1,0,-1,1
n_ridge_2bb,124.686000,25.143000,124.671000,25.473000,90,0,5,0,0,1,0,0,1,0,0,1,0,-1,0,0,-1,1,0,-1,1,0,-1,1
n_ridge_3aaaaaaa,124.671000,25.473000,125.732000,25.652000,90,0,5,0,0,1,0,0,1,0,0,1,0,-1,0,0,-1,1,0,-1,1,0,-1,1
n_ridge_3aaaaaab,125.732000,25.652000,125.640000,25.914000,90,0,5,0,0,1,0,0,1,0,0,1,0,-1,0,0,-1,1,0,-1,1,0,-1,1
n_ridge_3aaaaaba,125.640000,25.914000,126.101000,26.135000,90,0,5,0,0,1,0,0,1,0,0,1,0,-1,0,0,-1,1,0,-1,1,0,-1,1
n_ridge_3aaaaabb,126.101000,26.135000,126.363000,26.369000,90,0,5,0,0,1,0,0,1,0,0,1,0,-1,0,0,-1,1,0,-1,1,0,-1,1
n_ridge_3aaaab,126.363000,26.369000,126.439000,26.520000,90,0,5,0,0,1,0,0,1,0,0,1,0,-1,0,0,-1,1,0,-1,1,0,-1,1
n_ridge_3aaab,126.439000,26.520000,126.809000,26.823000,90,0,5,0,0,1,0,0,1,0,0,1,0,-1,0,0,-1,1,0,-1,1,0,-1,1
n_ridge_3aabaa,126.809000,26.823000,126.752000,26.972000,90,0,5,0,0,1,0,0,1,0,0,1,0,-1,0,0,-1,1,0,-1,1,0,-1,1
n_ridge_3aababa,126.752000,26.972000,126.885000,27.154000,90,0,5,0,0,1,0,0,1,0,0,1,0,-1,0,0,-1,1,0,-1,1,0,-1,1
n_ridge_3aababb,126.885000,27.154000,127.408000,27.484000,90,0,5,0,0,1,0,0,1,0,0,1,0,-1,0,0,-1,1,0,-1,1,0,-1,1
n_ridge_3aabb,127.408000,27.484000,127.325000,27.643000,90,0,5,0,0,1,0,0,1,0,0,1,0,-1,0,0,-1,1,0,-1,1,0,-1,1
na-e,285.123000,83.254000,268.640000,12.880000,90,0,15,0,0,1,0,0,1,0,0,1,0,-1,0,0,-1,1,0,-1,1,0,-1,1
neodaniaaa,137.200000,35.203000,137.158000,35.270000,90,0,15,0,0,1,0,0,1,0,0,1,0,-1,0,0,-1,1,0,-1,1,0,-1,1
neodaniaab,137.158000,35.270000,136.890000,35.428000,90,0,15,0,0,1,0,0,1,0,0,1,0,-1,0,0,-1,1,0,-1,1,0,-1,1
neodaniaba,136.890000,35.428000,136.713000,35.520000,90,0,15,0,0,1,0,0,1,0,0,1,0,-1,0,0,-1,1,0,-1,1,0,-1,1
neodaniabb,136.713000,35.520000,136.550000,35.726000,90,0,15,0,0,1,0,0,1,0,0,1,0,-1,0,0,-1,1,0,-1,1,0,-1,1
neodanib,136.550000,35.726000,136.375000,35.886000,90,0,15,0,0,1,0,0,1,0,0,1,0,-1,0,0,-1,1,0,-1,1,0,-1,1
neryu,130.000000,26.986000,128.531000,28.366000,90,0,15,0,0,1,0,0,1,0,0,1,0,-1,0,0,-1,1,0,-1,1,0,-1,1
nktz2,136.898000,36.211000,136.375000,35.886000,90,0,15,0,0,1,0,0,1,0,0,1,0,-1,0,0,-1,1,0,-1,1,0,-1,1
nktz3,136.375000,35.886000,136.133000,35.711000,90,0,15,0,0,1,0,0,1,0,0,1,0,-1,0,0,-1,1,0,-1,1,0,-1,1
nnktzaa,138.334000,36.727000,138.226000,36.671000,135,0,15,0,0,1,0,0,1,0,0,1,0,-1,0,0,-1,1,0,-1,1,0,-1,1
nnktzab,138.226000,36.671000,138.121000,36.611000,135,0,15,0,0,1,0,0,1,0,0,1,0,-1,0,0,-1,1,0,-1,1,0,-1,1
nnktzb,138.121000,36.611000,137.843000,36.562000,90,0,15,0,0,1,0,0,1,0,0,1,0,-1,0,0,-1,1,0,-1,1,0,-1,1
nw-izua,138.974000,35.377000,138.834000,35.354000,135,0,15,0,0,1,0,0,1,0,0,1,0,-1,0,0,-1,1,0,-1,1,0,-1,1
nw-izub,138.834000,35.354000,138.547000,35.297000,135,0,15,0,0,1,0,0,1,0,0,1,0,-1,0,0,-1,1,0,-1,1,0,-1,1
nwhonshu-sojaa,141.276000,46.920000,140.425000,46.024000,90,0,15,0,0,1,0,0,1,0,0,1,0,-1,0,0,-1,1,0,-1,1,0,-1,1
ok_eu_1,144.880000,65.161000,142.201000,68.038000,90,0,15,0,0,1,0,0,1,0,0,1,0,-1,0,0,-1,1,0,-1,1,0,-1,1
ok_eu_2ab,142.376000,54.096000,141.439000,56.281000,90,0,15,0,0,1,0,0,1,0,0,1,0,-1,0,0,-1,1,0,-1,1,0,-1,1
ok_eu_2baa,141.439000,56.281000,142.007000,59.925000,90,0,15,0,0,1,0,0,1,0,0,1,0,-1,0,0,-1,1,0,-1,1,0,-1,1
ok_eu_2bab,142.007000,59.925000,146.852000,61.850000,90,0,15,0,0,1,0,0,1,0,0,1,0,-1,0,0,-1,1,0,-1,1,0,-1,1
ok_eu_2bb,146.852000,61.850000,144.880000,65.161000,90,0,15,0,0,1,0,0,1,0,0,1,0,-1,0,0,-1,1,0,-1,1,0,-1,1
okhostk1,162.646000,56.387000,164.025000,55.235000,90,0,15,0,0,1,0,0,1,0,0,1,0,-1,0,0,-1,1,0,-1,1,0,-1,1
okin-yang,129.107000,31.359000,129.337000,31.861000,90,0,15,0,0,1,0,0,1,0,0,1,0,-1,0,0,-1,1,0,-1,1,0,-1,1
okinawa_connaaa,127.325000,27.643000,128.531000,28.366000,90,0,5,0,0,1,0,0,1,0,0,1,0,-1,0,0,-1,1,0,-1,1,0,-1,1
okinawa_connaab,128.531000,28.366000,128.316000,28.698000,90,0,5,0,0,1,0,0,1,0,0,1,0,-1,0,0,-1,1,0,-1,1,0,-1,1
okinawa_connab,128.316000,28.698000,129.044000,29.346000,90,0,5,0,0,1,0,0,1,0,0,1,0,-1,0,0,-1,1,0,-1,1,0,-1,1
okinawa_connbaaa,129.044000,29.346000,128.650000,29.879000,90,0,5,0,0,1,0,0,1,0,0,1,0,-1,0,0,-1,1,0,-1,1,0,-1,1
okinawa_connbaaba,128.650000,29.879000,128.875000,30.087000,90,0,5,0,0,1,0,0,1,0,0,1,0,-1,0,0,-1,1,0,-1,1,0,-1,1
okinawa_connbaabb,128.875000,30.087000,128.843000,30.350000,90,0,5,0,0,1,0,0,1,0,0,1,0,-1,0,0,-1,1,0,-1,1,0,-1,1
okinawa_connbab,128.843000,30.350000,128.905000,30.662000,90,0,5,0,0,1,0,0,1,0,0,1,0,-1,0,0,-1,1,0,-1,1,0,-1,1
okinawa_connbb,128.905000,30.662000,129.107000,31.359000,90,0,5,0,0,1,0,0,1,0,0,1,0,-1,0,0,-1,1,0,-1,1,0,-1,1
pac-s,158.700000,-59.800000,242.880000,-54.280000,90,0,0,0,0,1,0,0,1,0,0,1,0,-1,0,0,-1,1,0,-1,1,0,-1,1
pac_12aaa,147.688000,19.393000,147.853000,17.156000,25,0,0,0,0,1,0,0,1,0,0,1,0,-1,0,0,-1,1,0,-1,1,0,-1,1
pac_12aab,147.853000,17.156000,146.863000,13.258000,155,0,0,0,0,1,0,0,1,0,0,1,0,-1,0,0,-1,1,0,-1,1,0,-1,1
pac_12abaa,146.863000,13.258000,141.543000,10.920000,155,0,0,0,0,1,0,0,1,0,0,1,0,-1,0,0,-1,1,0,-1,1,0,-1,1
pac_12abab,141.543000,10.920000,138.750000,10.789000,155,0,0,0,0,1,0,0,1,0,0,1,0,-1,0,0,-1,1,0,-1,1,0,-1,1
pac_12abba,138.750000,10.789000,137.120000,7.497000,155,0,0,0,0,1,0,0,1,0,0,1,0,-1,0,0,-1,1,0,-1,1,0,-1,1
pac_12abbb,137.120000,7.497000,134.488000,6.837000,155,0,0,0,0,1,0,0,1,0,0,1,0,-1,0,0,-1,1,0,-1,1,0,-1,1
pac_12b,134.488000,6.837000,132.700000,3.746000,155,0,0,0,0,1,0,0,1,0,0,1,0,-1,0,0,-1,1,0,-1,1,0,-1,1
pac_19,127.104000,4.015000,127.998000,1.218000,90,0,0,0,0,1,0,0,1,0,0,1,0,-1,0,0,-1,1,0,-1,1,0,-1,1
pac_20a,127.998000,1.218000,132.425000,0.416000,90,0,0,0,0,1,0,0,1,0,0,1,0,-1,0,0,-1,1,0,-1,1,0,-1,1
pac_20b,132.425000,0.416000,152.121000,-2.852000,90,0,0,0,0,1,0,0,1,0,0,1,0,-1,0,0,-1,1,0,-1,1,0,-1,1
pac_22,152.121000,-2.852000,164.629000,-9.718000,90,0,0,0,0,1,0,0,1,0,0,1,0,-1,0,0,-1,1,0,-1,1,0,-1,1
pac_23,164.629000,-9.718000,167.905000,-16.076000,90,0,0,0,0,1,0,0,1,0,0,1,0,-1,0,0,-1,1,0,-1,1,0,-1,1
pac_24a,167.905000,-16.076000,185.840000,-15.180000,90,0,0,0,0,1,0,0,1,0,0,1,0,-1,0,0,-1,1,0,-1,1,0,-1,1
pac_crossa,242.880000,-54.280000,253.920000,18.860000,90,0,0,0,0,1,0,0,1,0,0,1,0,-1,0,0,-1,1,0,-1,1,0,-1,1
pac_crossb,222.518000,58.648000,253.920000,18.860000,90,0,0,0,0,1,0,0,1,0,0,1,0,-1,0,0,-1,1,0,-1,1,0,-1,1
pac_na_6aa,214.594000,59.586000,217.715000,60.500000,90,0,0,0,0,1,0,0,1,0,0,1,0,-1,0,0,-1,1,0,-1,1,0,-1,1
pac_na_6aba,217.715000,60.500000,220.258000,60.336000,90,0,0,0,0,1,0,0,1,0,0,1,0,-1,0,0,-1,1,0,-1,1,0,-1,1
pac_na_6abb,220.258000,60.336000,222.518000,58.648000,90,0,0,0,0,1,0,0,1,0,0,1,0,-1,0,0,-1,1,0,-1,1,0,-1,1
pac_na_6b,204.236000,54.617000,208.477000,56.234000,90,0,0,0,0,1,0,0,1,0,0,1,0,-1,0,0,-1,1,0,-1,1,0,-1,1
pac_na_7a,208.477000,56.234000,212.105000,57.523000,90,0,0,0,0,1,0,0,1,0,0,1,0,-1,0,0,-1,1,0,-1,1,0,-1,1
pac_na_7b,212.105000,57.523000,214.594000,59.586000,90,0,0,0,0,1,0,0,1,0,0,1,0,-1,0,0,-1,1,0,-1,1,0,-1,1
pac_sub_1aaaaaa,142.063000,34.129000,142.204000,34.710000,160,0,0,0,0,1,0,0,1,0,0,1,0,1,1,0,-1,1,0,-1,1,0,-1,1
pac_sub_1aaaaab,142.204000,34.710000,142.263000,35.110000,160,0,0,0,0,1,0,0,1,0,0,1,0,1,1,0,-1,1,0,-1,1,0,-1,1
pac_sub_1aaaab,142.263000,35.110000,142.343000,35.391000,160,0,0,0,0,1,0,0,1,0,0,1,0,1,1,0,-1,1,0,-1,1,0,-1,1
pac_sub_1aaaba,142.343000,35.391000,142.474000,35.827000,160,0,18,0,0,1,0,0,1,0,0,1,0,1,1,0,-1,1,0,-1,1,0,-1,1
pac_sub_1aaabb,142.474000,35.827000,142.743000,36.236000,160,0,23,0,0,1,0,0,1,0,0,1,0,1,1,0,-1,1,0,-1,1,0,-1,1
pac_sub_1aab,142.743000,36.236000,143.361000,37.021000,160,0,50,0,0,1,0,0,1,0,0,1,0,1,1,0,-1,1,0,-1,1,0,-1,1
pac_sub_1ab,143.361000,37.021000,143.644000,37.612000,160,0,31,0,0,1,0,0,1,0,85,5,1,1,1,0,-1,1,0,-1,1,0,-1,1
pac_sub_1baaa,143.644000,37.612000,143.861000,38.214000,160,0,60,0,0,1,0,0,1,0,0,1,0,1,1,0,-1,1,0,-1,1,0,-1,1
pac_sub_1baab,143.861000,38.214000,143.926000,38.414000,160,0,65,0,0,1,0,0,1,0,0,1,0,1,1,0,-1,1,0,-1,1,0,-1,1
pac_sub_1babaa,143.926000,38.414000,144.005000,38.604000,160,0,55,0,0,1,0,0,1,0,0,1,0,1,1,0,-1,1,0,-1,1,0,-1,1
pac_sub_1babab,144.005000,38.604000,144.058000,38.738000,160,0,40,0,0,1,0,0,1,0,0,1,0,1,1,0,-1,1,0,-1,1,0,-1,1
pac_sub_1babb,144.058000,38.738000,144.155000,39.074000,160,0,35,0,0,1,0,0,1,0,0,1,0,1,1,0,-1,1,0,-1,1,0,-1,1
pac_sub_1bbaa,144.155000,39.074000,144.222000,39.464000,160,0,20,0,0,1,0,0,1,0,0,1,0,1,1,0,-1,1,0,-1,1,0,-1,1
pac_sub_1bbab,144.222000,39.464000,144.288000,40.036000,160,0,22,0,0,1,0,0,1,0,0,1,0,1,1,0,-1,1,0,-1,1,0,-1,1
pac_sub_1bbba,144.288000,40.036000,144.466000,40.488000,160,0,30,0,0,1,0,0,1,0,0,1,0,1,1,0,-1,1,0,-1,1,0,-1,1
pac_sub_1bbbb,144.466000,40.488000,144.650000,40.994000,160,0,30,0,0,1,0,0,1,0,0,1,0,1,1,0,-1,1,0,-1,1,0,-1,1
pac_sub_2aaaaaa,144.650000,40.994000,144.878000,41.202000,160,0,50,0,0,1,0,0,1,0,0,1,0,1,1,0,-1,1,0,-1,1,0,-1,1
pac_sub_2aaaaab,144.878000,41.202000,145.187000,41.381000,160,0,50,0,0,1,0,0,1,0,0,1,0,1,1,0,-1,1,0,-1,1,0,-1,1
pac_sub_2aaaab,145.187000,41.381000,145.832000,41.649000,160,0,50,0,0,1,0,0,1,0,0,1,0,1,1,0,-1,1,0,-1,1,0,-1,1
pac_sub_2aaab,145.832000,41.649000,146.738000,42.101000,160,0,50,0,0,1,0,0,1,0,0,1,0,1,1,0,-1,1,0,-1,1,0,-1,1
pac_sub_2aabaa,146.738000,42.101000,147.331000,42.401000,160,0,50,0,0,1,0,0,1,0,0,1,0,-1,0,0,-1,1,0,-1,1,0,-1,1
pac_sub_2aabab,147.331000,42.401000,147.706000,42.695000,160,0,50,0,0,1,0,0,1,0,0,1,0,-1,0,0,-1,1,0,-1,1,0,-1,1
pac_sub_2aabb,147.706000,42.695000,149.764000,43.952000,160,0,50,0,0,1,0,0,1,0,0,1,0,-1,0,0,-1,1,0,-1,1,0,-1,1
pac_sub_2aba,149.764000,43.952000,152.590000,45.316000,160,0,50,0,0,1,0,0,1,0,0,1,0,-1,0,0,-1,1,0,-1,1,0,-1,1
pac_sub_2abb,152.590000,45.316000,153.515000,45.887000,160,0,50,0,0,1,0,0,1,0,0,1,0,-1,0,0,-1,1,0,-1,1,0,-1,1
pac_sub_2baa,153.515000,45.887000,155.450000,47.516000,160,0,40,0,0,1,0,0,1,0,0,1,0,-1,0,0,-1,1,0,-1,1,0,-1,1
pac_sub_2baba,155.450000,47.516000,157.083000,48.699000,160,0,45,0,0,1,0,0,1,0,0,1,0,-1,0,0,-1,1,0,-1,1,0,-1,1
pac_sub_2babba,157.083000,48.699000,158.114000,49.543000,160,0,40,0,0,1,0,0,1,0,0,1,0,-1,0,0,-1,1,0,-1,1,0,-1,1
pac_sub_2babbb,158.114000,49.543000,159.156000,50.152000,160,0,35,0,0,1,0,0,1,0,0,1,0,-1,0,0,-1,1,0,-1,1,0,-1,1
pac_sub_2bba,159.156000,50.152000,160.596000,51.477000,160,0,35,0,0,1,0,0,1,0,0,1,0,-1,0,0,-1,1,0,-1,1,0,-1,1
pac_sub_2bbba,160.596000,51.477000,160.961000,52.168000,160,0,35,0,0,1,0,0,1,0,0,1,0,-1,0,0,-1,1,0,-1,1,0,-1,1
pac_sub_2bbbbaa,160.961000,52.168000,161.556000,52.648000,160,0,35,0,0,1,0,0,1,0,0,1,0,-1,0,0,-1,1,0,-1,1,0,-1,1
pac_sub_2bbbbab,161.556000,52.648000,162.444000,52.977000,160,0,35,0,0,1,0,0,1,0,0,1,0,-1,0,0,-1,1,0,-1,1,0,-1,1
pac_sub_2bbbbba,162.444000,52.977000,163.251000,54.277000,160,0,35,0,0,1,0,0,1,0,0,1,0,-1,0,0,-1,1,0,-1,1,0,-1,1
pac_sub_2bbbbbb,163.251000,54.277000,164.025000,55.235000,160,0,35,0,0,1,0,0,1,0,0,1,0,-1,0,0,-1,1,0,-1,1,0,-1,1
phil_pac_11,146.646000,21.476000,147.688000,19.393000,25,0,0,0,0,1,0,0,1,0,0,1,0,-1,0,0,-1,1,0,-1,1,0,-1,1
phil_pac_1aaaa,142.063000,34.129000,142.110000,33.371000,25,0,50,0,0,1,0,0,1,0,0,1,0,-1,0,0,-1,1,0,-1,1,0,-1,1
phil_pac_1aaab,142.110000,33.371000,142.149000,32.615000,25,0,50,0,0,1,0,0,1,0,0,1,0,-1,0,0,-1,1,0,-1,1,0,-1,1
phil_pac_1aab,142.149000,32.615000,142.235000,31.132000,25,0,50,0,0,1,0,0,1,0,0,1,0,-1,0,0,-1,1,0,-1,1,0,-1,1
phil_pac_1aba,142.235000,31.132000,142.762000,29.117000,25,0,0,0,0,1,0,0,1,0,0,1,0,-1,0,0,-1,1,0,-1,1,0,-1,1
phil_pac_1abb,142.762000,29.117000,143.288000,27.102000,25,0,0,0,0,1,0,0,1,0,0,1,0,-1,0,0,-1,1,0,-1,1,0,-1,1
phil_pac_1ba,143.288000,27.102000,143.046000,24.954000,155,0,0,0,0,1,0,0,1,0,0,1,0,-1,0,0,-1,1,0,-1,1,0,-1,1
phil_pac_1bb,143.046000,24.954000,144.018000,23.880000,25,0,0,0,0,1,0,0,1,0,0,1,0,-1,0,0,-1,1,0,-1,1,0,-1,1
phil_pac_2,144.018000,23.880000,146.646000,21.476000,25,0,0,0,0,1,0,0,1,0,0,1,0,-1,0,0,-1,1,0,-1,1,0,-1,1
ps-aus,132.700000,3.746000,132.425000,0.416000,155,0,0,0,0,1,0,0,1,0,0,1,0,-1,0,0,-1,1,0,-1,1,0,-1,1
rryu-taiwa,122.975000,23.434000,122.205000,23.808000,155,0,0,0,0,1,0,0,1,0,0,1,0,-1,0,0,-1,1,0,-1,1,0,-1,1
rryu-taiwb,122.205000,23.808000,121.776000,24.283000,155,0,0,0,0,1,0,0,1,0,0,1,0,-1,0,0,-1,1,0,-1,1,0,-1,1
ryukyu-s,125.631000,23.384000,124.686000,25.143000,90,0,15,0,0,1,0,0,1,0,0,1,0,-1,0,0,-1,1,0,-1,1,0,-1,1
sagang_1aaa,96.125000,14.101000,96.036000,18.593000,90,0,0,0,0,1,0,0,1,0,0,1,0,-1,0,0,-1,1,0,-1,1,0,-1,1
sagang_1aab,96.036000,18.593000,95.713000,23.650000,90,0,0,0,0,1,0,0,1,0,0,1,0,-1,0,0,-1,1,0,-1,1,0,-1,1
sagang_1ab,97.225000,28.023000,95.713000,23.650000,90,0,0,0,0,1,0,0,1,0,0,1,0,-1,0,0,-1,1,0,-1,1,0,-1,1
sakashitaa,137.684000,35.449000,137.228000,35.837000,90,0,15,0,0,1,0,0,1,0,0,1,0,-1,0,0,-1,1,0,-1,1,0,-1,1
sakashitaba,137.228000,35.837000,137.039000,35.970000,90,0,15,0,0,1,0,0,1,0,0,1,0,-1,0,0,-1,1,0,-1,1,0,-1,1
sakashitabb,137.039000,35.970000,136.898000,36.211000,90,0,15,0,0,1,0,0,1,0,0,1,0,-1,0,0,-1,1,0,-1,1,0,-1,1
sakhalinw,142.639000,48.782000,142.376000,54.096000,90,0,15,0,0,1,0,0,1,0,0,1,0,-1,0,0,-1,1,0,-1,1,0,-1,1
salekina,141.276000,46.920000,142.639000,48.782000,90,0,15,0,0,1,0,0,1,0,0,1,0,-1,0,0,-1,1,0,-1,1,0,-1,1
sekiyaa,139.879000,36.850000,139.852000,36.270000,135,0,15,0,0,1,0,0,1,0,0,1,0,-1,0,0,-1,1,0,-1,1,0,-1,1
sekiyab,139.852000,36.270000,139.720000,35.935000,135,0,15,0,0,1,0,0,1,0,0,1,0,-1,0,0,-1,1,0,-1,1,0,-1,1
shimabara_newaaa,130.829000,32.908000,130.648000,32.824000,90,0,15,0,0,1,0,0,1,0,0,1,0,-1,0,0,-1,1,0,-1,1,0,-1,1
shimabara_newaaba,130.648000,32.824000,130.527000,32.801000,90,0,15,0,0,1,0,0,1,0,0,1,0,-1,0,0,-1,1,0,-1,1,0,-1,1
shimabara_newaabb,130.527000,32.801000,130.261000,32.756000,90,0,15,0,0,1,0,0,1,0,0,1,0,-1,0,0,-1,1,0,-1,1,0,-1,1
shimabara_newab,130.261000,32.756000,129.818000,32.630000,90,0,15,0,0,1,0,0,1,0,0,1,0,-1,0,0,-1,1,0,-1,1,0,-1,1
shimabara_newb,129.818000,32.630000,129.584000,32.324000,90,0,15,0,0,1,0,0,1,0,0,1,0,-1,0,0,-1,1,0,-1,1,0,-1,1
shokknhonconnaa,141.191000,42.472000,140.953000,42.419000,90,0,5,0,0,1,0,0,1,0,0,1,0,-1,0,0,-1,1,0,-1,1,0,-1,1
shokknhonconnab,140.953000,42.419000,140.808000,42.375000,90,0,5,0,0,1,0,0,1,0,0,1,0,-1,0,0,-1,1,0,-1,1,0,-1,1
soj-whokk-connaa,139.381000,44.299000,139.540000,44.537000,90,0,15,0,0,1,0,0,1,0,0,1,0,-1,0,0,-1,1,0,-1,1,0,-1,1
soj-whokk-connab,139.540000,44.537000,139.723000,44.907000,90,0,15,0,0,1,0,0,1,0,0,1,0,-1,0,0,-1,1,0,-1,1,0,-1,1
soj-whokk-connb,139.723000,44.907000,140.425000,46.024000,90,0,15,0,0,1,0,0,1,0,0,1,0,-1,0,0,-1,1,0,-1,1,0,-1,1
sshore-hokkaaa,143.313000,41.994000,142.923000,42.160000,135,0,15,0,0,1,0,0,1,0,0,1,0,-1,0,0,-1,1,0,-1,1,0,-1,1
sshore-hokkaab,142.923000,42.160000,142.406000,42.334000,135,0,15,0,0,1,0,0,1,0,0,1,0,-1,0,0,-1,1,0,-1,1,0,-1,1
sshore-hokkaba,142.406000,42.334000,142.112000,42.462000,135,0,15,0,0,1,0,0,1,0,0,1,0,-1,0,0,-1,1,0,-1,1,0,-1,1
sshore-hokkabb,141.670000,42.607000,141.839000,42.696000,90,0,5,0,0,1,0,0,1,0,0,1,0,-1,0,0,-1,1,0,-1,1,0,-1,1
sshore-hokkbaa,141.670000,42.607000,141.407000,42.508000,90,0,5,0,0,1,0,0,1,0,0,1,0,-1,0,0,-1,1,0,-1,1,0,-1,1
sshore-hokkbab,141.407000,42.508000,141.191000,42.472000,90,0,5,0,0,1,0,0,1,0,0,1,0,-1,0,0,-1,1,0,-1,1,0,-1,1
sum-in,96.125000,14.101000,99.425000,14.331000,90,0,0,0,0,1,0,0,1,0,0,1,0,-1,0,0,-1,1,0,-1,1,0,-1,1
sum-psaa,113.588000,18.243000,117.300000,20.084000,90,0,0,0,0,1,0,0,1,0,0,1,0,-1,0,0,-1,1,0,-1,1,0,-1,1
sum-psab,117.300000,20.084000,118.400000,21.810000,90,0,0,0,0,1,0,0,1,0,0,1,0,-1,0,0,-1,1,0,-1,1,0,-1,1
sum-psb,118.400000,21.810000,120.705000,21.738000,90,0,0,0,0,1,0,0,1,0,0,1,0,-1,0,0,-1,1,0,-1,1,0,-1,1
sum1,99.425000,14.331000,101.763000,17.322000,90,0,0,0,0,1,0,0,1,0,0,1,0,-1,0,0,-1,1,0,-1,1,0,-1,1
sum2,101.763000,17.322000,113.588000,18.243000,90,0,0,0,0,1,0,0,1,0,0,1,0,-1,0,0,-1,1,0,-1,1,0,-1,1
to_arctic_1,140.400000,68.400000,142.201000,68.038000,90,0,15,0,0,1,0,0,1,0,0,1,0,-1,0,0,-1,1,0,-1,1,0,-1,1
tottoriaa,134.728000,35.379000,135.118000,35.320000,90,0,15,0,0,1,0,0,1,0,0,1,0,-1,0,0,-1,1,0,-1,1,0,-1,1
tottoriab,131.594000,34.186000,131.963000,34.644000,90,0,15,0,0,1,0,0,1,0,0,1,0,-1,0,0,-1,1,0,-1,1,0,-1,1
tottoriab,135.118000,35.320000,135.303000,35.245000,90,0,15,0,0,1,0,0,1,0,0,1,0,-1,0,0,-1,1,0,-1,1,0,-1,1
tottoribaa,135.303000,35.245000,135.522000,35.147000,90,0,15,0,0,1,0,0,1,0,0,1,0,-1,0,0,-1,1,0,-1,1,0,-1,1
tottoribaaa,131.963000,34.644000,133.094000,35.291000,90,0,15,0,0,1,0,0,1,0,0,1,0,-1,0,0,-1,1,0,-1,1,0,-1,1
tottoribaab,133.094000,35.291000,133.566000,35.362000,90,0,15,0,0,1,0,0,1,0,0,1,0,-1,0,0,-1,1,0,-1,1,0,-1,1
tottoribab,133.566000,35.362000,134.728000,35.379000,90,0,15,0,0,1,0,0,1,0,0,1,0,-1,0,0,-1,1,0,-1,1,0,-1,1
tottoribab,135.522000,35.147000,135.610000,35.094000,90,0,15,0,0,1,0,0,1,0,0,1,0,-1,0,0,-1,1,0,-1,1,0,-1,1
tottoribba,135.610000,35.094000,135.693000,34.992000,90,0,15,0,0,1,0,0,1,0,0,1,0,-1,0,0,-1,1,0,-1,1,0,-1,1
tottoribbb,135.693000,34.992000,135.730000,34.862000,90,0,15,0,0,1,0,0,1,0,0,1,0,-1,0,0,-1,1,0,-1,1,0,-1,1
wcoast_honshuaabbab,139.419000,38.021000,139.476000,38.090000,135,0,0,0,0,1,0,0,1,0,0,1,0,-1,0,0,-1,1,0,-1,1,0,-1,1
wcoast_honshuaabbbaa,139.476000,38.090000,139.497000,38.249000,135,0,0,0,0,1,0,0,1,0,0,1,0,-1,0,0,-1,1,0,-1,1,0,-1,1
wcoast_honshuaabbbab,139.497000,38.249000,139.533000,38.307000,135,0,0,0,0,1,0,0,1,0,0,1,0,-1,0,0,-1,1,0,-1,1,0,-1,1
wcoast_honshuaabbbba,139.533000,38.307000,139.524000,38.574000,90,0,15,0,0,1,0,0,1,0,0,1,0,-1,0,0,-1,1,0,-1,1,0,-1,1
wcoast_honshuaabbbbb,139.524000,38.574000,139.549000,38.891000,90,0,15,0,0,1,0,0,1,0,0,1,0,-1,0,0,-1,1,0,-1,1,0,-1,1
wcoast_honshuaba,139.549000,38.891000,139.569000,39.051000,90,0,15,0,0,1,0,1.5,1,0,0,1,0,-1,0,0,-1,1,0,-1,1,0,-1,1
wcoast_honshuabba,139.569000,39.051000,139.588000,39.272000,90,0,15,0,0,1,0,1.5,1,0,0,1,0,-1,0,0,-1,1,0,-1,1,0,-1,1
wcoast_honshuabbb,139.588000,39.272000,139.598000,39.419000,90,0,15,0,0,1,0,1.5,1,0,0,1,0,-1,0,0,-1,1,0,-1,1,0,-1,1
wcoasthokkab,139.928000,43.765000,139.825000,44.242000,45,0,15,0,0,1,0,0,1,0,0,1,0,-1,0,0,-1,1,0,-1,1,0,-1,1
wcoasthokkb,139.825000,44.242000,139.723000,44.907000,45,0,15,0,0,1,0,0,1,0,0,1,0,-1,0,0,-1,1,0,-1,1,0,-1,1
whokk-soj,140.076000,43.273000,139.928000,43.765000,45,0,15,0,0,1,0,0,1,0,0,1,0,-1,0,0,-1,1,0,-1,1,0,-1,1
wncsz,131.263000,33.412000,131.594000,34.186000,90,0,15,0,0,1,0,0,1,0,0,1,0,-1,0,0,-1,1,0,-1,1,0,-1,1
yamanobeaa,139.899000,36.991000,139.900000,37.545000,135,0,15,0,0,1,0,0,1,0,0,1,0,-1,0,0,-1,1,0,-1,1,0,-1,1
yamanobeaa,140.268000,38.392000,140.260000,38.278000,135,0,15,0,0,1,0,0,1,0,0,1,0,-1,0,0,-1,1,0,-1,1,0,-1,1
yamanobeab,140.260000,38.278000,140.264000,38.141000,45,0,15,0,0,1,0,0,1,0,0,1,0,-1,0,0,-1,1,0,-1,1,0,-1,1
yamanobeabaa,139.900000,37.545000,140.041000,37.831000,135,0,15,0,0,1,0,0,1,0,0,1,0,-1,0,0,-1,1,0,-1,1,0,-1,1
yamanobeb,140.264000,38.141000,140.041000,37.831000,135,0,15,0,0,1,0,0,1,0,0,1,0,-1,0,0,-1,1,0,-1,1,0,-1,1
yamanobebaab,140.268000,38.392000,140.381000,38.492000,135,0,15,0,0,1,0,0,1,0,0,1,0,-1,0,0,-1,1,0,-1,1,0,-1,1
yamanobebaba,140.381000,38.492000,140.415000,38.635000,135,0,15,0,0,1,0,0,1,0,0,1,0,-1,0,0,-1,1,0,-1,1,0,-1,1
yamanobebabb,140.415000,38.635000,140.495000,38.814000,135,0,15,0,0,1,0,0,1,0,0,1,0,-1,0,0,-1,1,0,-1,1,0,-1,1
yamanobebba,140.495000,38.814000,140.647000,39.013000,135,0,15,0,0,1,0,0,1,0,0,1,0,-1,0,0,-1,1,0,-1,1,0,-1,1
yamanobebbb,140.647000,39.013000,140.706000,39.206000,135,0,15,0,0,1,0,0,1,0,0,1,0,-1,0,0,-1,1,0,-1,1,0,-1,1
yang-sechina,123.328000,31.462000,126.265000,34.247000,90,0,15,0,0,1,0,0,1,0,0,1,0,-1,0,0,-1,1,0,-1,1,0,-1,1
yang-sum,111.525000,22.040000,113.588000,18.243000,90,0,15,0,0,1,0,0,1,0,0,1,0,-1,0,0,-1,1,0,-1,1,0,-1,1
yang1a,123.328000,31.462000,124.833000,31.596000,90,0,15,0,0,1,0,0,1,0,0,1,0,-1,0,0,-1,1,0,-1,1,0,-1,1
yang1ba,124.833000,31.596000,126.739000,32.050000,90,0,15,0,0,1,0,0,1,0,0,1,0,-1,0,0,-1,1,0,-1,1,0,-1,1
yang1bb,126.739000,32.050000,128.955000,32.376000,90,0,15,0,0,1,0,0,1,0,0,1,0,-1,0,0,-1,1,0,-1,1,0,-1,1
yang2a,123.328000,31.462000,121.080000,31.583000,90,0,15,0,0,1,0,0,1,0,0,1,0,-1,0,0,-1,1,0,-1,1,0,-1,1
yang2b,121.080000,31.583000,119.714000,31.187000,90,0,15,0,0,1,0,0,1,0,0,1,0,-1,0,0,-1,1,0,-1,1,0,-1,1
yang3a,119.714000,31.187000,118.975000,31.394000,90,0,15,0,0,1,0,0,1,0,0,1,0,-1,0,0,-1,1,0,-1,1,0,-1,1
yang3b,118.975000,31.394000,115.004000,34.797000,90,0,15,0,0,1,0,0,1,0,0,1,0,-1,0,0,-1,1,0,-1,1,0,-1,1
yang4a,115.004000,34.797000,113.577000,34.831000,90,0,15,0,0,1,0,0,1,0,0,1,0,-1,0,0,-1,1,0,-1,1,0,-1,1
yang4b,113.577000,34.831000,110.975000,30.784000,90,0,15,0,0,1,0,0,1,0,0,1,0,-1,0,0,-1,1,0,-1,1,0,-1,1
yang5,110.975000,30.784000,105.475000,28.828000,90,0,15,0,0,1,0,0,1,0,0,1,0,-1,0,0,-1,1,0,-1,1,0,-1,1
yang6a,105.475000,28.828000,105.062000,26.642000,90,0,15,0,0,1,0,0,1,0,0,1,0,-1,0,0,-1,1,0,-1,1,0,-1,1
yang6b,105.062000,26.642000,107.400000,23.535000,90,0,15,0,0,1,0,0,1,0,0,1,0,-1,0,0,-1,1,0,-1,1,0,-1,1
yang7,107.400000,23.535000,111.525000,22.040000,90,0,15,0,0,1,0,0,1,0,0,1,0,-1,0,0,-1,1,0,-1,1,0,-1,1
yoroaaa,136.550000,34.794000,136.596000,34.917000,90,0,15,0,0,1,0,0,1,0,0,1,0,-1,0,0,-1,1,0,-1,1,0,-1,1
yoroaabaa,136.596000,34.917000,136.593000,34.970000,90,0,15,0,0,1,0,0,1,0,0,1,0,-1,0,0,-1,1,0,-1,1,0,-1,1
yoroaababa,136.593000,34.970000,136.655000,35.056000,90,0,15,0,0,1,0,0,1,0,0,1,0,-1,0,0,-1,1,0,-1,1,0,-1,1
yoroaababb,136.655000,35.056000,136.639000,35.094000,90,0,15,0,0,1,0,0,1,0,0,1,0,-1,0,0,-1,1,0,-1,1,0,-1,1
yoroaabb,136.639000,35.094000,136.623000,35.128000,90,0,15,0,0,1,0,0,1,0,0,1,0,-1,0,0,-1,1,0,-1,1,0,-1,1
yoroabaa,136.623000,35.128000,136.526000,35.358000,90,0,15,0,0,1,0,0,1,0,0,1,0,-1,0,0,-1,1,0,-1,1,0,-1,1
yoroabab,136.526000,35.358000,136.415000,35.396000,90,0,15,0,0,1,0,0,1,0,0,1,0,-1,0,0,-1,1,0,-1,1,0,-1,1
yoroabb,136.415000,35.396000,136.235000,35.509000,90,0,15,0,0,1,0,0,1,0,0,1,0,-1,0,0,-1,1,0,-1,1,0,-1,1
yorob,136.235000,35.509000,136.133000,35.711000,90,0,15,0,0,1,0,0,1,0,0,1,0,-1,0,0,-1,1,0,-1,1,0,-1,1
