,name,lon1,lat1,lon2,lat2,dip,res,other3,other6,other7,other8,other9,other10,other11,other12,locking_depth,locking_depth_sig,locking_depth_flag,dip_sig,dip_flag,ss_rate,ss_rate_sig,ss_rate_flag,ds_rate,ds_rate_sig,ds_rate_flag,ts_rate,ts_rate_sig,ts_rate_flag,burial_depth,burial_depth_sig,burial_depth_flag,resolution_override,resolution_other,patch_file_name,patch_flag,patch_slip_file,patch_slip_flag,Unnamed: 38,centroid_lon,centroid_lat
0,2sw_hokka                   ,140.401,42.526,140.272,42.795,45.0,100,0,0,0,0,0,0,0,0,15.0,5,0,1,0,0,1,0,1.0,1,0,0,1,0,15,5,0,0,0,0,1,0,0,,140.3365,42.6605
1,2sw_hokkba                  ,140.272,42.795,140.076,43.273,45.0,100,0,0,0,0,0,0,0,0,15.0,5,0,1,0,0,1,0,1.0,1,0,0,1,0,15,5,0,0,0,0,1,0,0,,140.17399999999998,43.034000000000006
2,aleun                       ,197.495,53.352,204.236,54.617,90.0,100,0,0,0,0,0,0,0,0,15.0,5,0,1,0,0,1,0,0.0,1,0,0,1,0,15,5,0,0,0,0,1,0,0,,200.8655,53.9845
3,alu_1                       ,164.025,55.235,171.72,52.086,90.0,100,0,0,0,0,0,0,0,0,15.0,5,0,5,0,0,1,0,0.0,1,0,0,1,0,0,5,0,0,0,0,1,0,0,,167.8725,53.6605
4,alu_2a                      ,171.72,52.086,177.518,50.703,90.0,100,0,0,0,0,0,0,0,0,15.0,5,0,5,0,0,1,0,0.0,1,0,0,1,0,0,5,0,0,0,0,1,0,0,,174.619,51.3945
5,alu_2b                      ,177.518,50.703,179.415,50.516,90.0,100,0,0,0,0,0,0,0,0,15.0,5,0,5,0,0,1,0,0.0,1,0,0,1,0,0,5,0,0,0,0,1,0,0,,178.4665,50.6095
6,alu_3a                      ,179.415,50.516,182.605,50.462,90.0,100,0,0,0,0,0,0,0,0,15.0,5,0,5,0,0,1,0,0.0,1,0,0,1,0,0,5,0,0,0,0,1,0,0,,181.01,50.489000000000004
7,alu_3b                      ,182.605,50.462,189.276,51.312,90.0,100,0,0,0,0,0,0,0,0,15.0,5,0,5,0,0,1,0,0.0,1,0,0,1,0,0,5,0,0,0,0,1,0,0,,185.9405,50.887
8,alu_4                       ,189.276,51.312,197.495,53.352,90.0,100,0,0,0,0,0,0,0,0,0.0,5,0,5,0,0,1,0,0.0,1,0,0,1,0,0,5,0,0,0,0,1,0,0,,193.3855,52.331999999999994
9,amur-okh                    ,142.376,54.096,139.85,54.025,90.0,100,0,0,0,0,0,0,0,0,15.0,5,0,1,0,0,1,0,0.0,1,0,0,1,0,15,5,0,0,0,0,1,0,0,,141.113,54.0605
10,amur1                       ,139.85,54.025,124.863,57.131,90.0,100,0,0,0,0,0,0,0,0,15.0,5,0,1,0,0,1,0,0.0,1,0,0,1,0,15,5,0,0,0,0,1,0,0,,132.35649999999998,55.578
11,amur10a                     ,117.645,39.763,120.971,41.129,90.0,100,0,0,0,0,0,0,0,0,15.0,5,0,1,0,0,1,0,0.0,1,0,0,1,0,15,5,0,0,0,0,1,0,0,,119.30799999999999,40.446
12,amur10b                     ,120.971,41.129,122.696,42.178,90.0,100,0,0,0,0,0,0,0,0,15.0,5,0,1,0,0,1,0,0.0,1,0,0,1,0,15,5,0,0,0,0,1,0,0,,121.8335,41.653499999999994
13,amur11                      ,122.696,42.178,125.037,40.144,90.0,100,0,0,0,0,0,0,0,0,15.0,5,0,1,0,0,1,0,0.0,1,0,0,1,0,15,5,0,0,0,0,1,0,0,,123.8665,41.161
14,amur12a                     ,125.037,40.144,126.022,36.84,90.0,100,0,0,0,0,0,0,0,0,15.0,5,0,1,0,0,1,0,0.0,1,0,0,1,0,15,5,0,0,0,0,1,0,0,,125.52950000000001,38.492000000000004
15,amur12b                     ,126.022,36.84,126.265,34.247,90.0,100,0,0,0,0,0,0,0,0,15.0,5,0,1,0,0,1,0,0.0,1,0,0,1,0,15,5,0,0,0,0,1,0,0,,126.1435,35.5435
16,amur2                       ,124.863,57.131,119.5,57.362,90.0,100,0,0,0,0,0,0,0,0,15.0,5,0,1,0,0,1,0,0.0,1,0,0,1,0,15,5,0,0,0,0,1,0,0,,122.1815,57.2465
17,amur3                       ,119.5,57.362,110.287,56.096,90.0,100,0,0,0,0,0,0,0,0,15.0,5,0,1,0,0,1,0,0.0,1,0,0,1,0,15,5,0,0,0,0,1,0,0,,114.8935,56.729
18,amur4a                      ,110.287,56.096,108.912,54.83,90.0,100,0,0,0,0,0,0,0,0,15.0,5,0,1,0,0,1,0,0.0,1,0,0,1,0,15,5,0,0,0,0,1,0,0,,109.5995,55.462999999999994
19,amur4b                      ,108.912,54.83,108.362,53.22,90.0,100,0,0,0,0,0,0,0,0,15.0,5,0,1,0,0,1,0,0.0,1,0,0,1,0,15,5,0,0,0,0,1,0,0,,108.637,54.025
20,amur5                       ,108.362,53.22,104.513,51.609,90.0,100,0,0,0,0,0,0,0,0,15.0,5,0,1,0,0,1,0,0.0,1,0,0,1,0,15,5,0,0,0,0,1,0,0,,106.4375,52.414500000000004
21,amur6                       ,104.513,51.609,107.125,43.555,90.0,100,0,0,0,0,0,0,0,0,15.0,5,0,1,0,0,1,0,0.0,1,0,0,1,0,15,5,0,0,0,0,1,0,0,,105.819,47.582
22,amur7                       ,107.125,43.555,112.224,40.589,90.0,100,0,0,0,0,0,0,0,0,15.0,5,0,1,0,0,1,0,0.0,1,0,0,1,0,15,5,0,0,0,0,1,0,0,,109.6745,42.072
23,amur8                       ,112.224,40.589,113.662,41.383,90.0,100,0,0,0,0,0,0,0,0,15.0,5,0,1,0,0,1,0,0.0,1,0,0,1,0,15,5,0,0,0,0,1,0,0,,112.94300000000001,40.986000000000004
24,amur9a                      ,113.662,41.383,115.14,40.907,90.0,100,0,0,0,0,0,0,0,0,15.0,5,0,1,0,0,1,0,0.0,1,0,0,1,0,15,5,0,0,0,0,1,0,0,,114.40100000000001,41.144999999999996
25,amur9b                      ,115.14,40.907,117.645,39.763,90.0,100,0,0,0,0,0,0,0,0,15.0,5,0,1,0,0,1,0,0.0,1,0,0,1,0,15,5,0,0,0,0,1,0,0,,116.3925,40.334999999999994
26,arc1                        ,140.4,68.4,162.39,86.421,90.0,100,0,0,0,0,0,0,0,0,0.0,5,0,5,0,0,1,0,0.0,1,0,0,1,0,0,5,0,0,0,0,1,0,0,,151.39499999999998,77.41050000000001
27,arc2                        ,162.39,86.421,285.123,83.254,90.0,100,0,0,0,0,0,0,0,0,0.0,5,0,5,0,0,1,0,0.0,1,0,0,1,0,0,5,0,0,0,0,1,0,0,,223.7565,84.8375
28,arctic1a                    ,144.88,65.161,148.979,63.889,90.0,100,0,0,0,0,0,0,0,0,15.0,5,0,5,0,0,1,0,0.0,1,0,0,1,0,0,5,0,0,0,0,1,0,0,,146.92950000000002,64.525
29,arctic1b                    ,148.979,63.889,154.021,61.575,90.0,100,0,0,0,0,0,0,0,0,15.0,5,0,5,0,0,1,0,0.0,1,0,0,1,0,0,5,0,0,0,0,1,0,0,,151.5,62.732
30,arctic2a                    ,162.646,56.387,164.873,58.688,90.0,100,0,0,0,0,0,0,0,0,15.0,5,0,5,0,0,1,0,0.0,1,0,0,1,0,0,5,0,0,0,0,1,0,0,,163.7595,57.5375
31,arctic2b                    ,164.873,58.688,170.634,62.156,90.0,100,0,0,0,0,0,0,0,0,15.0,5,0,5,0,0,1,0,0.0,1,0,0,1,0,0,5,0,0,0,0,1,0,0,,167.75349999999997,60.422
32,arctic3                     ,154.021,61.575,170.634,62.156,90.0,100,0,0,0,0,0,0,0,0,15.0,5,0,5,0,0,1,0,0.0,1,0,0,1,0,0,5,0,0,0,0,1,0,0,,162.3275,61.8655
33,arctic_1a                   ,79.53,70.261,109.555,70.389,90.0,100,0,0,0,0,0,0,0,0,0.0,5,0,5,0,0,1,0,0.0,1,0,0,1,0,0,5,0,0,0,0,1,0,0,,94.5425,70.32499999999999
34,arctic_1b                   ,109.555,70.389,140.4,68.4,90.0,100,0,0,0,0,0,0,0,0,0.0,5,0,5,0,0,1,0,0.0,1,0,0,1,0,0,5,0,0,0,0,1,0,0,,124.9775,69.3945
35,asddf                       ,140.808,42.375,140.497,42.22,90.0,100,0,0,0,0,0,0,0,0,5.0,5,0,1,0,0,1,0,0.0,1,0,0,1,0,15,5,0,0,0,-1,0,0,0,,140.6525,42.2975
36,asdf                        ,139.598,39.419,139.6,40.02,90.0,100,0,0,0,0,0,0,0,0,15.0,5,0,1,0,0,1,0,0.0,1,0,0,1,0,15,5,0,0,0,-1,0,0,0,,139.599,39.7195
37,asdf                        ,131.263,33.412,131.236,33.208,90.0,100,0,0,0,0,0,0,0,0,15.0,5,0,1,0,0,1,0,0.0,1,0,0,1,0,15,5,0,0,0,-1,0,0,0,,131.2495,33.31
38,atotsugawaa                 ,136.898,36.211,136.975,36.254,90.0,100,0,0,0,0,0,0,0,0,15.0,5,0,1,0,0,1,0,0.0,1,0,0,1,0,15,5,0,0,0,-1,0,0,0,,136.9365,36.2325
39,atotsugawabaa               ,136.975,36.254,137.097,36.303,90.0,100,0,0,0,0,0,0,0,0,15.0,5,0,1,0,0,1,0,0.0,1,0,0,1,0,15,5,0,0,0,-1,0,0,0,,137.036,36.278499999999994
40,atotsugawabab               ,137.097,36.303,137.267,36.371,90.0,100,0,0,0,0,0,0,0,0,15.0,5,0,1,0,0,1,0,0.0,1,0,0,1,0,15,5,0,0,0,-1,0,0,0,,137.18200000000002,36.337
41,atotsugawabba               ,137.267,36.371,137.537,36.466,90.0,100,0,0,0,0,0,0,0,0,15.0,5,0,1,0,0,1,0,0.0,1,0,0,1,0,15,5,0,0,0,-1,0,0,0,,137.402,36.4185
42,atotsugawabbb               ,137.537,36.466,137.843,36.562,90.0,100,0,0,0,0,0,0,0,0,15.0,5,0,1,0,0,1,0,0.0,1,0,0,1,0,15,5,0,0,0,-1,0,0,0,,137.69,36.513999999999996
43,aus-pac2                    ,185.84,-15.18,158.7,-59.8,90.0,100,0,0,0,0,0,0,0,0,0.0,5,0,1,0,0,1,0,0.0,1,0,0,1,0,15,5,0,0,0,0,1,0,0,,172.26999999999998,-37.489999999999995
44,beppu-schina                ,129.584,32.324,129.337,31.861,90.0,100,0,0,0,0,0,0,0,0,15.0,5,0,1,0,0,1,0,0.0,1,0,0,1,0,15,5,0,0,0,-1,0,0,0,,129.4605,32.0925
45,beppu1a                     ,131.989,33.424,131.794,33.351,120.0,100,0,0,0,0,0,0,0,0,15.0,5,0,1,0,0,1,0,0.0,1,0,0,1,0,15,5,0,0,0,0,1,0,0,,131.8915,33.3875
46,bsgconn                     ,128.955,32.376,129.818,32.63,90.0,100,0,0,0,0,0,0,0,0,15.0,5,0,1,0,0,1,0,0.0,1,0,0,1,0,15,5,0,0,0,-1,0,0,0,,129.3865,32.503
47,c-nhonshu1                  ,139.879,36.85,139.899,36.991,135.0,100,0,0,0,0,0,0,0,0,15.0,5,0,1,0,0,1,0,0.0,1,0,0,1,0,15,5,0,0,0,0,1,0,0,,139.889,36.920500000000004
48,c-nhonshu5ba                ,140.847,40.765,140.765,41.04,45.0,100,0,0,0,0,0,0,0,0,15.0,5,0,1,0,0,1,0,0.0,1,0,0,1,0,15,5,0,0,0,0,1,0,0,,140.80599999999998,40.9025
49,c-nhonshu5bb                ,140.765,41.04,140.706,41.409,45.0,100,0,0,0,0,0,0,0,0,15.0,5,0,1,0,0,1,0,0.0,1,0,0,1,0,15,5,0,0,0,0,1,0,0,,140.7355,41.2245
50,cross_eurasia_1             ,69.484,38.742,79.53,70.261,90.0,100,0,0,0,0,0,0,0,0,0.0,5,0,5,0,0,1,0,0.0,1,0,0,1,0,0,5,0,0,0,0,1,0,0,,74.507,54.50149999999999
51,cross_tibet_1a              ,69.484,38.742,70.704,36.661,90.0,100,0,0,0,0,0,0,0,0,0.0,5,0,5,0,0,1,0,0.0,1,0,0,1,0,0,5,0,0,0,0,1,0,0,,70.094,37.701499999999996
52,cross_tibet_1b              ,70.704,36.661,71.925,34.581,90.0,100,0,0,0,0,0,0,0,0,0.0,5,0,5,0,0,1,0,0.0,1,0,0,1,0,0,5,0,0,0,0,1,0,0,,71.3145,35.621
53,e-izu-mp                    ,139.225,35.028,139.194,35.241,70.0,100,0,0,0,0,0,0,0,0,15.0,5,0,1,0,0,1,0,0.0,1,0,0,1,0,15,5,0,0,0,-1,0,0,0,,139.2095,35.1345
54,eastern-mtla                ,134.768,34.195,135.052,34.236,90.0,100,0,0,0,0,0,0,0,0,15.0,5,0,1,0,0,1,0,0.0,1,0,0,1,0,15,5,0,0,0,-1,0,0,0,,134.91,34.2155
55,eastern-mtlba               ,135.052,34.236,135.444,34.304,90.0,100,0,0,0,0,0,0,0,0,15.0,5,0,1,0,0,1,0,0.0,1,0,0,1,0,15,5,0,0,0,-1,0,0,0,,135.248,34.269999999999996
56,eastern-mtlbbaa             ,135.444,34.304,135.602,34.345,90.0,100,0,0,0,0,0,0,0,0,15.0,5,0,1,0,0,1,0,0.0,1,0,0,1,0,15,5,0,0,0,-1,0,0,0,,135.523,34.3245
57,eastern-mtlbbaba            ,135.602,34.345,135.693,34.375,90.0,100,0,0,0,0,0,0,0,0,15.0,5,0,1,0,0,1,0,0.0,1,0,0,1,0,15,5,0,0,0,-1,0,0,0,,135.6475,34.36
58,eastern-mtlbbabb            ,135.693,34.375,135.915,34.503,90.0,100,0,0,0,0,0,0,0,0,15.0,5,0,1,0,0,1,0,0.0,1,0,0,1,0,15,5,0,0,0,-1,0,0,0,,135.804,34.439
59,eastern-mtlbbbaaa           ,135.915,34.503,135.997,34.548,90.0,100,0,0,0,0,0,0,0,0,15.0,5,0,1,0,0,1,0,0.0,1,0,0,1,0,15,5,0,0,0,-1,0,0,0,,135.95600000000002,34.5255
60,eastern-mtlbbbaab           ,135.997,34.548,136.107,34.632,90.0,100,0,0,0,0,0,0,0,0,15.0,5,0,1,0,0,1,0,0.0,1,0,0,1,0,15,5,0,0,0,-1,0,0,0,,136.05200000000002,34.59
61,eastern-mtlbbbab            ,136.107,34.632,136.221,34.696,90.0,100,0,0,0,0,0,0,0,0,15.0,5,0,1,0,0,1,0,0.0,1,0,0,1,0,15,5,0,0,0,-1,0,0,0,,136.164,34.664
62,eastern-mtlbbbbaaa          ,136.221,34.696,136.376,34.754,90.0,100,0,0,0,0,0,0,0,0,15.0,5,0,1,0,0,1,0,0.0,1,0,0,1,0,15,5,0,0,0,-1,0,0,0,,136.2985,34.724999999999994
63,eastern-mtlbbbbaab          ,136.376,34.754,136.55,34.794,90.0,100,0,0,0,0,0,0,0,0,15.0,5,0,1,0,0,1,0,0.0,1,0,0,1,0,15,5,0,0,0,-1,0,0,0,,136.46300000000002,34.774
64,eastern-mtlbbbbab           ,136.55,34.794,136.977,35.013,90.0,100,0,0,0,0,0,0,0,0,15.0,5,0,1,0,0,1,0,0.0,1,0,0,1,0,15,5,0,0,0,-1,0,0,0,,136.76350000000002,34.903499999999994
65,eastern-mtlbbbbbaaa         ,136.977,35.013,137.2,35.203,90.0,100,0,0,0,0,0,0,0,0,15.0,5,0,1,0,0,1,0,0.0,1,0,0,1,0,15,5,0,0,0,-1,0,0,0,,137.0885,35.108000000000004
66,eastern-mtlbbbbbaab         ,137.2,35.203,137.377,35.317,90.0,100,0,0,0,0,0,0,0,0,15.0,5,0,1,0,0,1,0,0.0,1,0,0,1,0,15,5,0,0,0,-1,0,0,0,,137.2885,35.260000000000005
67,eastern-mtlbbbbbab          ,137.377,35.317,137.563,35.415,90.0,100,0,0,0,0,0,0,0,0,15.0,5,0,1,0,0,1,0,0.0,1,0,0,1,0,15,5,0,0,0,-1,0,0,0,,137.47,35.366
68,eastern-mtlbbbbbbaa         ,137.563,35.415,137.684,35.449,90.0,100,0,0,0,0,0,0,0,0,15.0,5,0,1,0,0,1,0,0.0,1,0,0,1,0,15,5,0,0,0,-1,0,0,0,,137.62349999999998,35.432
69,eastern-mtlbbbbbbab         ,137.684,35.449,137.861,35.558,90.0,100,0,0,0,0,0,0,0,0,15.0,5,0,1,0,0,1,0,0.0,1,0,0,1,0,15,5,0,0,0,-1,0,0,0,,137.77249999999998,35.5035
70,eastern-mtlbbbbbbbaa        ,137.861,35.558,137.94,35.646,90.0,100,0,0,0,0,0,0,0,0,15.0,5,0,1,0,0,1,0,0.0,1,0,0,1,0,15,5,0,0,0,-1,0,0,0,,137.9005,35.602000000000004
71,eastern-mtlbbbbbbbab        ,137.94,35.646,138.037,35.76,90.0,100,0,0,0,0,0,0,0,0,15.0,5,0,1,0,0,1,0,0.0,1,0,0,1,0,15,5,0,0,0,-1,0,0,0,,137.9885,35.703
72,eastern-mtlbbbbbbbb         ,138.037,35.76,138.078,36.015,90.0,100,0,0,0,0,0,0,0,0,15.0,5,0,1,0,0,1,0,0.0,1,0,0,1,0,15,5,0,0,0,-1,0,0,0,,138.0575,35.8875
73,eu_phil_1aaa                ,133.802,31.789,134.238,32.039,165.0,100,0,0,0,0,0,0,0,0,25.0,5,0,5,0,0,1,0,0.0,1,0,0,1,0,0,5,0,0,0,1,1,0,0,,134.01999999999998,31.914
74,eu_phil_1aaba               ,134.238,32.039,134.568,32.202,165.0,100,0,0,0,0,0,0,0,0,25.0,5,0,5,0,0,1,0,0.0,1,0,0,1,0,0,5,0,0,0,1,1,0,0,,134.40300000000002,32.1205
75,eu_phil_1aabbaa             ,134.568,32.202,134.823,32.289,165.0,100,0,0,0,0,0,0,0,0,25.0,5,0,5,0,0,1,0,0.0,1,0,0,1,0,0,5,0,0,0,1,1,0,0,,134.6955,32.2455
76,eu_phil_1aabbab             ,134.823,32.289,134.943,32.385,165.0,100,0,0,0,0,0,0,0,0,25.0,5,0,5,0,0,1,0,0.0,1,0,0,1,0,0,5,0,0,0,1,1,0,0,,134.883,32.337
77,eu_phil_1aabbb              ,134.943,32.385,135.007,32.527,165.0,100,0,0,0,0,0,0,0,0,25.0,5,0,5,0,0,1,0,0.0,1,0,0,1,0,0,5,0,0,0,1,1,0,0,,134.97500000000002,32.456
78,eu_phil_1abaaa              ,135.007,32.527,135.157,32.594,165.0,100,0,0,0,0,0,0,0,0,30.0,5,0,5,0,0,1,0,0.0,1,0,0,1,0,0,5,0,0,0,1,1,0,0,,135.082,32.560500000000005
79,eu_phil_1abaaba             ,135.157,32.594,135.285,32.609,165.0,100,0,0,0,0,0,0,0,0,30.0,5,0,5,0,0,1,0,0.0,1,0,0,1,0,0,5,0,0,0,1,1,0,0,,135.221,32.6015
80,eu_phil_1abaabb             ,135.285,32.609,135.487,32.616,165.0,100,0,0,0,0,0,0,0,0,30.0,5,0,5,0,0,1,0,0.0,1,0,0,1,0,0,5,0,0,0,1,1,0,0,,135.386,32.6125
81,eu_phil_1ababaaa            ,135.487,32.616,135.859,32.669,165.0,100,0,0,0,0,0,0,0,0,30.0,5,0,5,0,0,1,0,0.0,1,0,0,1,0,0,5,0,0,0,1,1,0,0,,135.673,32.6425
82,eu_phil_1ababaab            ,135.859,32.669,136.103,32.729,165.0,100,0,0,0,0,0,0,0,0,30.0,5,0,5,0,0,1,0,0.0,1,0,0,1,0,0,5,0,0,0,1,1,0,0,,135.981,32.699
83,eu_phil_1ababab             ,136.103,32.729,136.29,32.796,165.0,100,0,0,0,0,0,0,0,0,30.0,5,0,5,0,0,1,0,0.0,1,0,0,1,0,0,5,0,0,0,1,1,0,0,,136.19650000000001,32.7625
84,eu_phil_1ababba             ,136.29,32.796,136.422,32.805,165.0,100,0,0,0,0,0,0,0,0,30.0,5,0,5,0,0,1,0,0.0,1,0,0,1,0,0,5,0,0,0,1,1,0,0,,136.356,32.8005
85,eu_phil_1ababbba            ,136.422,32.805,136.508,32.83,165.0,100,0,0,0,0,0,0,0,0,30.0,5,0,5,0,0,1,0,0.0,1,0,0,1,0,0,5,0,0,0,1,1,0,0,,136.465,32.817499999999995
86,eu_phil_1ababbbba           ,136.508,32.83,136.793,32.941,165.0,100,0,0,0,0,0,0,0,0,30.0,5,0,5,0,0,1,0,0.0,1,0,0,1,0,0,5,0,0,0,1,1,0,0,,136.65050000000002,32.8855
87,eu_phil_1ababbbbba          ,136.793,32.941,136.902,33.001,165.0,100,0,0,0,0,0,0,0,0,30.0,5,0,5,0,0,1,0,0.0,1,0,0,1,0,0,5,0,0,0,1,1,0,0,,136.8475,32.971000000000004
88,eu_phil_1ababbbbbb          ,136.902,33.001,137.078,33.045,165.0,100,0,0,0,0,0,0,0,0,30.0,5,0,5,0,0,1,0,0.0,1,0,0,1,0,0,5,0,0,0,1,1,0,0,,136.99,33.022999999999996
89,eu_phil_1abbaa              ,137.078,33.045,137.24,33.174,160.0,100,0,0,0,0,0,0,0,0,30.0,5,0,5,0,0,1,0,0.0,1,0,0,1,0,0,5,0,0,0,1,1,0,0,,137.159,33.1095
90,eu_phil_1abbab              ,137.24,33.174,137.45,33.253,160.0,100,0,0,0,0,0,0,0,0,30.0,5,0,5,0,0,1,0,0.0,1,0,0,1,0,0,5,0,0,0,1,1,0,0,,137.345,33.213499999999996
91,eu_phil_1abbbaa             ,137.45,33.253,137.652,33.35,160.0,100,0,0,0,0,0,0,0,0,30.0,5,0,5,0,0,1,0,0.0,1,0,0,1,0,0,5,0,0,0,1,1,0,0,,137.551,33.301500000000004
92,eu_phil_1abbbab             ,137.652,33.35,137.72,33.372,160.0,100,0,0,0,0,0,0,0,0,30.0,5,0,5,0,0,1,0,0.0,1,0,0,1,0,0,5,0,0,0,1,1,0,0,,137.68599999999998,33.361000000000004
93,eu_phil_1abbbba             ,137.72,33.372,137.803,33.438,160.0,100,0,0,0,0,0,0,0,0,30.0,5,0,5,0,0,1,0,0.0,1,0,0,1,0,0,5,0,0,0,1,1,0,0,,137.7615,33.405
94,eu_phil_1abbbbba            ,137.803,33.438,137.915,33.563,160.0,100,0,0,0,0,0,0,0,0,30.0,5,0,5,0,0,1,0,0.0,1,0,0,1,0,0,5,0,0,0,1,1,0,0,,137.85899999999998,33.5005
95,eu_phil_1abbbbbb            ,137.915,33.563,138.058,33.669,160.0,100,0,0,0,0,0,0,0,0,30.0,5,0,5,0,0,1,0,0.0,1,0,0,1,0,0,5,0,0,0,1,1,0,0,,137.98649999999998,33.616
96,eu_phil_1baaa               ,138.058,33.669,138.178,33.785,155.0,100,0,0,0,0,0,0,0,0,30.0,5,0,5,0,0,1,0,0.0,1,0,0,1,0,0,5,0,0,0,1,1,0,0,,138.118,33.727
97,eu_phil_1baab               ,138.178,33.785,138.362,33.885,155.0,100,0,0,0,0,0,0,0,0,30.0,5,0,5,0,0,1,0,0.0,1,0,0,1,0,0,5,0,0,0,1,1,0,0,,138.26999999999998,33.834999999999994
98,eu_phil_1baba               ,138.362,33.885,138.467,34.041,155.0,100,0,0,0,0,0,0,0,0,30.0,5,0,5,0,0,1,0,0.0,1,0,0,1,0,0,5,0,0,0,1,1,0,0,,138.4145,33.962999999999994
99,eu_phil_1babb               ,138.467,34.041,138.533,34.404,155.0,100,0,0,0,0,0,0,0,0,30.0,5,0,5,0,0,1,0,0.0,1,0,0,1,0,0,5,0,0,0,1,1,0,0,,138.5,34.2225
100,eu_phil_1bbaaaa             ,138.533,34.404,138.587,34.587,155.0,100,0,0,0,0,0,0,0,0,23.0,5,0,5,0,0,1,0,0.0,1,0,0,1,0,0,5,0,0,0,1,1,0,0,,138.56,34.49550000000001
101,eu_phil_1bbaaab             ,138.587,34.587,138.602,34.747,155.0,100,0,0,0,0,0,0,0,0,23.0,5,0,5,0,0,1,0,0.0,1,0,0,1,0,0,5,0,0,0,1,1,0,0,,138.59449999999998,34.667
102,eu_phil_1bbaaba             ,138.602,34.747,138.624,34.886,155.0,100,0,0,0,0,0,0,0,0,23.0,5,0,5,0,0,1,0,0.0,1,0,0,1,0,0,5,0,0,0,1,1,0,0,,138.613,34.816500000000005
103,eu_phil_1bbaabb             ,138.624,34.886,138.636,35.081,155.0,100,0,0,0,0,0,0,0,0,23.0,5,0,5,0,0,1,0,0.0,1,0,0,1,0,0,5,0,0,0,1,1,0,0,,138.63,34.98350000000001
104,eu_phil_1bbab               ,138.636,35.081,138.594,35.204,45.0,100,0,0,0,0,0,0,0,0,20.0,5,0,5,0,0,1,0,0.0,1,0,0,1,0,0,5,0,0,0,0,1,0,0,,138.615,35.1425
105,eu_phil_1bbba               ,138.594,35.204,138.547,35.297,45.0,100,0,0,0,0,0,0,0,0,15.0,5,0,5,0,0,1,0,0.0,1,0,0,1,0,0,5,0,0,0,0,1,0,0,,138.57049999999998,35.2505
106,eu_phil_1bbbb               ,138.547,35.297,138.484,35.543,45.0,100,0,0,0,0,0,0,0,0,15.0,5,0,5,0,0,1,0,0.0,1,0,0,1,0,0,5,0,0,0,0,1,0,0,,138.5155,35.42
107,eu_phil_2aa                 ,131.826,29.509,132.656,30.391,155.0,100,0,0,0,0,0,0,0,0,0.0,1,0,5,0,0,1,0,0.0,1,0,0,1,0,0,5,0,0,0,0,1,0,0,,132.24099999999999,29.95
108,eu_phil_2ab                 ,132.656,30.391,132.677,30.662,155.0,100,0,0,0,0,0,0,0,0,0.0,1,0,5,0,0,1,0,0.0,1,0,0,1,0,0,5,0,0,0,1,1,0,0,,132.66649999999998,30.5265
109,eu_phil_2ba                 ,132.677,30.662,132.812,30.975,155.0,100,0,0,0,0,0,0,0,0,0.0,1,0,5,0,0,1,0,0.0,1,0,0,1,0,0,5,0,0,0,1,1,0,0,,132.74450000000002,30.8185
110,eu_phil_2bbaa               ,132.812,30.975,133.217,31.251,155.0,100,0,0,0,0,0,0,0,0,0.0,1,0,5,0,0,1,0,0.0,1,0,0,1,0,0,5,0,0,0,1,1,0,0,,133.0145,31.113
111,eu_phil_2bbab               ,133.217,31.251,133.337,31.526,155.0,100,0,0,0,0,0,0,0,0,30.0,1,0,5,0,0,1,0,0.0,1,0,0,1,0,0,5,0,0,0,1,1,0,0,,133.277,31.3885
112,eu_phil_2bbb                ,133.337,31.526,133.802,31.789,155.0,100,0,0,0,0,0,0,0,0,30.0,1,0,5,0,0,1,0,0.0,1,0,0,1,0,0,5,0,0,0,1,1,0,0,,133.5695,31.6575
113,eu_phil_3a                  ,121.449,22.906,121.776,24.283,25.0,100,0,0,0,0,0,0,0,0,30.0,5,0,5,0,0,1,0,80.0,1,0,0,1,0,0,5,0,0,0,0,1,0,0,,121.6125,23.5945
114,eu_phil_3baba               ,122.975,23.434,123.803,23.409,155.0,100,0,0,0,0,0,0,0,0,0.0,1,0,5,0,0,1,0,0.0,1,0,0,1,0,0,5,0,0,0,0,1,0,0,,123.389,23.4215
115,eu_phil_3babbaa             ,123.803,23.409,124.26,23.402,155.0,100,0,0,0,0,0,0,0,0,0.0,1,0,5,0,0,1,0,0.0,1,0,0,1,0,0,5,0,0,0,0,1,0,0,,124.0315,23.4055
116,eu_phil_3babbab             ,124.26,23.402,124.717,23.396,155.0,100,0,0,0,0,0,0,0,0,0.0,1,0,5,0,0,1,0,0.0,1,0,0,1,0,0,5,0,0,0,0,1,0,0,,124.4885,23.399
117,eu_phil_3babbb              ,124.717,23.396,125.631,23.384,155.0,100,0,0,0,0,0,0,0,0,0.0,1,0,5,0,0,1,0,0.0,1,0,0,1,0,0,5,0,0,0,0,1,0,0,,125.174,23.39
118,eu_phil_3bbaaaa             ,125.631,23.384,126.188,23.671,155.0,100,0,0,0,0,0,0,0,0,0.0,1,0,5,0,0,1,0,0.0,1,0,0,1,0,0,5,0,0,0,0,1,0,0,,125.90950000000001,23.5275
119,eu_phil_3bbaaab             ,126.188,23.671,126.744,23.958,155.0,100,0,0,0,0,0,0,0,0,0.0,1,0,5,0,0,1,0,0.0,1,0,0,1,0,0,5,0,0,0,0,1,0,0,,126.46600000000001,23.8145
120,eu_phil_3bbaab              ,126.744,23.958,127.429,24.508,155.0,100,0,0,0,0,0,0,0,0,0.0,1,0,5,0,0,1,0,0.0,1,0,0,1,0,0,5,0,0,0,0,1,0,0,,127.0865,24.232999999999997
121,eu_phil_3bbabaa             ,127.429,24.508,127.943,24.951,155.0,100,0,0,0,0,0,0,0,0,0.0,1,0,5,0,0,1,0,0.0,1,0,0,1,0,0,5,0,0,0,0,1,0,0,,127.686,24.7295
122,eu_phil_3bbabab             ,127.943,24.951,128.457,25.395,155.0,100,0,0,0,0,0,0,0,0,0.0,1,0,5,0,0,1,0,0.0,1,0,0,1,0,0,5,0,0,0,0,1,0,0,,128.2,25.173000000000002
123,eu_phil_3bbabba             ,128.457,25.395,128.971,25.838,155.0,100,0,0,0,0,0,0,0,0,0.0,1,0,5,0,0,1,0,0.0,1,0,0,1,0,0,5,0,0,0,0,1,0,0,,128.714,25.616500000000002
124,eu_phil_3bbabbb             ,128.971,25.838,129.485,26.281,155.0,100,0,0,0,0,0,0,0,0,0.0,1,0,5,0,0,1,0,0.0,1,0,0,1,0,0,5,0,0,0,0,1,0,0,,129.228,26.0595
125,eu_phil_3bbbaaaa            ,129.485,26.281,130.0,26.986,155.0,100,0,0,0,0,0,0,0,0,0.0,1,0,5,0,0,1,0,0.0,1,0,0,1,0,0,5,0,0,0,0,1,0,0,,129.7425,26.633499999999998
126,eu_phil_3bbbaaab            ,130.0,26.986,130.515,27.691,155.0,100,0,0,0,0,0,0,0,0,0.0,1,0,5,0,0,1,0,0.0,1,0,0,1,0,0,5,0,0,0,0,1,0,0,,130.2575,27.3385
127,eu_phil_3bbbaab             ,130.515,27.691,130.654,28.131,155.0,100,0,0,0,0,0,0,0,0,0.0,1,0,5,0,0,1,0,0.0,1,0,0,1,0,0,5,0,0,0,0,1,0,0,,130.5845,27.911
128,eu_phil_3bbbab              ,130.654,28.131,131.227,28.404,155.0,100,0,0,0,0,0,0,0,0,0.0,1,0,5,0,0,1,0,0.0,1,0,0,1,0,0,5,0,0,0,0,1,0,0,,130.9405,28.2675
129,eu_phil_3bbbba              ,131.227,28.404,131.526,28.956,155.0,100,0,0,0,0,0,0,0,0,0.0,1,0,5,0,0,1,0,0.0,1,0,0,1,0,0,5,0,0,0,0,1,0,0,,131.37650000000002,28.68
130,eu_phil_3bbbbb              ,131.526,28.956,131.826,29.509,155.0,100,0,0,0,0,0,0,0,0,0.0,1,0,5,0,0,1,0,0.0,1,0,0,1,0,0,5,0,0,0,0,1,0,0,,131.676,29.2325
131,eu_phil_4a                  ,119.174,16.681,120.449,19.844,25.0,100,0,0,0,0,0,0,0,0,0.0,5,0,5,0,0,1,0,0.0,1,0,0,1,0,0,5,0,0,0,0,1,0,0,,119.8115,18.262500000000003
132,eu_phil_4ba                 ,120.449,19.844,120.705,21.738,25.0,100,0,0,0,0,0,0,0,0,0.0,5,0,5,0,0,1,0,0.0,1,0,0,1,0,0,5,0,0,0,0,1,0,0,,120.577,20.791
133,eu_phil_4bb                 ,120.705,21.738,121.449,22.906,25.0,100,0,0,0,0,0,0,0,0,30.0,5,0,5,0,0,1,0,0.0,1,0,0,1,0,0,5,0,0,0,0,1,0,0,,121.077,22.322
134,eu_phil_5                   ,119.174,16.681,124.987,14.687,90.0,100,0,0,0,0,0,0,0,0,0.0,5,0,5,0,0,1,0,0.0,1,0,0,1,0,0,5,0,0,0,0,1,0,0,,122.0805,15.684000000000001
135,eu_phil_6                   ,124.987,14.687,127.104,4.015,90.0,100,0,0,0,0,0,0,0,0,0.0,5,0,5,0,0,1,0,0.0,1,0,0,1,0,0,5,0,0,0,0,1,0,0,,126.0455,9.350999999999999
136,frontal_thrustaaa           ,71.925,34.581,74.859,32.872,160.0,100,0,0,0,0,0,0,0,0,0.0,5,0,5,0,0,1,0,0.0,1,0,0,1,0,0,5,0,0,0,0,1,0,0,,73.392,33.7265
137,frontal_thrustaab           ,74.859,32.872,80.96,28.512,160.0,100,0,0,0,0,0,0,0,0,0.0,5,0,5,0,0,1,0,0.0,1,0,0,1,0,0,5,0,0,0,0,1,0,0,,77.9095,30.692
138,frontal_thrustab            ,80.96,28.512,85.675,26.987,160.0,100,0,0,0,0,0,0,0,0,0.0,5,0,5,0,0,1,0,0.0,1,0,0,1,0,0,5,0,0,0,0,1,0,0,,83.3175,27.749499999999998
139,frontal_thrustba            ,85.675,26.987,93.1,26.872,160.0,100,0,0,0,0,0,0,0,0,0.0,5,0,5,0,0,1,0,0.0,1,0,0,1,0,0,5,0,0,0,0,1,0,0,,89.38749999999999,26.929499999999997
140,frontal_thrustbba           ,93.1,26.872,94.613,27.907,160.0,100,0,0,0,0,0,0,0,0,0.0,5,0,5,0,0,1,0,0.0,1,0,0,1,0,0,5,0,0,0,0,1,0,0,,93.8565,27.389499999999998
141,frontal_thrustbbb           ,94.613,27.907,97.225,28.023,90.0,100,0,0,0,0,0,0,0,0,0.0,5,0,5,0,0,1,0,0.0,1,0,0,1,0,0,5,0,0,0,0,1,0,0,,95.919,27.965
142,hidakaaaa                   ,144.65,40.994,144.363,41.22,135.0,100,0,0,0,0,0,0,0,0,15.0,5,0,1,0,0,1,0,0.0,1,0,0,1,0,15,5,0,0,0,-1,0,0,0,,144.50650000000002,41.107
143,hidakaaab                   ,144.363,41.22,143.998,41.537,135.0,100,0,0,0,0,0,0,0,0,15.0,5,0,1,0,0,1,0,0.0,1,0,0,1,0,15,5,0,0,0,-1,0,0,0,,144.1805,41.3785
144,hidakaabaa                  ,143.998,41.537,143.858,41.627,135.0,100,0,0,0,0,0,0,0,0,15.0,5,0,1,0,0,1,0,0.0,1,0,0,1,0,15,5,0,0,0,-1,0,0,0,,143.928,41.582
145,hidakaabab                  ,143.858,41.627,143.653,41.764,135.0,100,0,0,0,0,0,0,0,0,15.0,5,0,1,0,0,1,0,0.0,1,0,0,1,0,15,5,0,0,0,-1,0,0,0,,143.75549999999998,41.6955
146,hidakaabba                  ,143.653,41.764,143.313,41.994,135.0,100,0,0,0,0,0,0,0,0,15.0,5,0,1,0,0,1,0,0.0,1,0,0,1,0,15,5,0,0,0,-1,0,0,0,,143.483,41.879000000000005
147,hidakaabbbaab               ,141.941,42.628,141.839,42.696,135.0,100,0,0,0,0,0,0,0,0,15.0,5,0,1,0,0,1,0,0.0,1,0,0,1,0,15,5,0,0,0,-1,0,0,0,,141.89,42.662
148,hidakaabbbab                ,141.839,42.696,141.769,42.78,135.0,100,0,0,0,0,0,0,0,0,15.0,5,0,1,0,0,1,0,0.0,1,0,0,1,0,15,5,0,0,0,-1,0,0,0,,141.804,42.738
149,hiraaaa                     ,135.876,35.058,135.918,35.21,135.0,100,0,0,0,0,0,0,0,0,15.0,5,0,1,0,0,1,0,0.0,1,0,0,1,0,15,5,0,0,0,0,1,0,0,,135.897,35.134
150,hiraaab                     ,135.918,35.21,136.016,35.279,135.0,100,0,0,0,0,0,0,0,0,15.0,5,0,1,0,0,1,0,0.0,1,0,0,1,0,15,5,0,0,0,0,1,0,0,,135.96699999999998,35.2445
151,hiraaba                     ,136.016,35.279,136.032,35.367,135.0,100,0,0,0,0,0,0,0,0,15.0,5,0,1,0,0,1,0,0.0,1,0,0,1,0,15,5,0,0,0,0,1,0,0,,136.024,35.323
152,hiraabb                     ,136.032,35.367,136.025,35.49,45.0,100,0,0,0,0,0,0,0,0,15.0,5,0,1,0,0,1,0,0.0,1,0,0,1,0,15,5,0,0,0,0,1,0,0,,136.0285,35.4285
153,hiraba                      ,136.025,35.49,136.05,35.574,135.0,100,0,0,0,0,0,0,0,0,15.0,5,0,1,0,0,1,0,0.0,1,0,0,1,0,15,5,0,0,0,0,1,0,0,,136.03750000000002,35.532
154,hirabb                      ,136.05,35.574,136.133,35.711,135.0,100,0,0,0,0,0,0,0,0,15.0,5,0,1,0,0,1,0,0.0,1,0,0,1,0,15,5,0,0,0,0,1,0,0,,136.0915,35.6425
155,hokk-sakhalinaaa            ,141.754,42.843,141.769,42.78,135.0,100,0,0,0,0,0,0,0,0,15.0,5,0,1,0,0,1,0,0.0,1,0,0,1,0,15,5,0,0,0,-1,0,0,0,,141.7615,42.8115
156,hokk-sakhalinaaba           ,141.754,42.843,141.733,42.941,150.0,100,0,0,0,0,0,0,0,0,15.0,5,0,1,0,0,1,0,0.0,1,0,0,1,0,15,5,0,0,0,-1,0,0,0,,141.74349999999998,42.892
157,hokk-sakhalinaabb           ,141.733,42.941,141.74,43.075,30.0,100,0,0,0,0,0,0,0,0,15.0,5,0,1,0,0,1,0,0.0,1,0,0,1,0,15,5,0,0,0,-1,0,0,0,,141.7365,43.008
158,hokk-sakhalinaba            ,141.74,43.075,141.8,43.244,30.0,100,0,0,0,0,0,0,0,0,15.0,5,0,1,0,0,1,0,0.0,1,0,0,1,0,15,5,0,0,0,-1,0,0,0,,141.77,43.1595
159,hokk-sakhalinabbaa          ,141.8,43.244,141.847,43.538,45.0,100,0,0,0,0,0,0,0,0,15.0,5,0,1,0,0,1,0,0.0,1,0,0,1,0,15,5,0,0,0,-1,0,0,0,,141.82350000000002,43.391
160,hokk-sakhalinabbab          ,141.847,43.538,141.91,43.809,45.0,100,0,0,0,0,0,0,0,0,15.0,5,0,1,0,0,1,0,0.0,1,0,0,1,0,15,5,0,0,0,-1,0,0,0,,141.8785,43.6735
161,hokk-sakhalinabbb           ,141.91,43.809,141.972,44.442,45.0,100,0,0,0,0,0,0,0,0,15.0,5,0,1,0,0,1,0,0.0,1,0,0,1,0,15,5,0,0,0,-1,0,0,0,,141.941,44.1255
162,hokk-sakhalinbaaaa          ,141.972,44.442,141.964,44.683,135.0,100,0,0,0,0,0,0,0,0,15.0,5,0,1,0,0,1,0,0.0,1,0,0,1,0,15,5,0,0,0,-1,0,0,0,,141.96800000000002,44.5625
163,hokk-sakhalinbaaaba         ,141.964,44.683,141.949,44.866,135.0,100,0,0,0,0,0,0,0,0,15.0,5,0,1,0,0,1,0,0.0,1,0,0,1,0,15,5,0,0,0,-1,0,0,0,,141.9565,44.7745
164,hokk-sakhalinbaaabb         ,141.949,44.866,141.925,44.968,135.0,100,0,0,0,0,0,0,0,0,15.0,5,0,1,0,0,1,0,0.0,1,0,0,1,0,15,5,0,0,0,-1,0,0,0,,141.937,44.917
165,hokk-sakhalinbaab           ,141.925,44.968,141.886,45.166,135.0,100,0,0,0,0,0,0,0,0,15.0,5,0,1,0,0,1,0,0.0,1,0,0,1,0,15,5,0,0,0,-1,0,0,0,,141.90550000000002,45.067
166,hokk-sakhalinbab            ,141.886,45.166,141.846,45.431,135.0,100,0,0,0,0,0,0,0,0,15.0,5,0,1,0,0,1,0,0.0,1,0,0,1,0,15,5,0,0,0,-1,0,0,0,,141.86599999999999,45.2985
167,hokk-sakhalinbba            ,141.846,45.431,141.448,46.555,90.0,100,0,0,0,0,0,0,0,0,15.0,5,0,1,0,0,1,0,0.0,1,0,0,1,0,15,5,0,0,0,-1,0,0,0,,141.647,45.992999999999995
168,hokk-sakhalinbbb            ,141.448,46.555,141.276,46.92,90.0,100,0,0,0,0,0,0,0,0,15.0,5,0,1,0,0,1,0,0.0,1,0,0,1,0,15,5,0,0,0,-1,0,0,0,,141.36200000000002,46.7375
169,hokk_japseaaa               ,140.706,41.409,140.698,41.453,45.0,100,0,0,0,0,0,0,0,0,15.0,5,0,1,0,0,1,0,0.0,1,0,0,1,0,15,5,0,0,0,0,1,0,0,,140.702,41.431
170,hokk_japseaaba              ,140.698,41.453,140.497,42.22,45.0,100,0,0,0,0,0,0,0,0,15.0,5,0,1,0,0,1,0,1.0,1,0,0,1,0,15,5,0,0,0,0,1,0,0,,140.59750000000003,41.8365
171,hokk_japseaabba             ,140.497,42.22,140.471,42.292,45.0,100,0,0,0,0,0,0,0,0,15.0,5,0,1,0,0,1,0,1.0,1,0,0,1,0,15,5,0,0,0,0,1,0,0,,140.484,42.256
172,hokk_japseaabbb             ,140.471,42.292,140.401,42.526,45.0,100,0,0,0,0,0,0,0,0,15.0,5,0,1,0,0,1,0,1.0,1,0,0,1,0,15,5,0,0,0,0,1,0,0,,140.436,42.409000000000006
173,imp_east2b                  ,139.225,35.028,139.169,34.519,70.0,100,0,0,0,0,0,0,0,0,15.0,5,0,1,0,0,1,0,0.0,1,0,0,1,0,15,5,0,0,0,0,1,0,0,,139.197,34.7735
174,imp_eastaa                  ,137.803,33.438,138.718,33.705,90.0,100,0,0,0,0,0,0,0,0,15.0,5,0,1,0,0,1,0,0.0,1,0,0,1,0,15,5,0,0,0,-1,0,0,0,,138.26049999999998,33.5715
175,imp_eastab                  ,138.718,33.705,138.98,33.992,90.0,100,0,0,0,0,0,0,0,0,15.0,5,0,1,0,0,1,0,0.0,1,0,0,1,0,15,5,0,0,0,0,1,0,0,,138.849,33.8485
176,imp_eastb                   ,138.98,33.992,139.169,34.519,110.0,100,0,0,0,0,0,0,0,0,15.0,5,0,1,0,0,1,0,0.0,1,0,0,1,0,15,5,0,0,0,0,1,0,0,,139.0745,34.2555
177,ishikari                    ,141.941,42.628,142.112,42.462,135.0,100,0,0,0,0,0,0,0,0,15.0,5,0,1,0,0,1,0,0.0,1,0,0,1,0,15,5,0,0,0,-1,0,0,0,,142.0265,42.545
178,istl_conna                  ,137.85,37.094,137.919,37.329,90.0,100,0,0,0,0,0,0,0,0,15.0,5,0,1,0,0,1,0,0.0,1,0,0,1,0,15,5,0,0,0,-1,0,0,0,,137.8845,37.2115
179,istl_connb                  ,137.919,37.329,138.534,37.923,90.0,100,0,0,0,0,0,0,0,0,15.0,5,0,1,0,0,1,0,0.0,1,0,0,1,0,15,5,0,0,0,-1,0,0,0,,138.2265,37.626000000000005
180,istlaa                      ,138.078,36.015,138.181,35.957,90.0,100,0,0,0,0,0,0,0,0,15.0,5,0,1,0,0,1,0,0.0,1,0,0,1,0,15,5,0,0,0,0,1,0,0,,138.1295,35.986000000000004
181,istlaba                     ,138.181,35.957,138.288,35.858,90.0,100,0,0,0,0,0,0,0,0,15.0,5,0,1,0,0,1,0,0.0,1,0,0,1,0,15,5,0,0,0,0,1,0,0,,138.23450000000003,35.9075
182,istlabb                     ,138.288,35.858,138.395,35.76,45.0,100,0,0,0,0,0,0,0,0,15.0,5,0,1,0,0,1,0,0.0,1,0,0,1,0,15,5,0,0,0,0,1,0,0,,138.3415,35.809
183,istlba                      ,138.395,35.76,138.442,35.653,30.0,100,0,0,0,0,0,0,0,0,15.0,5,0,1,0,0,1,0,0.0,1,0,0,1,0,15,5,0,0,0,0,1,0,0,,138.4185,35.7065
184,istlbb                      ,138.442,35.653,138.484,35.543,30.0,100,0,0,0,0,0,0,0,0,15.0,5,0,1,0,0,1,0,0.0,1,0,0,1,0,15,5,0,0,0,0,1,0,0,,138.46300000000002,35.598
185,j_back_arc_2aa              ,137.884,36.437,137.934,36.273,135.0,100,0,0,0,0,0,0,0,0,15.0,5,0,5,0,0,1,0,0.0,1,0,0,1,0,0,5,0,0,0,0,1,0,0,,137.909,36.355000000000004
186,j_back_arc_2abaa            ,137.934,36.273,137.99,36.175,90.0,100,0,0,0,0,0,0,0,0,15.0,5,0,5,0,0,1,0,0.0,1,0,0,1,0,0,5,0,0,0,0,1,0,0,,137.962,36.224000000000004
187,j_back_arc_2abab            ,137.99,36.175,138.047,36.078,90.0,100,0,0,0,0,0,0,0,0,15.0,5,0,5,0,0,1,0,0.0,1,0,0,1,0,0,5,0,0,0,0,1,0,0,,138.01850000000002,36.1265
188,j_back_arc_2abb             ,138.047,36.078,138.078,36.015,90.0,100,0,0,0,0,0,0,0,0,15.0,5,0,5,0,0,1,0,0.0,1,0,0,1,0,0,5,0,0,0,0,1,0,0,,138.0625,36.0465
189,j_back_arc_2baaaaa          ,137.884,36.437,137.843,36.562,135.0,100,0,0,0,0,0,0,0,0,15.0,5,0,5,0,0,1,0,0.0,1,0,0,1,0,0,5,0,0,0,0,1,0,0,,137.8635,36.4995
190,j_back_arc_2baaaab          ,137.843,36.562,137.856,36.691,45.0,100,0,0,0,0,0,0,0,0,15.0,5,0,5,0,0,1,0,0.0,1,0,0,1,0,0,5,0,0,0,0,1,0,0,,137.84949999999998,36.6265
191,j_back_arc_2baaaba          ,137.856,36.691,137.86,36.883,45.0,100,0,0,0,0,0,0,0,0,15.0,5,0,5,0,0,1,0,0.0,1,0,0,1,0,0,5,0,0,0,0,1,0,0,,137.858,36.787000000000006
192,j_back_arc_2baaabb          ,137.86,36.883,137.85,37.094,90.0,100,0,0,0,0,0,0,0,0,15.0,5,0,5,0,0,1,0,0.0,1,0,0,1,0,0,5,0,0,0,0,1,0,0,,137.85500000000002,36.9885
193,j_back_arc_2babaa           ,138.534,37.923,138.534,38.14,90.0,100,0,0,0,0,0,0,0,0,35.0,5,0,5,0,0,1,0,0.0,1,0,0,1,0,0,5,0,0,0,0,1,0,0,,138.534,38.0315
194,j_back_arc_2babab           ,138.534,38.14,138.601,38.461,90.0,100,0,0,0,0,0,0,0,0,35.0,5,0,5,0,0,1,0,0.0,1,0,0,1,0,0,5,0,0,0,0,1,0,0,,138.5675,38.3005
195,j_back_arc_2babbaa          ,138.601,38.461,138.872,38.911,90.0,100,0,0,0,0,0,0,0,0,40.0,5,0,5,0,0,1,0,0.0,1,0,0,1,0,0,5,0,0,0,0,1,0,0,,138.7365,38.686
196,j_back_arc_2babbab          ,138.872,38.911,139.149,39.321,90.0,100,0,0,0,0,0,0,0,0,40.0,5,0,5,0,0,1,0,0.0,1,0,0,1,0,0,5,0,0,0,0,1,0,0,,139.0105,39.116
197,j_back_arc_2babbba          ,139.149,39.321,139.6,40.02,90.0,100,0,0,0,0,0,0,0,0,40.0,5,0,5,0,0,1,0,0.0,1,0,0,1,0,0,5,0,0,0,0,1,0,0,,139.3745,39.670500000000004
198,j_back_arc_2babbbb          ,139.6,40.02,139.615,40.657,90.0,100,0,0,0,0,0,0,0,0,40.0,5,0,5,0,0,1,0,0.0,1,0,0,1,0,0,5,0,0,0,0,1,0,0,,139.60750000000002,40.338499999999996
199,j_back_arc_2bbaaaa          ,139.615,40.657,139.482,41.793,90.0,100,0,0,0,0,0,0,0,0,35.0,5,0,5,0,0,1,0,0.0,1,0,0,1,0,0,5,0,0,0,0,1,0,0,,139.5485,41.224999999999994
200,j_back_arc_2bbaaab          ,139.482,41.793,139.415,42.444,90.0,100,0,0,0,0,0,0,0,0,25.0,5,0,5,0,0,1,0,0.0,1,0,0,1,0,0,5,0,0,0,0,1,0,0,,139.4485,42.1185
201,j_back_arc_2bbaab           ,139.415,42.444,139.371,43.179,90.0,100,0,0,0,0,0,0,0,0,25.0,5,0,5,0,0,1,0,0.0,1,0,0,1,0,0,5,0,0,0,0,1,0,0,,139.393,42.8115
202,j_back_arc_2bbab            ,139.371,43.179,139.29,43.79,90.0,100,0,0,0,0,0,0,0,0,25.0,5,0,5,0,0,1,0,0.0,1,0,0,1,0,0,5,0,0,0,0,1,0,0,,139.3305,43.4845
203,j_back_arc_2bbba            ,139.29,43.79,139.291,43.817,90.0,100,0,0,0,0,0,0,0,0,25.0,5,0,5,0,0,1,0,0.0,1,0,0,1,0,0,5,0,0,0,0,1,0,0,,139.2905,43.8035
204,j_back_arc_2bbbbaa          ,139.291,43.817,139.312,44.02,90.0,100,0,0,0,0,0,0,0,0,25.0,5,0,5,0,0,1,0,0.0,1,0,0,1,0,0,5,0,0,0,0,1,0,0,,139.3015,43.9185
205,j_back_arc_2bbbbab          ,139.312,44.02,139.347,44.135,90.0,100,0,0,0,0,0,0,0,0,25.0,5,0,5,0,0,1,0,0.0,1,0,0,1,0,0,5,0,0,0,0,1,0,0,,139.3295,44.0775
206,j_back_arc_2bbbbb           ,139.347,44.135,139.381,44.299,90.0,100,0,0,0,0,0,0,0,0,25.0,5,0,5,0,0,1,0,0.0,1,0,0,1,0,0,5,0,0,0,0,1,0,0,,139.364,44.217
207,j_cut_2aabaaa               ,138.974,35.377,139.024,35.354,160.0,100,0,0,0,0,0,0,0,0,30.0,5,0,5,0,0,1,0,0.0,1,0,0,1,0,0,5,0,0,0,0,1,0,0,,138.999,35.3655
208,j_cut_2aabaab               ,139.024,35.354,139.12,35.307,160.0,100,0,0,0,0,0,0,0,0,30.0,5,0,5,0,0,1,0,0.0,1,0,0,1,0,0,5,0,0,0,3,1,0,0,,139.072,35.3305
209,j_cut_2aababa               ,139.12,35.307,139.16,35.27,160.0,100,0,0,0,0,0,0,0,0,30.0,5,0,5,0,0,1,0,0.0,1,0,0,1,0,0,5,0,0,0,3,1,0,0,,139.14,35.2885
210,j_cut_2aababb               ,139.16,35.27,139.194,35.241,160.0,100,0,0,0,0,0,0,0,0,30.0,5,0,5,0,0,1,0,0.0,1,0,0,1,0,0,5,0,0,0,3,1,0,0,,139.177,35.2555
211,j_cut_2aabbaaa              ,139.194,35.241,139.223,35.198,160.0,100,0,0,0,0,0,0,0,0,30.0,5,0,5,0,0,1,0,0.0,1,0,0,1,0,0,5,0,0,0,3,1,0,0,,139.20850000000002,35.2195
212,j_cut_2aabbaab              ,139.223,35.198,139.25,35.145,160.0,100,0,0,0,0,0,0,0,0,30.0,5,0,5,0,0,1,0,0.0,1,0,0,1,0,0,5,0,0,0,3,1,0,0,,139.2365,35.1715
213,j_cut_2aabbab               ,139.25,35.145,139.322,35.019,160.0,100,0,0,0,0,0,0,0,0,30.0,5,0,5,0,0,1,0,0.0,1,0,0,1,0,0,5,0,0,0,3,1,0,0,,139.286,35.082
214,j_cut_2aabbb                ,139.322,35.019,139.397,34.903,160.0,100,0,0,0,0,0,0,0,0,30.0,5,0,5,0,0,1,0,0.0,1,0,0,1,0,0,5,0,0,0,3,1,0,0,,139.3595,34.961
215,j_cut_2abaa                 ,139.397,34.903,139.496,34.823,168.0,100,0,0,0,0,0,0,0,0,30.0,5,0,5,0,0,1,0,0.0,1,0,0,1,0,0,5,0,0,0,3,1,0,0,,139.44650000000001,34.863
216,j_cut_2ababaa               ,139.496,34.823,139.562,34.772,168.0,100,0,0,0,0,0,0,0,0,30.0,5,0,5,0,0,1,0,0.0,1,0,0,1,0,0,5,0,0,0,3,1,0,0,,139.529,34.7975
217,j_cut_2ababab               ,139.562,34.772,139.644,34.734,168.0,100,0,0,0,0,0,0,0,0,30.0,5,0,5,0,0,1,0,0.0,1,0,0,1,0,0,5,0,0,0,3,1,0,0,,139.603,34.753
218,j_cut_2ababba               ,139.644,34.734,139.762,34.694,168.0,100,0,0,0,0,0,0,0,0,30.0,5,0,5,0,0,1,0,0.0,1,0,0,1,0,0,5,0,0,0,3,1,0,0,,139.703,34.714
219,j_cut_2ababbbaa             ,139.762,34.694,139.867,34.702,168.0,100,0,0,0,0,0,0,0,0,30.0,5,0,5,0,0,1,0,0.0,1,0,0,1,0,0,5,0,0,0,3,1,0,0,,139.8145,34.698
220,j_cut_2ababbbab             ,139.867,34.702,139.986,34.718,168.0,100,0,0,0,0,0,0,0,0,30.0,5,0,5,0,0,1,0,0.0,1,0,0,1,0,0,5,0,0,0,3,1,0,0,,139.92649999999998,34.71
221,j_cut_2ababbbb              ,139.986,34.718,140.058,34.654,168.0,100,0,0,0,0,0,0,0,0,30.0,5,0,5,0,0,1,0,0.0,1,0,0,1,0,0,5,0,0,0,3,1,0,0,,140.022,34.68600000000001
222,j_cut_2abba                 ,140.058,34.654,140.127,34.579,167.5,100,0,0,0,0,0,0,0,0,25.0,5,0,5,0,0,1,0,0.0,1,0,0,1,0,0,5,0,0,0,3,1,0,0,,140.0925,34.6165
223,j_cut_2abbb                 ,140.127,34.579,140.305,34.46,167.5,100,0,0,0,0,0,0,0,0,25.0,5,0,5,0,0,1,0,0.0,1,0,0,1,0,0,5,0,0,0,3,1,0,0,,140.216,34.5195
224,j_cut_2ba                   ,140.305,34.46,140.701,34.324,175.0,100,0,0,0,0,0,0,0,0,6.5,5,0,5,0,0,1,0,0.0,1,0,0,1,0,0,5,0,0,0,3,1,0,0,,140.503,34.391999999999996
225,j_cut_2bba                  ,140.701,34.324,140.985,34.268,175.0,100,0,0,0,0,0,0,0,0,6.5,5,0,5,0,0,1,0,0.0,1,0,0,1,0,0,5,0,0,0,3,1,0,0,,140.84300000000002,34.296
226,j_cut_2bbbaaa               ,140.985,34.268,141.204,34.289,175.0,100,0,0,0,0,0,0,0,0,6.5,5,0,5,0,0,1,0,0.0,1,0,0,1,0,0,5,0,0,0,3,1,0,0,,141.0945,34.2785
227,j_cut_2bbbaab               ,141.204,34.289,141.319,34.282,175.0,100,0,0,0,0,0,0,0,0,6.5,5,0,5,0,0,1,0,0.0,1,0,0,1,0,0,5,0,0,0,3,1,0,0,,141.2615,34.2855
228,j_cut_2bbbaba               ,141.319,34.282,141.527,34.253,175.0,100,0,0,0,0,0,0,0,0,6.5,5,0,5,0,0,1,0,0.0,1,0,0,1,0,0,5,0,0,0,3,1,0,0,,141.423,34.2675
229,j_cut_2bbbabb               ,141.527,34.253,141.735,34.205,175.0,100,0,0,0,0,0,0,0,0,6.5,5,0,5,0,0,1,0,0.0,1,0,0,1,0,0,5,0,0,0,3,1,0,0,,141.631,34.229
230,j_cut_2bbbba                ,141.735,34.205,141.82,34.175,175.0,100,0,0,0,0,0,0,0,0,6.5,5,0,5,0,0,1,0,0.0,1,0,0,1,0,0,5,0,0,0,3,1,0,0,,141.7775,34.19
231,j_cut_2bbbbba               ,141.82,34.175,141.912,34.157,175.0,100,0,0,0,0,0,0,0,0,6.5,5,0,5,0,0,1,0,0.0,1,0,0,1,0,0,5,0,0,0,3,1,0,0,,141.86599999999999,34.166
232,j_cut_2bbbbbb               ,141.912,34.157,142.063,34.129,175.0,100,0,0,0,0,0,0,0,0,6.5,5,0,5,0,0,1,0,0.0,1,0,0,1,0,0,5,0,0,0,3,1,0,0,,141.9875,34.143
233,kanazawaaa                  ,140.706,39.206,140.736,39.388,45.0,100,0,0,0,0,0,0,0,0,15.0,5,0,1,0,0,1,0,0.0,1,0,0,1,0,15,5,0,0,0,0,1,0,0,,140.721,39.297
234,kanazawaaba                 ,140.736,39.388,140.826,39.507,45.0,100,0,0,0,0,0,0,0,0,15.0,5,0,1,0,0,1,0,0.0,1,0,0,1,0,15,5,0,0,0,0,1,0,0,,140.781,39.4475
235,kanazawaabb                 ,140.826,39.507,140.932,39.706,45.0,100,0,0,0,0,0,0,0,0,15.0,5,0,1,0,0,1,0,0.0,1,0,0,1,0,15,5,0,0,0,0,1,0,0,,140.879,39.6065
236,kanazawabaa                 ,140.932,39.706,140.98,40.037,45.0,100,0,0,0,0,0,0,0,0,15.0,5,0,1,0,0,1,0,0.0,1,0,0,1,0,15,5,0,0,0,0,1,0,0,,140.956,39.8715
237,kanazawabab                 ,140.98,40.037,140.946,40.339,45.0,100,0,0,0,0,0,0,0,0,15.0,5,0,1,0,0,1,0,0.0,1,0,0,1,0,15,5,0,0,0,0,1,0,0,,140.963,40.188
238,kanazawabb                  ,140.946,40.339,140.847,40.765,45.0,100,0,0,0,0,0,0,0,0,15.0,5,0,1,0,0,1,0,0.0,1,0,0,1,0,15,5,0,0,0,0,1,0,0,,140.8965,40.552
239,kurokura                    ,138.974,35.377,139.72,35.935,90.0,100,0,0,0,0,0,0,0,0,15.0,5,0,1,0,0,1,0,0.0,1,0,0,1,0,15,5,0,0,0,-1,0,0,0,,139.34699999999998,35.656000000000006
240,median_tectonic_lineaaabaa  ,132.677,33.731,132.755,33.772,120.0,100,0,0,0,0,0,0,0,0,15.0,5,0,5,0,0,1,0,0.0,1,0,0,1,0,0,5,0,0,0,0,1,0,0,,132.716,33.7515
241,median_tectonic_lineaaabaa  ,132.677,33.731,131.989,33.424,120.0,100,0,0,0,0,0,0,0,0,15.0,5,0,1,0,0,1,0,0.0,1,0,0,1,0,15,5,0,0,0,-1,0,0,0,,132.333,33.5775
242,median_tectonic_lineaaababa ,132.755,33.772,132.905,33.798,90.0,100,0,0,0,0,0,0,0,0,15.0,5,0,5,0,0,1,0,0.0,1,0,0,1,0,0,5,0,0,0,0,1,0,0,,132.82999999999998,33.785
243,median_tectonic_lineaaababba,132.905,33.798,132.974,33.831,90.0,100,0,0,0,0,0,0,0,0,15.0,5,0,5,0,0,1,0,0.0,1,0,0,1,0,0,5,0,0,0,0,1,0,0,,132.9395,33.8145
244,median_tectonic_lineaaababbb,132.974,33.831,133.095,33.877,90.0,100,0,0,0,0,0,0,0,0,15.0,5,0,5,0,0,1,0,0.0,1,0,0,1,0,0,5,0,0,0,0,1,0,0,,133.03449999999998,33.854
245,median_tectonic_lineaaabb   ,133.095,33.877,133.25,33.902,90.0,100,0,0,0,0,0,0,0,0,15.0,5,0,5,0,0,1,0,0.0,1,0,0,1,0,0,5,0,0,0,0,1,0,0,,133.1725,33.8895
246,median_tectonic_lineaabaa   ,133.25,33.902,133.627,33.977,90.0,100,0,0,0,0,0,0,0,0,15.0,5,0,5,0,0,1,0,0.0,1,0,0,1,0,0,5,0,0,0,0,1,0,0,,133.4385,33.939499999999995
247,median_tectonic_lineaabab   ,133.627,33.977,133.857,34.042,120.0,100,0,0,0,0,0,0,0,0,15.0,5,0,5,0,0,1,0,0.0,1,0,0,1,0,0,5,0,0,0,0,1,0,0,,133.74200000000002,34.0095
248,median_tectonic_lineaabba   ,133.857,34.042,134.097,34.068,120.0,100,0,0,0,0,0,0,0,0,15.0,5,0,5,0,0,1,0,0.0,1,0,0,1,0,0,5,0,0,0,0,1,0,0,,133.977,34.055
249,median_tectonic_lineaabbb   ,134.097,34.068,134.768,34.195,120.0,100,0,0,0,0,0,0,0,0,15.0,5,0,5,0,0,1,0,0.0,1,0,0,1,0,0,5,0,0,0,0,1,0,0,,134.4325,34.1315
250,median_tectonic_lineabaaaa  ,134.768,34.195,134.89,34.345,90.0,100,0,0,0,0,0,0,0,0,15.0,5,0,5,0,0,1,0,0.0,1,0,0,1,0,0,5,0,0,0,0,1,0,0,,134.829,34.269999999999996
251,median_tectonic_lineabaaab  ,134.89,34.345,134.949,34.466,90.0,100,0,0,0,0,0,0,0,0,15.0,5,0,5,0,0,1,0,0.0,1,0,0,1,0,0,5,0,0,0,0,1,0,0,,134.9195,34.4055
252,median_tectonic_lineabaab   ,134.949,34.466,135.199,34.707,90.0,100,0,0,0,0,0,0,0,0,15.0,5,0,5,0,0,1,0,0.0,1,0,0,1,0,0,5,0,0,0,0,1,0,0,,135.074,34.5865
253,median_tectonic_lineababa   ,135.199,34.707,135.337,34.788,90.0,100,0,0,0,0,0,0,0,0,15.0,5,0,5,0,0,1,0,0.0,1,0,0,1,0,0,5,0,0,0,0,1,0,0,,135.268,34.7475
254,median_tectonic_lineababb   ,135.337,34.788,135.467,34.829,90.0,100,0,0,0,0,0,0,0,0,15.0,5,0,5,0,0,1,0,0.0,1,0,0,1,0,0,5,0,0,0,0,1,0,0,,135.402,34.808499999999995
255,mex-coast                   ,253.92,18.86,268.64,12.88,90.0,100,0,0,0,0,0,0,0,0,0.0,5,0,1,0,0,1,0,0.0,1,0,0,1,0,15,5,0,0,0,0,1,0,0,,261.28,15.870000000000001
256,mtl-conn1a                  ,135.467,34.829,135.652,34.856,90.0,100,0,0,0,0,0,0,0,0,15.0,5,0,1,0,0,1,0,0.0,1,0,0,1,0,15,5,0,0,0,0,1,0,0,,135.5595,34.8425
257,mtl-conn1baa                ,135.652,34.856,135.73,34.862,90.0,100,0,0,0,0,0,0,0,0,15.0,5,0,1,0,0,1,0,0.0,1,0,0,1,0,15,5,0,0,0,0,1,0,0,,135.69099999999997,34.859
258,mtl-conn1bab                ,135.73,34.862,135.775,34.892,90.0,100,0,0,0,0,0,0,0,0,15.0,5,0,1,0,0,1,0,0.0,1,0,0,1,0,15,5,0,0,0,0,1,0,0,,135.7525,34.877
259,mtl-conn1bba                ,135.775,34.892,135.831,34.976,90.0,100,0,0,0,0,0,0,0,0,15.0,5,0,1,0,0,1,0,0.0,1,0,0,1,0,15,5,0,0,0,0,1,0,0,,135.803,34.934
260,mtl-conn1bbb                ,135.831,34.976,135.876,35.058,90.0,100,0,0,0,0,0,0,0,0,15.0,5,0,1,0,0,1,0,0.0,1,0,0,1,0,15,5,0,0,0,0,1,0,0,,135.8535,35.016999999999996
261,muikamachia                 ,138.334,36.727,138.387,36.856,135.0,100,0,0,0,0,0,0,0,0,10.0,5,0,1,0,0,1,0,0.0,1,0,0,1,0,15,5,0,0,0,0,1,0,0,,138.3605,36.7915
262,muikamachibaaa              ,138.387,36.856,138.599,37.104,135.0,100,0,0,0,0,0,0,0,0,15.0,5,0,1,0,0,1,0,0.0,1,0,0,1,0,15,5,0,0,0,0,1,0,0,,138.493,36.980000000000004
263,muikamachibaab              ,138.599,37.104,138.771,37.333,135.0,100,0,0,0,0,0,0,0,0,15.0,5,0,1,0,0,1,0,0.0,1,0,0,1,0,15,5,0,0,0,0,1,0,0,,138.685,37.2185
264,muikamachibabaa             ,138.771,37.333,138.927,37.523,135.0,100,0,0,0,0,0,0,0,0,15.0,5,0,1,0,0,1,0,0.0,1,0,0,1,0,15,5,0,0,0,0,1,0,0,,138.849,37.428
265,muikamachibabab             ,138.927,37.523,139.022,37.717,135.0,100,0,0,0,0,0,0,0,0,15.0,5,0,1,0,0,1,0,0.0,1,0,0,1,0,15,5,0,0,0,0,1,0,0,,138.97449999999998,37.620000000000005
266,muikamachibabba             ,139.022,37.717,139.141,37.811,135.0,100,0,0,0,0,0,0,0,0,15.0,5,0,1,0,0,1,0,0.0,1,0,0,1,0,15,5,0,0,0,0,1,0,0,,139.0815,37.763999999999996
267,muikamachibabbb             ,139.141,37.811,139.322,37.92,135.0,100,0,0,0,0,0,0,0,0,5.0,5,0,1,0,0,1,0,0.0,1,0,0,1,0,15,5,0,0,0,0,1,0,0,,139.23149999999998,37.8655
268,muikamachibb                ,139.322,37.92,139.419,38.021,135.0,100,0,0,0,0,0,0,0,0,0.0,5,0,1,0,0,1,0,0.0,1,0,0,1,0,15,5,0,0,0,0,1,0,0,,139.3705,37.9705
269,n_ridge_1aaaa               ,131.794,33.351,131.514,33.299,120.0,100,0,0,0,0,0,0,0,0,15.0,5,0,1,0,0,1,0,0.0,1,0,0,1,0,15,5,0,0,0,0,1,0,0,,131.654,33.325
270,n_ridge_1aaab               ,131.514,33.299,131.406,33.259,120.0,100,0,0,0,0,0,0,0,0,15.0,5,0,1,0,0,1,0,0.0,1,0,0,1,0,15,5,0,0,0,0,1,0,0,,131.46,33.278999999999996
271,n_ridge_1aaba               ,131.406,33.259,131.236,33.208,120.0,100,0,0,0,0,0,0,0,0,15.0,5,0,1,0,0,1,0,0.0,1,0,0,1,0,15,5,0,0,0,0,1,0,0,,131.321,33.2335
272,n_ridge_1aabb               ,131.236,33.208,131.109,33.102,90.0,100,0,0,0,0,0,0,0,0,15.0,5,0,1,0,0,1,0,0.0,1,0,0,1,0,15,5,0,0,0,0,1,0,0,,131.1725,33.155
273,n_ridge_1aba                ,131.109,33.102,130.917,32.959,90.0,100,0,0,0,0,0,0,0,0,15.0,5,0,1,0,0,1,0,0.0,1,0,0,1,0,15,5,0,0,0,0,1,0,0,,131.013,33.0305
274,n_ridge_1abb                ,130.917,32.959,130.829,32.908,90.0,100,0,0,0,0,0,0,0,0,15.0,5,0,1,0,0,1,0,0.0,1,0,0,1,0,15,5,0,0,0,0,1,0,0,,130.873,32.9335
275,n_ridge_2a                  ,121.776,24.283,121.917,24.812,90.0,100,0,0,0,0,0,0,0,0,15.0,5,0,5,0,0,1,0,0.0,1,0,0,1,0,0,5,0,0,0,0,1,0,0,,121.84649999999999,24.5475
276,n_ridge_2baaaaa             ,121.917,24.812,122.486,24.909,90.0,100,0,0,0,0,0,0,0,0,5.0,5,0,5,0,0,1,0,0.0,1,0,0,1,0,0,5,0,0,0,0,1,0,0,,122.20150000000001,24.860500000000002
277,n_ridge_2baaaab             ,122.486,24.909,123.194,24.854,90.0,100,0,0,0,0,0,0,0,0,5.0,5,0,5,0,0,1,0,0.0,1,0,0,1,0,0,5,0,0,0,0,1,0,0,,122.84,24.8815
278,n_ridge_2baaab              ,123.194,24.854,123.717,24.895,90.0,100,0,0,0,0,0,0,0,0,5.0,5,0,5,0,0,1,0,0.0,1,0,0,1,0,0,5,0,0,0,0,1,0,0,,123.4555,24.874499999999998
279,n_ridge_2baab               ,123.717,24.895,123.785,24.909,90.0,100,0,0,0,0,0,0,0,0,5.0,5,0,5,0,0,1,0,0.0,1,0,0,1,0,0,5,0,0,0,0,1,0,0,,123.751,24.902
280,n_ridge_2bab                ,123.785,24.909,124.686,25.143,90.0,100,0,0,0,0,0,0,0,0,5.0,5,0,5,0,0,1,0,0.0,1,0,0,1,0,0,5,0,0,0,0,1,0,0,,124.2355,25.026
281,n_ridge_2bb                 ,124.686,25.143,124.671,25.473,90.0,100,0,0,0,0,0,0,0,0,5.0,5,0,5,0,0,1,0,0.0,1,0,0,1,0,0,5,0,0,0,0,1,0,0,,124.67850000000001,25.308
282,n_ridge_3aaaaaaa            ,124.671,25.473,125.732,25.652,90.0,100,0,0,0,0,0,0,0,0,5.0,5,0,5,0,0,1,0,0.0,1,0,0,1,0,0,5,0,0,0,0,1,0,0,,125.20150000000001,25.5625
283,n_ridge_3aaaaaab            ,125.732,25.652,125.64,25.914,90.0,100,0,0,0,0,0,0,0,0,5.0,5,0,5,0,0,1,0,0.0,1,0,0,1,0,0,5,0,0,0,0,1,0,0,,125.686,25.783
284,n_ridge_3aaaaaba            ,125.64,25.914,126.101,26.135,90.0,100,0,0,0,0,0,0,0,0,5.0,5,0,5,0,0,1,0,0.0,1,0,0,1,0,0,5,0,0,0,0,1,0,0,,125.87049999999999,26.024500000000003
285,n_ridge_3aaaaabb            ,126.101,26.135,126.363,26.369,90.0,100,0,0,0,0,0,0,0,0,5.0,5,0,5,0,0,1,0,0.0,1,0,0,1,0,0,5,0,0,0,0,1,0,0,,126.232,26.252000000000002
286,n_ridge_3aaaab              ,126.363,26.369,126.439,26.52,90.0,100,0,0,0,0,0,0,0,0,5.0,5,0,5,0,0,1,0,0.0,1,0,0,1,0,0,5,0,0,0,0,1,0,0,,126.401,26.444499999999998
287,n_ridge_3aaab               ,126.439,26.52,126.809,26.823,90.0,100,0,0,0,0,0,0,0,0,5.0,5,0,5,0,0,1,0,0.0,1,0,0,1,0,0,5,0,0,0,0,1,0,0,,126.624,26.6715
288,n_ridge_3aabaa              ,126.809,26.823,126.752,26.972,90.0,100,0,0,0,0,0,0,0,0,5.0,5,0,5,0,0,1,0,0.0,1,0,0,1,0,0,5,0,0,0,0,1,0,0,,126.78049999999999,26.8975
289,n_ridge_3aababa             ,126.752,26.972,126.885,27.154,90.0,100,0,0,0,0,0,0,0,0,5.0,5,0,5,0,0,1,0,0.0,1,0,0,1,0,0,5,0,0,0,0,1,0,0,,126.8185,27.063000000000002
290,n_ridge_3aababb             ,126.885,27.154,127.408,27.484,90.0,100,0,0,0,0,0,0,0,0,5.0,5,0,5,0,0,1,0,0.0,1,0,0,1,0,0,5,0,0,0,0,1,0,0,,127.1465,27.319000000000003
291,n_ridge_3aabb               ,127.408,27.484,127.325,27.643,90.0,100,0,0,0,0,0,0,0,0,5.0,5,0,5,0,0,1,0,0.0,1,0,0,1,0,0,5,0,0,0,0,1,0,0,,127.3665,27.5635
292,na-e                        ,285.123,83.254,268.64,12.88,90.0,100,0,0,0,0,0,0,0,0,15.0,5,0,1,0,0,1,0,0.0,1,0,0,1,0,15,5,0,0,0,0,1,0,0,,276.88149999999996,48.067
293,neodaniaaa                  ,137.2,35.203,137.158,35.27,90.0,100,0,0,0,0,0,0,0,0,15.0,5,0,1,0,0,1,0,0.0,1,0,0,1,0,15,5,0,0,0,-1,0,0,0,,137.17899999999997,35.23650000000001
294,neodaniaab                  ,137.158,35.27,136.89,35.428,90.0,100,0,0,0,0,0,0,0,0,15.0,5,0,1,0,0,1,0,0.0,1,0,0,1,0,15,5,0,0,0,-1,0,0,0,,137.024,35.349000000000004
295,neodaniaba                  ,136.89,35.428,136.713,35.52,90.0,100,0,0,0,0,0,0,0,0,15.0,5,0,1,0,0,1,0,0.0,1,0,0,1,0,15,5,0,0,0,-1,0,0,0,,136.80149999999998,35.474000000000004
296,neodaniabb                  ,136.713,35.52,136.55,35.726,90.0,100,0,0,0,0,0,0,0,0,15.0,5,0,1,0,0,1,0,0.0,1,0,0,1,0,15,5,0,0,0,-1,0,0,0,,136.63150000000002,35.623000000000005
297,neodanib                    ,136.55,35.726,136.375,35.886,90.0,100,0,0,0,0,0,0,0,0,15.0,5,0,1,0,0,1,0,0.0,1,0,0,1,0,15,5,0,0,0,-1,0,0,0,,136.4625,35.806
298,neryu                       ,130.0,26.986,128.531,28.366,90.0,100,0,0,0,0,0,0,0,0,15.0,5,0,1,0,0,1,0,0.0,1,0,0,1,0,15,5,0,0,0,-1,0,0,0,,129.2655,27.676000000000002
299,nktz2                       ,136.898,36.211,136.375,35.886,90.0,100,0,0,0,0,0,0,0,0,15.0,5,0,1,0,0,1,0,0.0,1,0,0,1,0,15,5,0,0,0,-1,0,0,0,,136.6365,36.048500000000004
300,nktz3                       ,136.375,35.886,136.133,35.711,90.0,100,0,0,0,0,0,0,0,0,15.0,5,0,1,0,0,1,0,0.0,1,0,0,1,0,15,5,0,0,0,-1,0,0,0,,136.25400000000002,35.798500000000004
301,nnktzaa                     ,138.334,36.727,138.226,36.671,135.0,100,0,0,0,0,0,0,0,0,15.0,5,0,1,0,0,1,0,0.0,1,0,0,1,0,15,5,0,0,0,-1,0,0,0,,138.28,36.699
302,nnktzab                     ,138.226,36.671,138.121,36.611,135.0,100,0,0,0,0,0,0,0,0,15.0,5,0,1,0,0,1,0,0.0,1,0,0,1,0,15,5,0,0,0,-1,0,0,0,,138.1735,36.641
303,nnktzb                      ,138.121,36.611,137.843,36.562,90.0,100,0,0,0,0,0,0,0,0,15.0,5,0,1,0,0,1,0,0.0,1,0,0,1,0,15,5,0,0,0,-1,0,0,0,,137.982,36.5865
304,nw-izua                     ,138.974,35.377,138.834,35.354,135.0,100,0,0,0,0,0,0,0,0,15.0,5,0,1,0,0,1,0,0.0,1,0,0,1,0,15,5,0,0,0,-1,0,0,0,,138.904,35.3655
305,nw-izub                     ,138.834,35.354,138.547,35.297,135.0,100,0,0,0,0,0,0,0,0,15.0,5,0,1,0,0,1,0,0.0,1,0,0,1,0,15,5,0,0,0,-1,0,0,0,,138.6905,35.3255
306,nwhonshu-sojaa              ,141.276,46.92,140.425,46.024,90.0,100,0,0,0,0,0,0,0,0,15.0,5,0,1,0,0,1,0,0.0,1,0,0,1,0,15,5,0,0,0,0,1,0,0,,140.8505,46.472
307,ok_eu_1                     ,144.88,65.161,142.201,68.038,90.0,100,0,0,0,0,0,0,0,0,15.0,5,0,5,0,0,1,0,0.0,1,0,0,1,0,0,5,0,0,0,0,1,0,0,,143.5405,66.5995
308,ok_eu_2ab                   ,142.376,54.096,141.439,56.281,90.0,100,0,0,0,0,0,0,0,0,15.0,5,0,5,0,0,1,0,0.0,1,0,0,1,0,0,5,0,0,0,0,1,0,0,,141.9075,55.1885
309,ok_eu_2baa                  ,141.439,56.281,142.007,59.925,90.0,100,0,0,0,0,0,0,0,0,15.0,5,0,5,0,0,1,0,0.0,1,0,0,1,0,0,5,0,0,0,0,1,0,0,,141.723,58.102999999999994
310,ok_eu_2bab                  ,142.007,59.925,146.852,61.85,90.0,100,0,0,0,0,0,0,0,0,15.0,5,0,5,0,0,1,0,0.0,1,0,0,1,0,0,5,0,0,0,0,1,0,0,,144.42950000000002,60.8875
311,ok_eu_2bb                   ,146.852,61.85,144.88,65.161,90.0,100,0,0,0,0,0,0,0,0,15.0,5,0,5,0,0,1,0,0.0,1,0,0,1,0,0,5,0,0,0,0,1,0,0,,145.86599999999999,63.5055
312,okhostk1                    ,162.646,56.387,164.025,55.235,90.0,100,0,0,0,0,0,0,0,0,15.0,5,0,5,0,0,1,0,0.0,1,0,0,1,0,0,5,0,0,0,0,1,0,0,,163.3355,55.811
313,okin-yang                   ,129.107,31.359,129.337,31.861,90.0,100,0,0,0,0,0,0,0,0,15.0,5,0,1,0,0,1,0,0.0,1,0,0,1,0,15,5,0,0,0,-1,0,0,0,,129.22199999999998,31.61
314,okinawa_connaaa             ,127.325,27.643,128.531,28.366,90.0,100,0,0,0,0,0,0,0,0,5.0,5,0,1,0,0,1,0,0.0,1,0,0,1,0,15,5,0,0,0,0,1,0,0,,127.928,28.0045
315,okinawa_connaab             ,128.531,28.366,128.316,28.698,90.0,100,0,0,0,0,0,0,0,0,5.0,5,0,1,0,0,1,0,0.0,1,0,0,1,0,15,5,0,0,0,0,1,0,0,,128.4235,28.532
316,okinawa_connab              ,128.316,28.698,129.044,29.346,90.0,100,0,0,0,0,0,0,0,0,5.0,5,0,1,0,0,1,0,0.0,1,0,0,1,0,15,5,0,0,0,0,1,0,0,,128.68,29.022
317,okinawa_connbaaa            ,129.044,29.346,128.65,29.879,90.0,100,0,0,0,0,0,0,0,0,5.0,5,0,1,0,0,1,0,0.0,1,0,0,1,0,15,5,0,0,0,0,1,0,0,,128.847,29.6125
318,okinawa_connbaaba           ,128.65,29.879,128.875,30.087,90.0,100,0,0,0,0,0,0,0,0,5.0,5,0,1,0,0,1,0,0.0,1,0,0,1,0,15,5,0,0,0,0,1,0,0,,128.7625,29.983
319,okinawa_connbaabb           ,128.875,30.087,128.843,30.35,90.0,100,0,0,0,0,0,0,0,0,5.0,5,0,1,0,0,1,0,0.0,1,0,0,1,0,15,5,0,0,0,0,1,0,0,,128.85899999999998,30.2185
320,okinawa_connbab             ,128.843,30.35,128.905,30.662,90.0,100,0,0,0,0,0,0,0,0,5.0,5,0,1,0,0,1,0,0.0,1,0,0,1,0,15,5,0,0,0,0,1,0,0,,128.874,30.506
321,okinawa_connbb              ,128.905,30.662,129.107,31.359,90.0,100,0,0,0,0,0,0,0,0,5.0,5,0,1,0,0,1,0,0.0,1,0,0,1,0,15,5,0,0,0,0,1,0,0,,129.006,31.0105
322,pac-s                       ,158.7,-59.8,242.88,-54.28,90.0,100,0,0,0,0,0,0,0,0,0.0,5,0,1,0,0,1,0,0.0,1,0,0,1,0,15,5,0,0,0,0,1,0,0,,200.79,-57.04
323,pac_12aaa                   ,147.688,19.393,147.853,17.156,25.0,100,0,0,0,0,0,0,0,0,0.0,5,0,5,0,0,1,0,0.0,1,0,0,1,0,0,5,0,0,0,0,1,0,0,,147.7705,18.2745
324,pac_12aab                   ,147.853,17.156,146.863,13.258,155.0,100,0,0,0,0,0,0,0,0,0.0,5,0,5,0,0,1,0,0.0,1,0,0,1,0,0,5,0,0,0,0,1,0,0,,147.358,15.206999999999999
325,pac_12abaa                  ,146.863,13.258,141.543,10.92,155.0,100,0,0,0,0,0,0,0,0,0.0,5,0,5,0,0,1,0,0.0,1,0,0,1,0,0,5,0,0,0,0,1,0,0,,144.203,12.088999999999999
326,pac_12abab                  ,141.543,10.92,138.75,10.789,155.0,100,0,0,0,0,0,0,0,0,0.0,5,0,5,0,0,1,0,0.0,1,0,0,1,0,0,5,0,0,0,0,1,0,0,,140.1465,10.8545
327,pac_12abba                  ,138.75,10.789,137.12,7.497,155.0,100,0,0,0,0,0,0,0,0,0.0,5,0,5,0,0,1,0,0.0,1,0,0,1,0,0,5,0,0,0,0,1,0,0,,137.935,9.143
328,pac_12abbb                  ,137.12,7.497,134.488,6.837,155.0,100,0,0,0,0,0,0,0,0,0.0,5,0,5,0,0,1,0,0.0,1,0,0,1,0,0,5,0,0,0,0,1,0,0,,135.804,7.167
329,pac_12b                     ,134.488,6.837,132.7,3.746,155.0,100,0,0,0,0,0,0,0,0,0.0,5,0,5,0,0,1,0,0.0,1,0,0,1,0,0,5,0,0,0,0,1,0,0,,133.594,5.2915
330,pac_19                      ,127.104,4.015,127.998,1.218,90.0,100,0,0,0,0,0,0,0,0,0.0,5,0,5,0,0,1,0,0.0,1,0,0,1,0,0,5,0,0,0,0,1,0,0,,127.551,2.6165
331,pac_20a                     ,127.998,1.218,132.425,0.416,90.0,100,0,0,0,0,0,0,0,0,0.0,5,0,5,0,0,1,0,0.0,1,0,0,1,0,0,5,0,0,0,0,1,0,0,,130.2115,0.817
332,pac_20b                     ,132.425,0.416,152.121,-2.852,90.0,100,0,0,0,0,0,0,0,0,0.0,5,0,5,0,0,1,0,0.0,1,0,0,1,0,0,5,0,0,0,0,1,0,0,,142.27300000000002,-1.218
333,pac_22                      ,152.121,-2.852,164.629,-9.718,90.0,100,0,0,0,0,0,0,0,0,0.0,5,0,5,0,0,1,0,0.0,1,0,0,1,0,0,5,0,0,0,0,1,0,0,,158.375,-6.285
334,pac_23                      ,164.629,-9.718,167.905,-16.076,90.0,100,0,0,0,0,0,0,0,0,0.0,5,0,5,0,0,1,0,0.0,1,0,0,1,0,0,5,0,0,0,0,1,0,0,,166.267,-12.897
335,pac_24a                     ,167.905,-16.076,185.84,-15.18,90.0,100,0,0,0,0,0,0,0,0,0.0,5,0,5,0,0,1,0,0.0,1,0,0,1,0,0,5,0,0,0,0,1,0,0,,176.8725,-15.628
336,pac_crossa                  ,242.88,-54.28,253.92,18.86,90.0,100,0,0,0,0,0,0,0,0,0.0,5,0,5,0,0,1,0,0.0,1,0,0,1,0,0,5,0,0,0,0,1,0,0,,248.39999999999998,-17.71
337,pac_crossb                  ,222.518,58.648,253.92,18.86,90.0,100,0,0,0,0,0,0,0,0,0.0,5,0,5,0,0,1,0,0.0,1,0,0,1,0,0,5,0,0,0,0,1,0,0,,238.219,38.754000000000005
338,pac_na_6aa                  ,214.594,59.586,217.715,60.5,90.0,100,0,0,0,0,0,0,0,0,0.0,5,0,5,0,0,1,0,0.0,1,0,0,1,0,0,5,0,0,0,0,1,0,0,,216.15449999999998,60.043
339,pac_na_6aba                 ,217.715,60.5,220.258,60.336,90.0,100,0,0,0,0,0,0,0,0,0.0,5,0,5,0,0,1,0,0.0,1,0,0,1,0,0,5,0,0,0,0,1,0,0,,218.9865,60.418
340,pac_na_6abb                 ,220.258,60.336,222.518,58.648,90.0,100,0,0,0,0,0,0,0,0,0.0,5,0,5,0,0,1,0,0.0,1,0,0,1,0,0,5,0,0,0,0,1,0,0,,221.388,59.492000000000004
341,pac_na_6b                   ,204.236,54.617,208.477,56.234,90.0,100,0,0,0,0,0,0,0,0,0.0,5,0,5,0,0,1,0,0.0,1,0,0,1,0,0,5,0,0,0,0,1,0,0,,206.35649999999998,55.4255
342,pac_na_7a                   ,208.477,56.234,212.105,57.523,90.0,100,0,0,0,0,0,0,0,0,0.0,5,0,5,0,0,1,0,0.0,1,0,0,1,0,0,5,0,0,0,0,1,0,0,,210.291,56.8785
343,pac_na_7b                   ,212.105,57.523,214.594,59.586,90.0,100,0,0,0,0,0,0,0,0,0.0,5,0,5,0,0,1,0,0.0,1,0,0,1,0,0,5,0,0,0,0,1,0,0,,213.34949999999998,58.554500000000004
344,pac_sub_1aaaaaa             ,142.063,34.129,142.204,34.71,160.0,100,0,0,0,0,0,0,0,0,0.0,5,0,5,0,0,1,0,0.0,1,0,0,1,0,0,5,0,0,0,2,1,0,0,,142.1335,34.4195
345,pac_sub_1aaaaab             ,142.204,34.71,142.263,35.11,160.0,100,0,0,0,0,0,0,0,0,0.0,5,0,5,0,0,1,0,0.0,1,0,0,1,0,0,5,0,0,0,2,1,0,0,,142.2335,34.91
346,pac_sub_1aaaab              ,142.263,35.11,142.343,35.391,160.0,100,0,0,0,0,0,0,0,0,0.0,5,0,5,0,0,1,0,0.0,1,0,0,1,0,0,5,0,0,0,2,1,0,0,,142.303,35.2505
347,pac_sub_1aaaba              ,142.343,35.391,142.474,35.827,160.0,100,0,0,0,0,0,0,0,0,18.0,5,0,5,0,0,1,0,0.0,1,0,0,1,0,0,5,0,0,0,2,1,0,0,,142.4085,35.608999999999995
348,pac_sub_1aaabb              ,142.474,35.827,142.743,36.236,160.0,100,0,0,0,0,0,0,0,0,23.0,5,0,5,0,0,1,0,0.0,1,0,0,1,0,0,5,0,0,0,2,1,0,0,,142.6085,36.031499999999994
349,pac_sub_1aab                ,142.743,36.236,143.361,37.021,160.0,100,0,0,0,0,0,0,0,0,50.0,5,0,5,0,0,1,0,0.0,1,0,0,1,0,0,5,0,0,0,2,1,0,0,,143.052,36.6285
350,pac_sub_1ab                 ,143.361,37.021,143.644,37.612,160.0,100,0,0,0,0,0,0,0,0,31.0,5,0,5,0,0,1,0,0.0,1,0,0,1,0,0,5,0,0,0,2,1,0,0,,143.5025,37.316500000000005
351,pac_sub_1baaa               ,143.644,37.612,143.861,38.214,160.0,100,0,0,0,0,0,0,0,0,60.0,5,0,5,0,0,1,0,0.0,1,0,0,1,0,0,5,0,0,0,2,1,0,0,,143.7525,37.913
352,pac_sub_1baab               ,143.861,38.214,143.926,38.414,160.0,100,0,0,0,0,0,0,0,0,65.0,5,0,5,0,0,1,0,0.0,1,0,0,1,0,0,5,0,0,0,2,1,0,0,,143.8935,38.314
353,pac_sub_1babaa              ,143.926,38.414,144.005,38.604,160.0,100,0,0,0,0,0,0,0,0,55.0,5,0,5,0,0,1,0,0.0,1,0,0,1,0,0,5,0,0,0,2,1,0,0,,143.9655,38.509
354,pac_sub_1babab              ,144.005,38.604,144.058,38.738,160.0,100,0,0,0,0,0,0,0,0,40.0,5,0,5,0,0,1,0,0.0,1,0,0,1,0,0,5,0,0,0,2,1,0,0,,144.0315,38.671
355,pac_sub_1babb               ,144.058,38.738,144.155,39.074,160.0,100,0,0,0,0,0,0,0,0,35.0,5,0,5,0,0,1,0,0.0,1,0,0,1,0,0,5,0,0,0,2,1,0,0,,144.10649999999998,38.906
356,pac_sub_1bbaa               ,144.155,39.074,144.222,39.464,160.0,100,0,0,0,0,0,0,0,0,20.0,5,0,5,0,0,1,0,0.0,1,0,0,1,0,0,5,0,0,0,2,1,0,0,,144.1885,39.269
357,pac_sub_1bbab               ,144.222,39.464,144.288,40.036,160.0,100,0,0,0,0,0,0,0,0,22.0,5,0,5,0,0,1,0,0.0,1,0,0,1,0,0,5,0,0,0,2,1,0,0,,144.255,39.75
358,pac_sub_1bbba               ,144.288,40.036,144.466,40.488,160.0,100,0,0,0,0,0,0,0,0,30.0,5,0,5,0,0,1,0,0.0,1,0,0,1,0,0,5,0,0,0,2,1,0,0,,144.377,40.262
359,pac_sub_1bbbb               ,144.466,40.488,144.65,40.994,160.0,100,0,0,0,0,0,0,0,0,30.0,5,0,5,0,0,1,0,0.0,1,0,0,1,0,0,5,0,0,0,2,1,0,0,,144.558,40.741
360,pac_sub_2aaaaaa             ,144.65,40.994,144.878,41.202,160.0,100,0,0,0,0,0,0,0,0,50.0,5,0,5,0,0,1,0,0.0,1,0,0,1,0,0,5,0,0,0,2,1,0,0,,144.764,41.098
361,pac_sub_2aaaaab             ,144.878,41.202,145.187,41.381,160.0,100,0,0,0,0,0,0,0,0,50.0,5,0,5,0,0,1,0,0.0,1,0,0,1,0,0,5,0,0,0,2,1,0,0,,145.0325,41.2915
362,pac_sub_2aaaab              ,145.187,41.381,145.832,41.649,160.0,100,0,0,0,0,0,0,0,0,50.0,5,0,5,0,0,1,0,0.0,1,0,0,1,0,0,5,0,0,0,2,1,0,0,,145.5095,41.515
363,pac_sub_2aaab               ,145.832,41.649,146.738,42.101,160.0,100,0,0,0,0,0,0,0,0,50.0,5,0,5,0,0,1,0,0.0,1,0,0,1,0,0,5,0,0,0,2,1,0,0,,146.285,41.875
364,pac_sub_2aaba               ,146.738,42.101,147.817,42.945,160.0,100,0,0,0,0,0,0,0,0,50.0,5,0,5,0,0,1,0,0.0,1,0,0,1,0,0,5,0,0,0,0,1,0,0,,147.2775,42.522999999999996
365,pac_sub_2aabb               ,147.817,42.945,149.764,43.952,160.0,100,0,0,0,0,0,0,0,0,50.0,5,0,5,0,0,1,0,0.0,1,0,0,1,0,0,5,0,0,0,0,1,0,0,,148.7905,43.448499999999996
366,pac_sub_2aba                ,149.764,43.952,152.59,45.316,160.0,100,0,0,0,0,0,0,0,0,50.0,5,0,5,0,0,1,0,0.0,1,0,0,1,0,0,5,0,0,0,0,1,0,0,,151.17700000000002,44.634
367,pac_sub_2abb                ,152.59,45.316,153.515,45.887,160.0,100,0,0,0,0,0,0,0,0,50.0,5,0,5,0,0,1,0,0.0,1,0,0,1,0,0,5,0,0,0,0,1,0,0,,153.0525,45.6015
368,pac_sub_2baa                ,153.515,45.887,155.45,47.516,160.0,100,0,0,0,0,0,0,0,0,40.0,5,0,5,0,0,1,0,0.0,1,0,0,1,0,0,5,0,0,0,0,1,0,0,,154.4825,46.701499999999996
369,pac_sub_2baba               ,155.45,47.516,157.083,48.699,160.0,100,0,0,0,0,0,0,0,0,45.0,5,0,5,0,0,1,0,0.0,1,0,0,1,0,0,5,0,0,0,0,1,0,0,,156.2665,48.1075
370,pac_sub_2babba              ,157.083,48.699,158.114,49.543,160.0,100,0,0,0,0,0,0,0,0,40.0,5,0,5,0,0,1,0,0.0,1,0,0,1,0,0,5,0,0,0,0,1,0,0,,157.5985,49.120999999999995
371,pac_sub_2babbb              ,158.114,49.543,159.156,50.152,160.0,100,0,0,0,0,0,0,0,0,35.0,5,0,5,0,0,1,0,0.0,1,0,0,1,0,0,5,0,0,0,0,1,0,0,,158.635,49.8475
372,pac_sub_2bba                ,159.156,50.152,160.596,51.477,160.0,100,0,0,0,0,0,0,0,0,35.0,5,0,5,0,0,1,0,0.0,1,0,0,1,0,0,5,0,0,0,0,1,0,0,,159.876,50.814499999999995
373,pac_sub_2bbba               ,160.596,51.477,160.961,52.168,160.0,100,0,0,0,0,0,0,0,0,35.0,5,0,5,0,0,1,0,0.0,1,0,0,1,0,0,5,0,0,0,0,1,0,0,,160.7785,51.8225
374,pac_sub_2bbbbaa             ,160.961,52.168,161.556,52.648,160.0,100,0,0,0,0,0,0,0,0,35.0,5,0,5,0,0,1,0,0.0,1,0,0,1,0,0,5,0,0,0,0,1,0,0,,161.25850000000003,52.408
375,pac_sub_2bbbbab             ,161.556,52.648,162.444,52.977,160.0,100,0,0,0,0,0,0,0,0,35.0,5,0,5,0,0,1,0,0.0,1,0,0,1,0,0,5,0,0,0,0,1,0,0,,162.0,52.8125
376,pac_sub_2bbbbba             ,162.444,52.977,163.251,54.277,160.0,100,0,0,0,0,0,0,0,0,35.0,5,0,5,0,0,1,0,0.0,1,0,0,1,0,0,5,0,0,0,0,1,0,0,,162.8475,53.626999999999995
377,pac_sub_2bbbbbb             ,163.251,54.277,164.025,55.235,160.0,100,0,0,0,0,0,0,0,0,35.0,5,0,5,0,0,1,0,0.0,1,0,0,1,0,0,5,0,0,0,0,1,0,0,,163.638,54.756
378,phil_pac_11                 ,146.646,21.476,147.688,19.393,25.0,100,0,0,0,0,0,0,0,0,0.0,5,0,5,0,0,1,0,0.0,1,0,0,1,0,0,5,0,0,0,0,1,0,0,,147.16699999999997,20.4345
379,phil_pac_1aaaa              ,142.063,34.129,141.987,33.387,25.0,100,0,0,0,0,0,0,0,0,0.0,5,0,5,0,0,1,0,0.0,1,0,0,1,0,0,5,0,0,0,0,1,0,0,,142.02499999999998,33.757999999999996
380,phil_pac_1aaab              ,141.987,33.387,142.071,32.705,25.0,100,0,0,0,0,0,0,0,0,0.0,5,0,5,0,0,1,0,0.0,1,0,0,1,0,0,5,0,0,0,0,1,0,0,,142.029,33.046
381,phil_pac_1aab               ,142.071,32.705,142.235,31.132,25.0,100,0,0,0,0,0,0,0,0,0.0,5,0,5,0,0,1,0,0.0,1,0,0,1,0,0,5,0,0,0,0,1,0,0,,142.15300000000002,31.9185
382,phil_pac_1aba               ,142.235,31.132,142.762,29.117,25.0,100,0,0,0,0,0,0,0,0,0.0,5,0,5,0,0,1,0,0.0,1,0,0,1,0,0,5,0,0,0,0,1,0,0,,142.4985,30.1245
383,phil_pac_1abb               ,142.762,29.117,143.288,27.102,25.0,100,0,0,0,0,0,0,0,0,0.0,5,0,5,0,0,1,0,0.0,1,0,0,1,0,0,5,0,0,0,0,1,0,0,,143.025,28.1095
384,phil_pac_1ba                ,143.288,27.102,143.046,24.954,155.0,100,0,0,0,0,0,0,0,0,0.0,5,0,5,0,0,1,0,0.0,1,0,0,1,0,0,5,0,0,0,0,1,0,0,,143.167,26.028
385,phil_pac_1bb                ,143.046,24.954,144.018,23.88,25.0,100,0,0,0,0,0,0,0,0,0.0,5,0,5,0,0,1,0,0.0,1,0,0,1,0,0,5,0,0,0,0,1,0,0,,143.53199999999998,24.417
386,phil_pac_2                  ,144.018,23.88,146.646,21.476,25.0,100,0,0,0,0,0,0,0,0,0.0,5,0,5,0,0,1,0,0.0,1,0,0,1,0,0,5,0,0,0,0,1,0,0,,145.332,22.677999999999997
387,ps-aus                      ,132.7,3.746,132.425,0.416,155.0,100,0,0,0,0,0,0,0,0,0.0,5,0,1,0,0,1,0,0.0,1,0,0,1,0,15,5,0,0,0,0,1,0,0,,132.5625,2.081
388,rryu-taiwa                  ,122.975,23.434,122.205,23.808,155.0,100,0,0,0,0,0,0,0,0,0.0,5,0,1,0,0,1,0,0.0,1,0,0,1,0,15,5,0,0,0,0,1,0,0,,122.59,23.621000000000002
389,rryu-taiwb                  ,122.205,23.808,121.776,24.283,155.0,100,0,0,0,0,0,0,0,0,0.0,5,0,1,0,0,1,0,0.0,1,0,0,1,0,15,5,0,0,0,0,1,0,0,,121.9905,24.0455
390,ryukyu-s                    ,125.631,23.384,124.686,25.143,90.0,100,0,0,0,0,0,0,0,0,15.0,5,0,1,0,0,1,0,0.0,1,0,0,1,0,15,5,0,0,0,-1,0,0,0,,125.1585,24.2635
391,sagang_1aaa                 ,96.125,14.101,96.036,18.593,90.0,100,0,0,0,0,0,0,0,0,0.0,5,0,5,0,0,1,0,0.0,1,0,0,1,0,0,5,0,0,0,0,1,0,0,,96.0805,16.347
392,sagang_1aab                 ,96.036,18.593,95.713,23.65,90.0,100,0,0,0,0,0,0,0,0,0.0,5,0,5,0,0,1,0,0.0,1,0,0,1,0,0,5,0,0,0,0,1,0,0,,95.8745,21.121499999999997
393,sagang_1ab                  ,97.225,28.023,95.713,23.65,90.0,100,0,0,0,0,0,0,0,0,0.0,5,0,5,0,0,1,0,0.0,1,0,0,1,0,0,5,0,0,0,0,1,0,0,,96.469,25.8365
394,sakashitaa                  ,137.684,35.449,137.228,35.837,90.0,100,0,0,0,0,0,0,0,0,15.0,5,0,1,0,0,1,0,0.0,1,0,0,1,0,15,5,0,0,0,-1,0,0,0,,137.45600000000002,35.643
395,sakashitaba                 ,137.228,35.837,137.039,35.97,90.0,100,0,0,0,0,0,0,0,0,15.0,5,0,1,0,0,1,0,0.0,1,0,0,1,0,15,5,0,0,0,-1,0,0,0,,137.1335,35.9035
396,sakashitabb                 ,137.039,35.97,136.898,36.211,90.0,100,0,0,0,0,0,0,0,0,15.0,5,0,1,0,0,1,0,0.0,1,0,0,1,0,15,5,0,0,0,-1,0,0,0,,136.9685,36.0905
397,sakhalinw                   ,142.639,48.782,142.376,54.096,90.0,100,0,0,0,0,0,0,0,0,15.0,5,0,1,0,0,1,0,0.0,1,0,0,1,0,15,5,0,0,0,-1,0,0,0,,142.5075,51.43899999999999
398,salekina                    ,141.276,46.92,142.639,48.782,90.0,100,0,0,0,0,0,0,0,0,15.0,5,0,1,0,0,1,0,0.0,1,0,0,1,0,15,5,0,0,0,0,1,0,0,,141.9575,47.851
399,sekiyaa                     ,139.879,36.85,139.852,36.27,135.0,100,0,0,0,0,0,0,0,0,15.0,5,0,1,0,0,1,0,0.0,1,0,0,1,0,15,5,0,0,0,-1,0,0,0,,139.8655,36.56
400,sekiyab                     ,139.852,36.27,139.72,35.935,135.0,100,0,0,0,0,0,0,0,0,15.0,5,0,1,0,0,1,0,0.0,1,0,0,1,0,15,5,0,0,0,-1,0,0,0,,139.786,36.102500000000006
401,shimabara_newaaa            ,130.829,32.908,130.648,32.824,90.0,100,0,0,0,0,0,0,0,0,15.0,5,0,1,0,0,1,0,0.0,1,0,0,1,0,15,5,0,0,0,0,1,0,0,,130.7385,32.866
402,shimabara_newaaba           ,130.648,32.824,130.527,32.801,90.0,100,0,0,0,0,0,0,0,0,15.0,5,0,1,0,0,1,0,0.0,1,0,0,1,0,15,5,0,0,0,0,1,0,0,,130.58749999999998,32.8125
403,shimabara_newaabb           ,130.527,32.801,130.261,32.756,90.0,100,0,0,0,0,0,0,0,0,15.0,5,0,1,0,0,1,0,0.0,1,0,0,1,0,15,5,0,0,0,0,1,0,0,,130.394,32.7785
404,shimabara_newab             ,130.261,32.756,129.818,32.63,90.0,100,0,0,0,0,0,0,0,0,15.0,5,0,1,0,0,1,0,0.0,1,0,0,1,0,15,5,0,0,0,0,1,0,0,,130.0395,32.693
405,shimabara_newb              ,129.818,32.63,129.584,32.324,90.0,100,0,0,0,0,0,0,0,0,15.0,5,0,1,0,0,1,0,0.0,1,0,0,1,0,15,5,0,0,0,0,1,0,0,,129.70100000000002,32.477000000000004
406,shokknhonconnaa             ,141.191,42.472,140.953,42.419,90.0,100,0,0,0,0,0,0,0,0,5.0,5,0,1,0,0,1,0,0.0,1,0,0,1,0,15,5,0,0,0,-1,0,0,0,,141.072,42.445499999999996
407,shokknhonconnab             ,140.953,42.419,140.808,42.375,90.0,100,0,0,0,0,0,0,0,0,5.0,5,0,1,0,0,1,0,0.0,1,0,0,1,0,15,5,0,0,0,-1,0,0,0,,140.88049999999998,42.397
408,soj-whokk-connaa            ,139.381,44.299,139.54,44.537,90.0,100,0,0,0,0,0,0,0,0,15.0,5,0,1,0,0,1,0,0.0,1,0,0,1,0,15,5,0,0,0,-1,0,0,0,,139.4605,44.418
409,soj-whokk-connab            ,139.54,44.537,139.723,44.907,90.0,100,0,0,0,0,0,0,0,0,15.0,5,0,1,0,0,1,0,0.0,1,0,0,1,0,15,5,0,0,0,-1,0,0,0,,139.63150000000002,44.721999999999994
410,soj-whokk-connb             ,139.723,44.907,140.425,46.024,90.0,100,0,0,0,0,0,0,0,0,15.0,5,0,1,0,0,1,0,0.0,1,0,0,1,0,15,5,0,0,0,-1,0,0,0,,140.074,45.4655
411,sshore-hokkaaa              ,143.313,41.994,142.923,42.16,135.0,100,0,0,0,0,0,0,0,0,15.0,5,0,1,0,0,1,0,0.0,1,0,0,1,0,15,5,0,0,0,-1,0,0,0,,143.118,42.077
412,sshore-hokkaab              ,142.923,42.16,142.406,42.334,135.0,100,0,0,0,0,0,0,0,0,15.0,5,0,1,0,0,1,0,0.0,1,0,0,1,0,15,5,0,0,0,-1,0,0,0,,142.6645,42.247
413,sshore-hokkaba              ,142.406,42.334,142.112,42.462,135.0,100,0,0,0,0,0,0,0,0,15.0,5,0,1,0,0,1,0,0.0,1,0,0,1,0,15,5,0,0,0,-1,0,0,0,,142.25900000000001,42.398
414,sshore-hokkabb              ,141.67,42.607,141.839,42.696,90.0,100,0,0,0,0,0,0,0,0,5.0,5,0,1,0,0,1,0,0.0,1,0,0,1,0,15,5,0,0,0,-1,0,0,0,,141.7545,42.6515
415,sshore-hokkbaa              ,141.67,42.607,141.407,42.508,90.0,100,0,0,0,0,0,0,0,0,5.0,5,0,1,0,0,1,0,0.0,1,0,0,1,0,15,5,0,0,0,-1,0,0,0,,141.5385,42.557500000000005
416,sshore-hokkbab              ,141.407,42.508,141.191,42.472,90.0,100,0,0,0,0,0,0,0,0,5.0,5,0,1,0,0,1,0,0.0,1,0,0,1,0,15,5,0,0,0,-1,0,0,0,,141.299,42.49
417,sum-in                      ,96.125,14.101,99.425,14.331,90.0,100,0,0,0,0,0,0,0,0,0.0,5,0,1,0,0,1,0,0.0,1,0,0,1,0,15,5,0,0,0,0,1,0,0,,97.775,14.216000000000001
418,sum-psaa                    ,113.588,18.243,117.3,20.084,90.0,100,0,0,0,0,0,0,0,0,0.0,5,0,1,0,0,1,0,0.0,1,0,0,1,0,15,5,0,0,0,0,1,0,0,,115.44399999999999,19.1635
419,sum-psab                    ,117.3,20.084,118.4,21.81,90.0,100,0,0,0,0,0,0,0,0,0.0,5,0,1,0,0,1,0,0.0,1,0,0,1,0,15,5,0,0,0,0,1,0,0,,117.85,20.947
420,sum-psb                     ,118.4,21.81,120.705,21.738,90.0,100,0,0,0,0,0,0,0,0,0.0,5,0,1,0,0,1,0,0.0,1,0,0,1,0,15,5,0,0,0,0,1,0,0,,119.55250000000001,21.774
421,sum1                        ,99.425,14.331,101.763,17.322,90.0,100,0,0,0,0,0,0,0,0,0.0,5,0,1,0,0,1,0,0.0,1,0,0,1,0,15,5,0,0,0,0,1,0,0,,100.594,15.8265
422,sum2                        ,101.763,17.322,113.588,18.243,90.0,100,0,0,0,0,0,0,0,0,0.0,5,0,1,0,0,1,0,0.0,1,0,0,1,0,15,5,0,0,0,0,1,0,0,,107.6755,17.7825
423,to_arctic_1                 ,140.4,68.4,142.201,68.038,90.0,100,0,0,0,0,0,0,0,0,15.0,5,0,5,0,0,1,0,0.0,1,0,0,1,0,0,5,0,0,0,0,1,0,0,,141.3005,68.219
424,tottoriaa                   ,134.728,35.379,135.118,35.32,90.0,100,0,0,0,0,0,0,0,0,15.0,5,0,1,0,0,1,0,0.0,1,0,0,1,0,15,5,0,0,0,-1,0,0,0,,134.923,35.3495
425,tottoriab                   ,131.594,34.186,131.963,34.644,90.0,100,0,0,0,0,0,0,0,0,15.0,5,0,1,0,0,1,0,0.0,1,0,0,1,0,15,5,0,0,0,-1,0,0,0,,131.7785,34.415
426,tottoriab                   ,135.118,35.32,135.303,35.245,90.0,100,0,0,0,0,0,0,0,0,15.0,5,0,1,0,0,1,0,0.0,1,0,0,1,0,15,5,0,0,0,-1,0,0,0,,135.2105,35.2825
427,tottoribaa                  ,135.303,35.245,135.522,35.147,90.0,100,0,0,0,0,0,0,0,0,15.0,5,0,1,0,0,1,0,0.0,1,0,0,1,0,15,5,0,0,0,-1,0,0,0,,135.4125,35.196
428,tottoribaaa                 ,131.963,34.644,133.094,35.291,90.0,100,0,0,0,0,0,0,0,0,15.0,5,0,1,0,0,1,0,0.0,1,0,0,1,0,15,5,0,0,0,-1,0,0,0,,132.5285,34.9675
429,tottoribaab                 ,133.094,35.291,133.566,35.362,90.0,100,0,0,0,0,0,0,0,0,15.0,5,0,1,0,0,1,0,0.0,1,0,0,1,0,15,5,0,0,0,-1,0,0,0,,133.32999999999998,35.326499999999996
430,tottoribab                  ,133.566,35.362,134.728,35.379,90.0,100,0,0,0,0,0,0,0,0,15.0,5,0,1,0,0,1,0,0.0,1,0,0,1,0,15,5,0,0,0,-1,0,0,0,,134.147,35.3705
431,tottoribab                  ,135.522,35.147,135.61,35.094,90.0,100,0,0,0,0,0,0,0,0,15.0,5,0,1,0,0,1,0,0.0,1,0,0,1,0,15,5,0,0,0,-1,0,0,0,,135.566,35.1205
432,tottoribba                  ,135.61,35.094,135.693,34.992,90.0,100,0,0,0,0,0,0,0,0,15.0,5,0,1,0,0,1,0,0.0,1,0,0,1,0,15,5,0,0,0,-1,0,0,0,,135.6515,35.043
433,tottoribbb                  ,135.693,34.992,135.73,34.862,90.0,100,0,0,0,0,0,0,0,0,15.0,5,0,1,0,0,1,0,0.0,1,0,0,1,0,15,5,0,0,0,-1,0,0,0,,135.7115,34.927
434,wcoast_honshuaabbab         ,139.419,38.021,139.476,38.09,135.0,100,0,0,0,0,0,0,0,0,0.0,5,0,1,0,0,1,0,0.0,1,0,0,1,0,15,5,0,0,0,0,1,0,0,,139.4475,38.0555
435,wcoast_honshuaabbbaa        ,139.476,38.09,139.497,38.249,135.0,100,0,0,0,0,0,0,0,0,0.0,5,0,1,0,0,1,0,0.0,1,0,0,1,0,15,5,0,0,0,0,1,0,0,,139.4865,38.1695
436,wcoast_honshuaabbbab        ,139.497,38.249,139.533,38.307,135.0,100,0,0,0,0,0,0,0,0,0.0,5,0,1,0,0,1,0,0.0,1,0,0,1,0,15,5,0,0,0,0,1,0,0,,139.515,38.278000000000006
437,wcoast_honshuaabbbba        ,139.533,38.307,139.524,38.574,90.0,100,0,0,0,0,0,0,0,0,15.0,5,0,1,0,0,1,0,0.0,1,0,0,1,0,15,5,0,0,0,0,1,0,0,,139.5285,38.4405
438,wcoast_honshuaabbbbb        ,139.524,38.574,139.549,38.891,90.0,100,0,0,0,0,0,0,0,0,15.0,5,0,1,0,0,1,0,0.0,1,0,0,1,0,15,5,0,0,0,0,1,0,0,,139.5365,38.7325
439,wcoast_honshuaba            ,139.549,38.891,139.569,39.051,90.0,100,0,0,0,0,0,0,0,0,15.0,5,0,1,0,0,1,0,1.5,1,0,0,1,0,15,5,0,0,0,0,1,0,0,,139.559,38.971000000000004
440,wcoast_honshuabba           ,139.569,39.051,139.588,39.272,90.0,100,0,0,0,0,0,0,0,0,15.0,5,0,1,0,0,1,0,1.5,1,0,0,1,0,15,5,0,0,0,0,1,0,0,,139.5785,39.161500000000004
441,wcoast_honshuabbb           ,139.588,39.272,139.598,39.419,90.0,100,0,0,0,0,0,0,0,0,15.0,5,0,1,0,0,1,0,1.5,1,0,0,1,0,15,5,0,0,0,0,1,0,0,,139.59300000000002,39.3455
442,wcoasthokkab                ,139.928,43.765,139.825,44.242,45.0,100,0,0,0,0,0,0,0,0,15.0,5,0,1,0,0,1,0,0.0,1,0,0,1,0,15,5,0,0,0,-1,0,0,0,,139.8765,44.0035
443,wcoasthokkb                 ,139.825,44.242,139.723,44.907,45.0,100,0,0,0,0,0,0,0,0,15.0,5,0,1,0,0,1,0,0.0,1,0,0,1,0,15,5,0,0,0,-1,0,0,0,,139.774,44.5745
444,whokk-soj                   ,140.076,43.273,139.928,43.765,45.0,100,0,0,0,0,0,0,0,0,15.0,5,0,1,0,0,1,0,0.0,1,0,0,1,0,15,5,0,0,0,-1,0,0,0,,140.002,43.519000000000005
445,wncsz                       ,131.263,33.412,131.594,34.186,90.0,100,0,0,0,0,0,0,0,0,15.0,5,0,1,0,0,1,0,0.0,1,0,0,1,0,15,5,0,0,0,-1,0,0,0,,131.42849999999999,33.799
446,yamanobeaa                  ,139.899,36.991,139.9,37.545,135.0,100,0,0,0,0,0,0,0,0,15.0,5,0,1,0,0,1,0,0.0,1,0,0,1,0,15,5,0,0,0,0,1,0,0,,139.8995,37.268
447,yamanobeaa                  ,140.268,38.392,140.26,38.278,135.0,100,0,0,0,0,0,0,0,0,15.0,5,0,1,0,0,1,0,0.0,1,0,0,1,0,15,5,0,0,0,0,1,0,0,,140.264,38.335
448,yamanobeab                  ,140.26,38.278,140.264,38.141,45.0,100,0,0,0,0,0,0,0,0,15.0,5,0,1,0,0,1,0,0.0,1,0,0,1,0,15,5,0,0,0,0,1,0,0,,140.262,38.2095
449,yamanobeabaa                ,139.9,37.545,140.041,37.831,135.0,100,0,0,0,0,0,0,0,0,15.0,5,0,1,0,0,1,0,0.0,1,0,0,1,0,15,5,0,0,0,0,1,0,0,,139.97050000000002,37.688
450,yamanobeb                   ,140.264,38.141,140.041,37.831,135.0,100,0,0,0,0,0,0,0,0,15.0,5,0,1,0,0,1,0,0.0,1,0,0,1,0,15,5,0,0,0,0,1,0,0,,140.1525,37.986000000000004
451,yamanobebaab                ,140.268,38.392,140.381,38.492,135.0,100,0,0,0,0,0,0,0,0,15.0,5,0,1,0,0,1,0,0.0,1,0,0,1,0,15,5,0,0,0,0,1,0,0,,140.3245,38.442
452,yamanobebaba                ,140.381,38.492,140.415,38.635,135.0,100,0,0,0,0,0,0,0,0,15.0,5,0,1,0,0,1,0,0.0,1,0,0,1,0,15,5,0,0,0,0,1,0,0,,140.398,38.5635
453,yamanobebabb                ,140.415,38.635,140.495,38.814,135.0,100,0,0,0,0,0,0,0,0,15.0,5,0,1,0,0,1,0,0.0,1,0,0,1,0,15,5,0,0,0,0,1,0,0,,140.45499999999998,38.7245
454,yamanobebba                 ,140.495,38.814,140.647,39.013,135.0,100,0,0,0,0,0,0,0,0,15.0,5,0,1,0,0,1,0,0.0,1,0,0,1,0,15,5,0,0,0,0,1,0,0,,140.571,38.9135
455,yamanobebbb                 ,140.647,39.013,140.706,39.206,135.0,100,0,0,0,0,0,0,0,0,15.0,5,0,1,0,0,1,0,0.0,1,0,0,1,0,15,5,0,0,0,0,1,0,0,,140.67649999999998,39.1095
456,yang-sechina                ,123.328,31.462,126.265,34.247,90.0,100,0,0,0,0,0,0,0,0,15.0,5,0,1,0,0,1,0,0.0,1,0,0,1,0,15,5,0,0,0,0,1,0,0,,124.79650000000001,32.8545
457,yang-sum                    ,111.525,22.04,113.588,18.243,90.0,100,0,0,0,0,0,0,0,0,15.0,5,0,1,0,0,1,0,0.0,1,0,0,1,0,15,5,0,0,0,0,1,0,0,,112.5565,20.1415
458,yang1a                      ,123.328,31.462,124.833,31.596,90.0,100,0,0,0,0,0,0,0,0,15.0,5,0,1,0,0,1,0,0.0,1,0,0,1,0,15,5,0,0,0,0,1,0,0,,124.0805,31.529
459,yang1ba                     ,124.833,31.596,126.739,32.05,90.0,100,0,0,0,0,0,0,0,0,15.0,5,0,1,0,0,1,0,0.0,1,0,0,1,0,15,5,0,0,0,0,1,0,0,,125.786,31.823
460,yang1bb                     ,126.739,32.05,128.955,32.376,90.0,100,0,0,0,0,0,0,0,0,15.0,5,0,1,0,0,1,0,0.0,1,0,0,1,0,15,5,0,0,0,0,1,0,0,,127.84700000000001,32.212999999999994
461,yang2a                      ,123.328,31.462,121.08,31.583,90.0,100,0,0,0,0,0,0,0,0,15.0,5,0,1,0,0,1,0,0.0,1,0,0,1,0,15,5,0,0,0,0,1,0,0,,122.20400000000001,31.5225
462,yang2b                      ,121.08,31.583,119.714,31.187,90.0,100,0,0,0,0,0,0,0,0,15.0,5,0,1,0,0,1,0,0.0,1,0,0,1,0,15,5,0,0,0,0,1,0,0,,120.39699999999999,31.384999999999998
463,yang3a                      ,119.714,31.187,118.975,31.394,90.0,100,0,0,0,0,0,0,0,0,15.0,5,0,1,0,0,1,0,0.0,1,0,0,1,0,15,5,0,0,0,0,1,0,0,,119.3445,31.2905
464,yang3b                      ,118.975,31.394,115.004,34.797,90.0,100,0,0,0,0,0,0,0,0,15.0,5,0,1,0,0,1,0,0.0,1,0,0,1,0,15,5,0,0,0,0,1,0,0,,116.98949999999999,33.0955
465,yang4a                      ,115.004,34.797,113.577,34.831,90.0,100,0,0,0,0,0,0,0,0,15.0,5,0,1,0,0,1,0,0.0,1,0,0,1,0,15,5,0,0,0,0,1,0,0,,114.29050000000001,34.814
466,yang4b                      ,113.577,34.831,110.975,30.784,90.0,100,0,0,0,0,0,0,0,0,15.0,5,0,1,0,0,1,0,0.0,1,0,0,1,0,15,5,0,0,0,0,1,0,0,,112.276,32.807500000000005
467,yang5                       ,110.975,30.784,105.475,28.828,90.0,100,0,0,0,0,0,0,0,0,15.0,5,0,1,0,0,1,0,0.0,1,0,0,1,0,15,5,0,0,0,0,1,0,0,,108.225,29.805999999999997
468,yang6a                      ,105.475,28.828,105.062,26.642,90.0,100,0,0,0,0,0,0,0,0,15.0,5,0,1,0,0,1,0,0.0,1,0,0,1,0,15,5,0,0,0,0,1,0,0,,105.26849999999999,27.735
469,yang6b                      ,105.062,26.642,107.4,23.535,90.0,100,0,0,0,0,0,0,0,0,15.0,5,0,1,0,0,1,0,0.0,1,0,0,1,0,15,5,0,0,0,0,1,0,0,,106.231,25.0885
470,yang7                       ,107.4,23.535,111.525,22.04,90.0,100,0,0,0,0,0,0,0,0,15.0,5,0,1,0,0,1,0,0.0,1,0,0,1,0,15,5,0,0,0,0,1,0,0,,109.4625,22.7875
471,yoroaaa                     ,136.55,34.794,136.596,34.917,90.0,100,0,0,0,0,0,0,0,0,15.0,5,0,1,0,0,1,0,0.0,1,0,0,1,0,15,5,0,0,0,-1,0,0,0,,136.573,34.8555
472,yoroaabaa                   ,136.596,34.917,136.593,34.97,90.0,100,0,0,0,0,0,0,0,0,15.0,5,0,1,0,0,1,0,0.0,1,0,0,1,0,15,5,0,0,0,-1,0,0,0,,136.59449999999998,34.9435
473,yoroaababa                  ,136.593,34.97,136.655,35.056,90.0,100,0,0,0,0,0,0,0,0,15.0,5,0,1,0,0,1,0,0.0,1,0,0,1,0,15,5,0,0,0,-1,0,0,0,,136.624,35.013
474,yoroaababb                  ,136.655,35.056,136.639,35.094,90.0,100,0,0,0,0,0,0,0,0,15.0,5,0,1,0,0,1,0,0.0,1,0,0,1,0,15,5,0,0,0,-1,0,0,0,,136.647,35.075
475,yoroaabb                    ,136.639,35.094,136.623,35.128,90.0,100,0,0,0,0,0,0,0,0,15.0,5,0,1,0,0,1,0,0.0,1,0,0,1,0,15,5,0,0,0,-1,0,0,0,,136.631,35.111000000000004
476,yoroabaa                    ,136.623,35.128,136.526,35.358,90.0,100,0,0,0,0,0,0,0,0,15.0,5,0,1,0,0,1,0,0.0,1,0,0,1,0,15,5,0,0,0,-1,0,0,0,,136.5745,35.242999999999995
477,yoroabab                    ,136.526,35.358,136.415,35.396,90.0,100,0,0,0,0,0,0,0,0,15.0,5,0,1,0,0,1,0,0.0,1,0,0,1,0,15,5,0,0,0,-1,0,0,0,,136.47050000000002,35.376999999999995
478,yoroabb                     ,136.415,35.396,136.235,35.509,90.0,100,0,0,0,0,0,0,0,0,15.0,5,0,1,0,0,1,0,0.0,1,0,0,1,0,15,5,0,0,0,-1,0,0,0,,136.325,35.4525
479,yorob                       ,136.235,35.509,136.133,35.711,90.0,100,0,0,0,0,0,0,0,0,15.0,5,0,1,0,0,1,0,0.0,1,0,0,1,0,15,5,0,0,0,-1,0,0,0,,136.18400000000003,35.61
