name,lon1,lat1,lon2,lat2,dip,create_ribbon_mesh,locking_depth,locking_depth_flag,ss_rate,ss_rate_sig,ss_rate_flag,ds_rate,ds_rate_sig,ds_rate_flag,ts_rate,ts_rate_sig,ts_rate_flag,mesh_file_name,mesh_flag,ss_rate_bound_flag,ss_rate_bound_min,ss_rate_bound_max,ds_rate_bound_flag,ds_rate_bound_min,ds_rate_bound_max,ts_rate_bound_flag,ts_rate_bound_min,ts_rate_bound_max
BRa,247.087000,43.873000,247.764000,42.286000,90,0,15,0,0,0,0,0,0,0,0,0,0,-1,0,0,-1,1,0,-1,1,0,-1,1
BRb,245.927000,44.722000,247.087000,43.873000,90,0,15,0,0,0,0,0,0,0,0,0,0,-1,0,0,-1,1,0,-1,1,0,-1,1
Baja_connect_eleaa,244.321000,31.193000,244.760000,31.084000,90,0,15,0,0,0,0,0,0,0,0,0,0,-1,0,0,-1,1,0,-1,1,0,-1,1
Baja_connect_eleab,244.760000,31.084000,245.238000,31.030000,90,0,15,0,0,0,0,0,0,0,0,0,0,-1,0,0,-1,1,0,-1,1,0,-1,1
Baja_connect_eleba,245.238000,31.030000,245.703000,30.976000,90,0,15,0,0,0,0,0,0,0,0,0,0,-1,0,0,-1,1,0,-1,1,0,-1,1
Baja_connect_elebb,245.703000,30.976000,246.156000,30.867000,90,0,15,0,0,0,0,0,0,0,0,0,0,-1,0,0,-1,1,0,-1,1,0,-1,1
ConnectSoutha,243.671000,34.008000,243.729000,33.915000,90,0,15,0,0,0,0,0,0,0,0,0,0,-1,0,0,-1,1,0,-1,1,0,-1,1
ConnectSouthb,243.729000,33.915000,243.814000,33.747000,90,0,15,0,0,0,0,0,0,0,0,0,0,-1,0,0,-1,1,0,-1,1,0,-1,1
Eastern_closure1aa,220.823000,60.284000,223.835000,61.400000,90,0,15,0,0,0,0,0,0,0,0,0,0,-1,0,0,-1,1,0,-1,1,0,-1,1
Eastern_closure1ab,223.835000,61.400000,272.027000,61.990000,90,0,15,0,0,0,0,0,0,0,0,0,0,-1,0,0,-1,1,0,-1,1,0,-1,1
Eastern_closure1b,272.027000,61.990000,325.661000,58.239000,90,0,15,0,0,0,0,0,0,0,0,0,0,-1,0,0,-1,1,0,-1,1,0,-1,1
Eastern_closure2,274.413000,-13.347000,325.661000,58.239000,90,0,15,0,0,0,0,0,0,0,0,0,0,-1,0,0,-1,1,0,-1,1,0,-1,1
Eastern_closure3,260.639000,5.079000,274.413000,-13.347000,90,0,15,0,0,0,0,0,0,0,0,0,0,-1,0,0,-1,1,0,-1,1,0,-1,1
GarlockExtensionba,244.746000,35.814000,245.545000,35.967000,90,0,15,0,0,0,0,0,0,0,0,0,0,-1,0,0,-1,1,0,-1,1,0,-1,1
GarlockExtensionbb,245.545000,35.967000,245.884000,36.033000,90,0,15,0,0,0,0,0,0,0,0,0,0,-1,0,0,-1,1,0,-1,1,0,-1,1
Nevada02aa,247.764000,42.286000,248.030000,41.178000,90,0,10,4,0,0,0,0,0,0,0,0,0,-1,0,0,-1,1,0,-1,1,0,-1,1
Nevada02aba,248.030000,41.178000,248.163000,40.625000,90,0,10,4,0,0,0,0,0,0,0,0,0,-1,0,0,-1,1,0,-1,1,0,-1,1
Nevada02abb,248.163000,40.625000,248.418000,40.143000,90,0,10,4,0,0,0,-2.4,1.2,0,0,0,0,-1,0,0,-1,1,0,-1,1,0,-1,1
Nevada02bbbbaab,246.435000,36.860000,246.481000,36.879000,90,0,10,4,0,0,0,0,0,0,0,0,0,-1,0,0,-1,1,0,-1,1,0,-1,1
Nevada02bbbbab,246.126000,36.368000,246.435000,36.860000,90,0,10,4,0,0,0,0,0,0,0,0,0,-1,0,0,-1,1,0,-1,1,0,-1,1
Nevada02bbbbb,245.884000,36.033000,246.126000,36.368000,90,0,10,4,0,0,0,0,0,0,0,0,0,-1,0,0,-1,1,0,-1,1,0,-1,1
OWLaaaaaaa,232.507000,49.784000,233.029000,49.550000,90,0,15,0,0,0,0,0,0,0,0,0,0,-1,0,0,-1,1,0,-1,1,0,-1,1
OWLaaaaaab,231.952000,50.108000,232.507000,49.784000,90,0,15,0,0,0,0,0,0,0,0,0,0,-1,0,0,-1,1,0,-1,1,0,-1,1
OWLaaaaabaa,231.263000,50.488000,231.952000,50.108000,90,0,15,0,0,0,0,0,0,0,0,0,0,-1,0,0,-1,1,0,-1,1,0,-1,1
OWLaaaaabab,230.885000,50.702000,231.263000,50.488000,90,0,15,0,0,0,0,0,0,0,0,0,0,-1,0,0,-1,1,0,-1,1,0,-1,1
OWLaaaaabb,230.457000,50.715000,230.885000,50.702000,90,0,15,0,0,0,0,0,0,0,0,0,0,-1,0,0,-1,1,0,-1,1,0,-1,1
OWLaaaaba,233.029000,49.550000,233.530000,49.299000,90,0,15,0,0,0,0,0,0,0,0,0,0,-1,0,0,-1,1,0,-1,1,0,-1,1
OWLaaaabb,233.530000,49.299000,234.031000,49.049000,90,0,15,0,0,0,0,0,0,0,0,0,0,-1,0,0,-1,1,0,-1,1,0,-1,1
OWLaaabaa,234.031000,49.049000,234.914000,48.682000,90,0,15,0,0,0,0,0,0,0,0,0,0,-1,0,0,-1,1,0,-1,1,0,-1,1
OWLaaabab,234.914000,48.682000,235.573000,48.492000,90,0,15,0,0,0,0,0,0,0,0,0,0,-1,0,0,-1,1,0,-1,1,0,-1,1
OWLaaabba,235.573000,48.492000,236.204000,48.468000,90,0,15,0,0,0,0,0,0,0,0,0,0,-1,0,0,-1,1,0,-1,1,0,-1,1
OWLaaabbb,236.204000,48.468000,236.934000,48.328000,90,0,15,0,0,0,0,0,0,0,0,0,0,-1,0,0,-1,1,0,-1,1,0,-1,1
OWLaab,236.934000,48.328000,237.635000,48.130000,90,0,15,0,0,0,0,0,0,0,0,0,0,-1,0,0,-1,1,0,-1,1,0,-1,1
OWLaba,237.635000,48.130000,238.156000,47.782000,90,0,15,0,0,0,0,0,0,0,0,0,0,-1,0,0,-1,1,0,-1,1,0,-1,1
OWLabbaa,238.156000,47.782000,238.525000,47.133000,90,0,15,0,0,0,0,0,0,0,0,0,0,-1,0,0,-1,1,0,-1,1,0,-1,1
OWLabbaba,238.525000,47.133000,238.709000,46.809000,90,0,15,0,0,0,0,0,0,0,0,0,0,-1,0,0,-1,1,0,-1,1,0,-1,1
OWLabbabb,238.709000,46.809000,238.894000,46.485000,90,0,15,0,0,0,0,0,0,0,0,0,0,-1,0,0,-1,1,0,-1,1,0,-1,1
OWLbabaaa,240.923000,46.047000,241.189000,45.990000,90,0,15,0,0,0,0,0,0,0,0,0,0,-1,0,0,-1,1,0,-1,1,0,-1,1
OWLbabaab,241.189000,45.990000,241.455000,45.933000,90,0,15,0,0,0,0,0,0,0,0,0,0,-1,0,0,-1,1,0,-1,1,0,-1,1
OWLbabab,241.455000,45.933000,241.987000,45.819000,90,0,15,0,0,0,0,0,0,0,0,0,0,-1,0,0,-1,1,0,-1,1,0,-1,1
OWLbabb,241.987000,45.819000,243.051000,45.590000,90,0,15,0,0,0,0,0,0,0,0,0,0,-1,0,0,-1,1,0,-1,1,0,-1,1
OWLbba,243.051000,45.590000,244.608000,45.127000,90,0,15,0,0,0,0,0,0,0,0,0,0,-1,0,0,-1,1,0,-1,1,0,-1,1
OWLbbb,244.608000,45.127000,245.927000,44.722000,90,0,15,0,0,0,0,0,0,0,0,0,0,-1,0,0,-1,1,0,-1,1,0,-1,1
PAC_to_SAF_northern_closure1,191.226000,51.571000,205.239000,54.838000,160,0,35,0,0,0,0,0,0,0,0,0,0,-1,0,0,-1,1,0,-1,1,0,-1,1
SAF_to_OV_closure1a,205.239000,54.838000,211.394000,57.198000,160,0,35,0,0,0,0,0,0,0,0,0,0,-1,0,0,-1,1,0,-1,1,0,-1,1
SAF_to_OV_closure1ba,211.394000,57.198000,215.060000,59.649000,160,0,35,0,0,0,0,0,0,0,0,0,0,-1,0,0,-1,1,0,-1,1,0,-1,1
SAF_to_OV_closure1bb,215.060000,59.649000,220.823000,60.284000,160,0,35,0,0,0,0,0,0,0,0,0,0,-1,0,0,-1,1,0,-1,1,0,-1,1
SAF_to_PAC_southern_closure1,259.341000,1.742000,260.639000,5.079000,90,0,15,0,0,0,0,0,0,0,0,0,0,-1,0,0,-1,1,0,-1,1,0,-1,1
SierraConnectba,239.241000,40.603000,239.656000,40.313000,90,0,10,0,0,0,0,0,0,0,0,0,0,-1,0,0,-1,1,0,-1,1,0,-1,1
SierraConnectbaaa,236.523000,39.999000,236.685000,40.053000,90,0,15,0,0,0,0,0,0,0,0,0,0,-1,0,0,-1,1,0,-1,1,0,-1,1
SierraConnectbaab,236.685000,40.053000,237.178000,40.201000,90,0,15,0,0,0,0,0,0,0,0,0,0,-1,0,0,-1,1,0,-1,1,0,-1,1
SierraConnectbaba,237.178000,40.201000,237.598000,40.333000,90,0,15,0,0,0,0,0,0,0,0,0,0,-1,0,0,-1,1,0,-1,1,0,-1,1
SierraConnectbabb,237.598000,40.333000,237.760000,40.385000,90,0,15,0,0,0,0,0,0,0,0,0,0,-1,0,0,-1,1,0,-1,1,0,-1,1
SierraConnectbb,239.656000,40.313000,240.070000,40.023000,90,0,15,0,-1.7,0.8,0,0,0,0,0,0,0,-1,0,0,-1,1,0,-1,1,0,-1,1
SierraConnectbba,237.760000,40.385000,238.202000,40.483000,90,0,15,0,0,0,0,0,0,0,0,0,0,-1,0,0,-1,1,0,-1,1,0,-1,1
SierraConnectbbb,238.202000,40.483000,238.573000,40.564000,90,0,15,0,0,0,0,0,0,0,0,0,0,-1,0,0,-1,1,0,-1,1,0,-1,1
TestSjfa,244.522000,32.807000,244.720000,32.592000,90,0,5,0,-17.5,8.8,0,0,0,0,0,0,0,-1,0,0,-1,1,0,-1,1,0,-1,1
TestSjfb,244.720000,32.592000,245.007000,32.136000,90,0,5,0,0,0,0,0,0,0,0,0,0,-1,0,0,-1,1,0,-1,1,0,-1,1
Western_closure1aaa,162.871000,-57.774000,180.290000,-36.871000,90,0,15,0,0,0,0,0,0,0,0,0,0,-1,0,0,-1,1,0,-1,1,0,-1,1
Western_closure1aab,162.871000,-57.774000,204.097000,-69.387000,90,0,15,0,0,0,0,0,0,0,0,0,0,-1,0,0,-1,1,0,-1,1,0,-1,1
Western_closure1ab,204.097000,-69.387000,252.514000,-42.884000,90,0,15,0,0,0,0,0,0,0,0,0,0,-1,0,0,-1,1,0,-1,1,0,-1,1
Western_closure1b,252.514000,-42.884000,259.341000,1.742000,90,0,15,0,0,0,0,0,0,0,0,0,0,-1,0,0,-1,1,0,-1,1,0,-1,1
Western_closure2a,145.025000,41.058000,163.856000,55.292000,90,0,15,0,0,0,0,0,0,0,0,0,0,-1,0,0,-1,1,0,-1,1,0,-1,1
Western_closure2ba,142.758000,34.025000,145.025000,41.058000,90,0,15,0,0,0,0,0,0,0,0,0,0,-1,0,0,-1,1,0,-1,1,0,-1,1
Western_closure2bba,131.169000,29.806000,142.758000,34.025000,90,0,15,0,0,0,0,0,0,0,0,0,0,-1,0,0,-1,1,0,-1,1,0,-1,1
Western_closure2bbba,124.115000,3.316000,131.169000,29.806000,90,0,15,0,0,0,0,0,0,0,0,0,0,-1,0,0,-1,1,0,-1,1,0,-1,1
Western_closure2bbbba,124.115000,3.316000,164.764000,-7.061000,90,0,15,0,0,0,0,0,0,0,0,0,0,-1,0,0,-1,1,0,-1,1,0,-1,1
Western_closure2bbbbb,164.764000,-7.061000,180.290000,-36.871000,90,0,15,0,0,0,0,0,0,0,0,0,0,-1,0,0,-1,1,0,-1,1,0,-1,1
Western_closure3a,163.856000,55.292000,179.964000,50.482000,90,0,15,0,0,0,0,0,0,0,0,0,0,-1,0,0,-1,1,0,-1,1,0,-1,1
Western_closure3b,179.964000,50.482000,191.226000,51.571000,160,0,35,0,0,0,0,0,0,0,0,0,0,-1,0,0,-1,1,0,-1,1,0,-1,1
aa,238.074000,37.942000,238.118000,37.920000,90,0,15,0,0,0,0,0,0,0,0,0,0,-1,0,0,-1,1,0,-1,1,0,-1,1
aa,239.102000,36.783000,239.162000,36.670000,90,0,15,0,0,0,0,0,0,0,0,0,0,-1,0,0,-1,1,0,-1,1,0,-1,1
aaa,237.906000,38.062000,238.001000,38.029000,90,0,15,0,0,0,0,0,0,0,0,0,0,-1,0,0,-1,1,0,-1,1,0,-1,1
aaa,238.001000,38.029000,238.074000,37.942000,90,0,15,0,0,0,0,0,0,0,0,0,0,-1,0,0,-1,1,0,-1,1,0,-1,1
aaa,238.118000,37.920000,238.167000,37.852000,90,0,15,0,0,0,0,0,0,0,0,0,0,-1,0,0,-1,1,0,-1,1,0,-1,1
aaa,238.167000,37.852000,238.208000,37.817000,90,0,15,0,0,0,0,0,0,0,0,0,0,-1,0,0,-1,1,0,-1,1,0,-1,1
aaa,238.208000,37.817000,238.305000,37.720000,90,0,15,0,-3.5,1.7,0,0,0,0,0,0,0,-1,0,0,-1,1,0,-1,1,0,-1,1
aaa,238.305000,37.720000,238.326000,37.698000,90,0,15,0,0,0,0,0,0,0,0,0,0,-1,0,0,-1,1,0,-1,1,0,-1,1
aaa,238.326000,37.698000,238.368000,37.639000,90,0,15,0,0,0,0,0,0,0,0,0,0,-1,0,0,-1,1,0,-1,1,0,-1,1
aaa,238.368000,37.639000,238.426000,37.557000,90,0,15,0,0,0,0,0,0,0,0,0,0,-1,0,0,-1,1,0,-1,1,0,-1,1
aaa,238.426000,37.557000,238.477000,37.457000,90,0,15,0,0,0,0,0,0,0,0,0,0,-1,0,0,-1,1,0,-1,1,0,-1,1
aaa,238.477000,37.457000,238.512000,37.370000,90,0,15,0,0,0,0,0,0,0,0,0,0,-1,0,0,-1,1,0,-1,1,0,-1,1
aaa,238.512000,37.370000,238.534000,37.298000,90,0,15,0,0,0,0,0,0,0,0,0,0,-1,0,0,-1,1,0,-1,1,0,-1,1
aaa,238.534000,37.298000,238.718000,37.280000,90,0,15,0,0,0,0,0,0,0,0,0,0,-1,0,0,-1,1,0,-1,1,0,-1,1
aaa,238.718000,37.280000,238.746000,37.232000,90,0,15,0,0,0,0,0,0,0,0,0,0,-1,0,0,-1,1,0,-1,1,0,-1,1
aaa,238.746000,37.232000,238.781000,37.185000,90,0,15,0,0,0,0,0,0,0,0,0,0,-1,0,0,-1,1,0,-1,1,0,-1,1
aaa,238.781000,37.185000,238.854000,37.119000,90,0,15,0,0,0,0,0,0,0,0,0,0,-1,0,0,-1,1,0,-1,1,0,-1,1
aaa,238.839000,37.045000,238.854000,37.119000,90,0,15,0,0,0,0,0,0,0,0,0,0,-1,0,0,-1,1,0,-1,1,0,-1,1
aaa,238.839000,37.045000,238.985000,36.920000,90,0,15,0,0,0,0,0,0,0,0,0,0,-1,0,0,-1,1,0,-1,1,0,-1,1
aaa,238.985000,36.920000,239.021000,36.855000,90,0,15,0,0,0,0,0,0,0,0,0,0,-1,0,0,-1,1,0,-1,1,0,-1,1
aaa,239.021000,36.855000,239.102000,36.783000,90,0,15,0,0,0,0,0,0,0,0,0,0,-1,0,0,-1,1,0,-1,1,0,-1,1
aaa,239.162000,36.670000,239.288000,36.492000,90,0,15,0,0,0,0,0,0,0,0,0,0,-1,0,0,-1,1,0,-1,1,0,-1,1
aaa,238.534000,37.298000,238.546000,37.230000,90,0,15,0,0,0,0,0,0,0,0,0,0,-1,0,0,-1,1,0,-1,1,0,-1,1
asdf,243.177000,33.959000,243.202000,33.951000,90,0,10,0,0,0,0,0,0,0,0,0,0,-1,0,0,-1,1,0,-1,1,0,-1,1
asdf,240.942000,34.998000,240.993000,35.029000,90,0,15,0,0,0,0,0,0,0,0,0,0,-1,0,0,-1,1,0,-1,1,0,-1,1
asdf,240.594000,34.942000,240.695000,34.932000,90,0,15,0,0,0,0,0,0,0,0,0,0,-1,0,0,-1,1,0,-1,1,0,-1,1
asdf,242.403000,33.854000,242.452000,33.815000,90,0,15,0,0,0,0,0,0,0,0,0,0,-1,0,0,-1,1,0,-1,1,0,-1,1
asdf,241.448000,34.021000,241.459000,34.032000,90,0,15,0,0,0,0,0,0,0,0,0,0,-1,0,0,-1,1,0,-1,1,0,-1,1
asdf,241.716000,34.111000,241.733000,34.115000,90,0,15,0,0,0,0,0,0,0,0,0,0,-1,0,0,-1,1,0,-1,1,0,-1,1
asdf,242.963000,35.016000,243.083000,34.873000,90,0,15,0,0,0,0,0,0,0,0,0,0,-1,0,0,-1,1,0,-1,1,0,-1,1
asdf,242.525000,36.498000,242.592000,36.436000,90,0,15,0,0,0,0,0,0,0,0,0,0,-1,0,0,-1,1,0,-1,1,0,-1,1
asdf,243.451000,33.513000,243.457000,33.471000,90,0,15,0,0,0,0,0,0,0,0,0,0,-1,0,0,-1,1,0,-1,1,0,-1,1
asdf,244.423000,32.851000,244.522000,32.807000,90,0,2.5,0,0,0,0,0,0,0,0,0,0,-1,0,0,-1,1,0,-1,1,0,-1,1
asdf,243.959000,32.787000,244.106000,32.653000,90,0,15,0,0,0,0,0,0,0,0,0,0,-1,0,0,-1,1,0,-1,1,0,-1,1
asdf,241.986000,35.271000,242.403000,35.110000,90,0,15,0,0,0,0,0,0,0,0,0,0,-1,0,0,-1,1,0,-1,1,0,-1,1
asdf,241.995000,35.770000,242.105000,35.880000,90,0,15,0,0,0,0,0,0,0,0,0,0,-1,0,0,-1,1,0,-1,1,0,-1,1
asdf,243.987000,34.143000,244.021000,34.116000,90,0,15,0,0,0,0,0,0,0,0,0,0,-1,0,0,-1,1,0,-1,1,0,-1,1
asdf,242.994000,35.605000,243.032000,35.489000,90,0,15,0,0,0,0,0,0,0,0,0,0,-1,0,0,-1,1,0,-1,1,0,-1,1
asdf,244.302000,32.886000,244.336000,32.899000,90,0,15,0,-4,2,0,0,0,0,0,0,0,-1,0,0,-1,1,0,-1,1,0,-1,1
asdf,244.446000,32.899000,244.465000,32.872000,90,0,2.5,0,0,0,0,0,0,0,0,0,0,-1,0,0,-1,1,0,-1,1,0,-1,1
asdf,241.525000,34.387000,241.562000,34.335000,90,0,15,0,0,0,0,0,0,0,0,0,0,-1,0,0,-1,1,0,-1,1,0,-1,1
asdf,241.443000,33.972000,241.448000,34.021000,90,0,15,0,0,0,0,0,0,0,0,0,0,-1,0,0,-1,1,0,-1,1,0,-1,1
asdf,241.611000,34.074000,241.616000,34.040000,90,0,15,0,0,0,0,0,0,0,0,0,0,-1,0,0,-1,1,0,-1,1,0,-1,1
asdf,243.103000,35.611000,243.111000,35.607000,90,0,15,0,0,0,0,0,0,0,0,0,0,-1,0,0,-1,1,0,-1,1,0,-1,1
asdf,241.971000,35.298000,241.977000,35.284000,90,0,15,0,0,0,0,0,0,0,0,0,0,-1,0,0,-1,1,0,-1,1,0,-1,1
asdf,241.977000,35.284000,241.986000,35.271000,90,0,15,0,0,0,0,0,0,0,0,0,0,-1,0,0,-1,1,0,-1,1,0,-1,1
asdf,241.493000,34.701000,241.498000,34.699000,90,0,15,0,0,0,0,0,0,0,0,0,0,-1,0,0,-1,1,0,-1,1,0,-1,1
asdf,242.015000,34.161000,242.029000,34.162000,90,0,15,0,0,0,0,0,0,0,0,0,0,-1,0,0,-1,1,0,-1,1,0,-1,1
asdf,242.101000,33.581000,242.117000,33.572000,90,0,15,0,0,0,0,0,0,0,0,0,0,-1,0,0,-1,1,0,-1,1,0,-1,1
asdf,241.946000,37.150000,242.048000,36.925000,90,0,15,0,0,0,0,0,0,0,0,0,0,-1,0,0,-1,1,0,-1,1,0,-1,1
asdf,245.344000,31.826000,245.479000,31.655000,90,0,15,0,0,0,0,0,0,0,0,0,0,-1,0,0,-1,1,0,-1,1,0,-1,1
asdf,242.868000,32.707000,242.918000,32.580000,90,0,15,0,0,0,0,0,0,0,0,0,0,-1,0,0,-1,1,0,-1,1,0,-1,1
asdf,243.677000,31.527000,244.239000,31.325000,90,0,15,0,0,0,0,0,0,0,0,0,0,-1,0,0,-1,1,0,-1,1,0,-1,1
asdf,243.165000,31.890000,243.361000,31.581000,90,0,15,0,0,0,0,0,0,0,0,0,0,-1,0,0,-1,1,0,-1,1,0,-1,1
asdf,241.511000,34.328000,241.562000,34.335000,90,0,15,0,0,0,0,0,0,0,0,0,0,-1,0,0,-1,1,0,-1,1,0,-1,1
asdf,243.606000,34.124000,243.712000,34.143000,90,0,15,0,2.8,2.5,0,0,0,0,0,0,0,-1,0,0,-1,1,0,-1,1,0,-1,1
asdf,237.175000,38.620000,237.231000,38.539000,90,0,15,0,0,0,0,0,0,0,0,0,0,-1,0,0,-1,1,0,-1,1,0,-1,1
asdf,237.967000,37.859000,238.025000,37.888000,90,0,15,0,0,0,0,0,0,0,0,0,0,-1,0,0,-1,1,0,-1,1,0,-1,1
asdf,236.987000,38.877000,236.997000,38.855000,90,0,15,0,0,0,0,0,0,0,0,0,0,-1,0,0,-1,1,0,-1,1,0,-1,1
asdf,237.755000,38.164000,237.967000,37.859000,90,0,15,0,0,0,0,0,0,0,0,0,0,-1,0,0,-1,1,0,-1,1,0,-1,1
asdf,237.302000,37.931000,237.326000,37.894000,90,0,15,0,0,0,0,0,0,0,0,0,0,-1,0,0,-1,1,0,-1,1,0,-1,1
asdf,237.300000,37.936000,237.302000,37.931000,90,0,15,0,0,0,0,0,0,0,0,0,0,-1,0,0,-1,1,0,-1,1,0,-1,1
asdf,237.403000,37.810000,237.406000,37.815000,90,0,15,0,0,0,0,0,0,0,0,0,0,-1,0,0,-1,1,0,-1,1,0,-1,1
asdf,237.403000,37.810000,237.510000,37.668000,90,0,15,0,0,0,0,0,0,0,0,0,0,-1,0,0,-1,1,0,-1,1,0,-1,1
asdf,236.215000,39.115000,236.502000,38.783000,90,0,15,0,0,0,0,0,0,0,0,0,0,-1,0,0,-1,1,0,-1,1,0,-1,1
asdf,236.145000,39.251000,236.215000,39.115000,90,0,15,0,0,0,0,0,0,0,0,0,0,-1,0,0,-1,1,0,-1,1,0,-1,1
asdf,236.081000,39.411000,236.145000,39.251000,90,0,15,0,0,0,0,0,0,0,0,0,0,-1,0,0,-1,1,0,-1,1,0,-1,1
asdf,236.005000,39.673000,236.081000,39.411000,90,0,15,0,0,0,0,0,0,0,0,0,0,-1,0,0,-1,1,0,-1,1,0,-1,1
asdf,235.947000,39.857000,236.005000,39.673000,90,0,15,0,0,0,0,0,0,0,0,0,0,-1,0,0,-1,1,0,-1,1,0,-1,1
asdf,235.814000,40.215000,235.947000,39.857000,90,0,15,0,0,0,0,0,0,0,0,0,0,-1,0,0,-1,1,0,-1,1,0,-1,1
asdf,237.869000,37.733000,237.911000,37.679000,90,0,0,0,0,0,0,0,0,0,0,0,0,-1,0,0,-1,1,0,-1,1,0,-1,1
asdfa,238.319000,36.949000,238.389000,36.902000,90,0,5,0,0,0,0,0,0,0,0,0,0,-1,0,0,-1,1,0,-1,1,0,-1,1
asdfa,241.573000,37.793000,241.596000,37.434000,90,0,15,0,0,0,0,0,0,0,0,0,0,-1,0,0,-1,1,0,-1,1,0,-1,1
asdfa,238.591000,36.868000,238.624000,36.806000,90,0,0,0,0,0,0,0,0,0,0,0,0,-1,0,0,-1,1,0,-1,1,0,-1,1
asdfa,237.911000,37.679000,237.952000,37.639000,90,0,0,0,0,0,0,0,0,0,0,0,0,-1,0,0,-1,1,0,-1,1,0,-1,1
asdfa,238.005000,37.580000,238.075000,37.498000,90,0,0,0,0,0,0,0,0,0,0,0,0,-1,0,0,-1,1,0,-1,1,0,-1,1
asdfa,242.223000,34.082000,242.255000,34.033000,90,0,15,0,0,0,0,0,0,0,0,0,0,-1,0,0,-1,1,0,-1,1,0,-1,1
asdfa,240.790000,34.864000,240.936000,34.846000,90,0,15,0,0,0,0,0,0,0,0,0,0,-1,0,0,-1,1,0,-1,1,0,-1,1
asdfa,243.323000,35.163000,243.413000,34.996000,90,0,15,0,0,0,0,0,0,0,0,0,0,-1,0,0,-1,1,0,-1,1,0,-1,1
asdfa,237.510000,37.668000,237.668000,37.496000,90,0,15,0,0,0,0,0,0,0,0,0,0,-1,0,0,-1,1,0,-1,1,0,-1,1
asdfa,236.502000,38.783000,236.857000,38.427000,90,0,15,0,0,0,0,0,0,0,0,0,0,-1,0,0,-1,1,0,-1,1,0,-1,1
asdfa,237.594000,38.053000,237.627000,38.070000,90,0,15,0,0,0,0,0,0,0,0,0,0,-1,0,0,-1,1,0,-1,1,0,-1,1
asdfa,236.403000,39.995000,236.523000,39.999000,90,0,15,0,0,0,0,0,0,0,0,0,0,-1,0,0,-1,1,0,-1,1,0,-1,1
asdfa,236.048000,40.103000,236.283000,39.991000,90,0,15,0,0,0,0,0,0,0,0,0,0,-1,0,0,-1,1,0,-1,1,0,-1,1
asdfaa,238.085000,41.636000,238.505000,41.373000,90,0,15,0,0,0,0,0,0,0,0,0,0,-1,0,0,-1,1,0,-1,1,0,-1,1
asdfaaa,237.594000,38.053000,237.640000,37.995000,90,0,5,0,0,0,0,0,0,0,0,0,0,-1,0,0,-1,1,0,-1,1,0,-1,1
asdfaaaa,238.785000,45.982000,238.894000,46.485000,90,0,15,0,0,0,0,0,0,0,0,0,0,-1,0,0,-1,1,0,-1,1,0,-1,1
asdfaaab,238.731000,45.680000,238.785000,45.982000,90,0,15,0,0,0,0,0,0,0,0,0,0,-1,0,0,-1,1,0,-1,1,0,-1,1
asdfaab,237.640000,37.995000,237.658000,37.972000,90,0,0,0,0,0,0,0,0,0,0,0,0,-1,0,0,-1,1,0,-1,1,0,-1,1
asdfaab,238.650000,45.260000,238.731000,45.680000,90,0,15,0,0,0,0,0,0,0,0,0,0,-1,0,0,-1,1,0,-1,1,0,-1,1
asdfab,238.505000,41.373000,238.925000,41.109000,90,0,15,0,0,0,0,0,0,0,0,0,0,-1,0,0,-1,1,0,-1,1,0,-1,1
asdfab,238.406000,44.034000,238.650000,45.260000,90,0,15,0,0,0,0,0,0,0,0,0,0,-1,0,0,-1,1,0,-1,1,0,-1,1
asdfaba,237.658000,37.972000,237.702000,37.932000,90,0,0,0,0,0,0,0,0,0,0,0,0,-1,0,0,-1,1,0,-1,1,0,-1,1
asdfabbaa,237.702000,37.932000,237.717000,37.915000,90,0,0,0,0,0,0,0,0,0,0,0,0,-1,0,0,-1,1,0,-1,1,0,-1,1
asdfabbab,237.717000,37.915000,237.721000,37.908000,90,0,0,0,0,0,0,0,0,0,0,0,0,-1,0,0,-1,1,0,-1,1,0,-1,1
asdfabbba,237.721000,37.908000,237.725000,37.899000,90,0,0,0,0,0,0,0,0,0,0,0,0,-1,0,0,-1,1,0,-1,1,0,-1,1
asdfabbbb,237.725000,37.899000,237.730000,37.893000,90,0,0,0,0,0,0,0,0,0,0,0,0,-1,0,0,-1,1,0,-1,1,0,-1,1
asdfb,238.389000,36.902000,238.467000,36.841000,90,0,5,0,0,0,0,0,0,0,0,0,0,-1,0,0,-1,1,0,-1,1,0,-1,1
asdfb,241.596000,37.434000,241.671000,37.236000,90,0,15,0,0,0,0,0,0,0,0,0,0,-1,0,0,-1,1,0,-1,1,0,-1,1
asdfb,237.730000,37.893000,237.869000,37.733000,90,0,0,0,0,0,0,0,0,0,0,0,0,-1,0,0,-1,1,0,-1,1,0,-1,1
asdfb,238.925000,41.109000,239.241000,40.603000,90,0,15,0,0,0,0,0,0,0,0,0,0,-1,0,0,-1,1,0,-1,1,0,-1,1
asdfb,237.952000,37.639000,238.005000,37.580000,90,0,0,0,-9.2,4.6,0,0,0,0,0,0,0,-1,0,0,-1,1,0,-1,1,0,-1,1
asdfb,236.857000,38.427000,236.958000,38.329000,90,0,15,0,0,0,0,0,0,0,0,0,0,-1,0,0,-1,1,0,-1,1,0,-1,1
asdfb,237.627000,38.070000,237.661000,38.088000,90,0,15,0,0,0,0,0,0,0,0,0,0,-1,0,0,-1,1,0,-1,1,0,-1,1
asdfb,237.475000,38.596000,237.631000,38.412000,90,0,15,0,0,0,0,0,0,0,0,0,0,-1,0,0,-1,1,0,-1,1,0,-1,1
asdfb,235.814000,40.215000,236.048000,40.103000,90,0,15,0,0,0,0,0,0,0,0,0,0,-1,0,0,-1,1,0,-1,1,0,-1,1
asdfba,238.075000,37.498000,238.115000,37.452000,90,0,0,0,0,0,0,0,0,0,0,0,0,-1,0,0,-1,1,0,-1,1,0,-1,1
asdfba,243.413000,34.996000,243.465000,34.905000,90,0,15,0,0,0,0,0,0,0,0,0,0,-1,0,0,-1,1,0,-1,1,0,-1,1
asdfba,237.668000,37.496000,237.747000,37.411000,90,0,15,0,-17,8.5,0,0,0,0,0,0,0,-1,0,0,-1,1,0,-1,1,0,-1,1
asdfba,236.381000,39.996000,236.403000,39.995000,90,0,15,0,0,0,0,0,0,0,0,0,0,-1,0,0,-1,1,0,-1,1,0,-1,1
asdfba,240.936000,34.846000,241.079000,34.814000,90,0,15,0,0,0,0,0,0,0,0,0,0,-1,0,0,-1,1,0,-1,1,0,-1,1
asdfbaa,238.624000,36.806000,238.665000,36.763000,90,0,0,0,0,0,0,0,0,0,0,0,0,-1,0,0,-1,1,0,-1,1,0,-1,1
asdfbaa,238.076000,43.409000,238.406000,44.034000,90,0,15,0,0,0,0,0,0,0,0,0,0,-1,0,0,-1,1,0,-1,1,0,-1,1
asdfbab,238.665000,36.763000,238.739000,36.704000,90,0,0,0,0,0,0,0,0,0,0,0,0,-1,0,0,-1,1,0,-1,1,0,-1,1
asdfbaba,237.836000,42.947000,238.076000,43.409000,90,0,15,0,0,0,0,0,0,0,0,0,0,-1,0,0,-1,1,0,-1,1,0,-1,1
asdfbabb,237.746000,42.784000,237.836000,42.947000,90,0,15,0,0,0,0,0,0,0,0,0,0,-1,0,0,-1,1,0,-1,1,0,-1,1
asdfbb,237.746000,42.784000,238.085000,41.636000,90,0,15,0,0,0,0,-3,1.5,0,0,0,0,-1,0,0,-1,1,0,-1,1,0,-1,1
asdfbb,243.465000,34.905000,243.517000,34.814000,90,0,15,0,0,0,0,0,0,0,0,0,0,-1,0,0,-1,1,0,-1,1,0,-1,1
asdfbb,237.747000,37.411000,237.826000,37.325000,90,0,15,0,0,0,0,0,0,0,0,0,0,-1,0,0,-1,1,0,-1,1,0,-1,1
asdfbb,236.283000,39.991000,236.381000,39.996000,90,0,15,0,0,0,0,0,0,0,0,0,0,-1,0,0,-1,1,0,-1,1,0,-1,1
asdfbb,241.079000,34.814000,241.103000,34.811000,90,0,15,0,0,0,0,0,0,0,0,0,0,-1,0,0,-1,1,0,-1,1,0,-1,1
asdfbba,238.739000,36.704000,238.895000,36.555000,90,0,0,0,0,0,0,0,0,0,0,0,0,-1,0,0,-1,1,0,-1,1,0,-1,1
asdfbbaa,238.115000,37.452000,238.172000,37.398000,90,0,0,0,0,0,0,0,0,0,0,0,0,-1,0,0,-1,1,0,-1,1,0,-1,1
asdfbbab,238.172000,37.398000,238.210000,37.350000,90,0,0,0,0,0,0,0,0,0,0,0,0,-1,0,0,-1,1,0,-1,1,0,-1,1
asdfbbb,238.887000,36.526000,238.895000,36.555000,90,0,0,0,0,0,0,0,0,0,0,0,0,-1,0,0,-1,1,0,-1,1,0,-1,1
asdfbbbaa,238.210000,37.350000,238.266000,37.297000,90,0,0,0,0,0,0,0,0,0,0,0,0,-1,0,0,-1,1,0,-1,1,0,-1,1
asdfbbbab,238.266000,37.297000,238.298000,37.239000,90,0,0,0,0,0,0,0,0,0,0,0,0,-1,0,0,-1,1,0,-1,1,0,-1,1
asdfbbbb,238.298000,37.239000,238.344000,37.234000,90,0,5,0,0,0,0,0,0,0,0,0,0,-1,0,0,-1,1,0,-1,1,0,-1,1
cfm_camp_rock_complete_trace_part1_s,243.192000,34.754000,243.266000,34.701000,90,0,15,0,-1.4,0.7,0,0,0,0,0,0,0,-1,0,0,-1,1,0,-1,1,0,-1,1
cfm_camp_rock_complete_trace_part2_s,243.143000,34.785000,243.192000,34.754000,90,0,15,0,0,0,0,0,0,0,0,0,0,-1,0,0,-1,1,0,-1,1,0,-1,1
cfm_camp_rock_complete_trace_part3_s,243.116000,34.833000,243.143000,34.785000,90,0,15,0,0,0,0,0,0,0,0,0,0,-1,0,0,-1,1,0,-1,1,0,-1,1
cfm_camp_rock_complete_trace_part4_s,243.083000,34.873000,243.116000,34.833000,90,0,15,0,0,0,0,0,0,0,0,0,0,-1,0,0,-1,1,0,-1,1,0,-1,1
cfm_east_north_frontal_zone_smooth_extruded_trace_part4_s,243.200000,34.337000,243.290000,34.346000,41.5,0,15,0,0,0,0,0,0,0,0,0,0,-1,0,0,-1,1,0,-1,1,0,-1,1
cfm_eureka_peak_west_deception_canyon_extruded_trace_part1_s_2a,243.606000,34.124000,243.638000,34.066000,90,0,15,0,0,0,0,0,0,0,0,0,0,-1,0,0,-1,1,0,-1,1,0,-1,1
cfm_eureka_peak_west_deception_canyon_extruded_trace_part1_s_2b,243.638000,34.066000,243.671000,34.008000,90,0,15,0,0,0,0,0,0,0,0,0,0,-1,0,0,-1,1,0,-1,1,0,-1,1
cfm_landers_detailed_complete_trace_part10_s,243.349000,34.609000,243.426000,34.565000,90,0,15,0,0,0,0,0,0,0,0,0,0,-1,0,0,-1,1,0,-1,1,0,-1,1
cfm_landers_detailed_complete_trace_part11_s,243.326000,34.649000,243.349000,34.609000,90,0,15,0,0,0,0,0,0,0,0,0,0,-1,0,0,-1,1,0,-1,1,0,-1,1
cfm_landers_detailed_complete_trace_part1_s,243.266000,34.701000,243.326000,34.649000,90,0,15,0,0,0,0,0,0,0,0,0,0,-1,0,0,-1,1,0,-1,1,0,-1,1
cfm_landers_detailed_complete_trace_part7_s,243.460000,34.524000,243.469000,34.490000,90,0,15,0,0,0,0,0,0,0,0,0,0,-1,0,0,-1,1,0,-1,1,0,-1,1
cfm_landers_detailed_complete_trace_part9_s,243.426000,34.565000,243.460000,34.524000,90,0,15,0,0,0,0,0,0,0,0,0,0,-1,0,0,-1,1,0,-1,1,0,-1,1
cfm_newport_inglewood_rose_conyon_complete_trace_part10_s,242.390000,33.310000,242.443000,33.264000,90,0,15,0,0,0,0,0,0,0,0,0,0,-1,0,0,-1,1,0,-1,1,0,-1,1
cfm_newport_inglewood_rose_conyon_complete_trace_part11_s,242.293000,33.414000,242.390000,33.310000,90,0,15,0,0,0,0,0,0,0,0,0,0,-1,0,0,-1,1,0,-1,1,0,-1,1
cfm_newport_inglewood_rose_conyon_complete_trace_part12_s,242.246000,33.460000,242.293000,33.414000,90,0,15,0,0,0,0,0,0,0,0,0,0,-1,0,0,-1,1,0,-1,1,0,-1,1
cfm_newport_inglewood_rose_conyon_complete_trace_part13_saaa,242.209000,33.503000,242.218000,33.495000,90,0,15,0,0,0,0,0,0,0,0,0,0,-1,0,0,-1,1,0,-1,1,0,-1,1
cfm_newport_inglewood_rose_conyon_complete_trace_part13_saab,242.218000,33.495000,242.225000,33.486000,90,0,15,0,0,0,0,0,0,0,0,0,0,-1,0,0,-1,1,0,-1,1,0,-1,1
cfm_newport_inglewood_rose_conyon_complete_trace_part13_sab,242.225000,33.486000,242.236000,33.473000,90,0,15,0,0,0,0,0,0,0,0,0,0,-1,0,0,-1,1,0,-1,1,0,-1,1
cfm_newport_inglewood_rose_conyon_complete_trace_part13_sb,242.236000,33.473000,242.246000,33.460000,90,0,15,0,0,0,0,0,0,0,0,0,0,-1,0,0,-1,1,0,-1,1,0,-1,1
cfm_newport_inglewood_rose_conyon_complete_trace_part14_sa,242.117000,33.572000,242.184000,33.525000,90,0,15,0,0,0,0,0,0,0,0,0,0,-1,0,0,-1,1,0,-1,1,0,-1,1
cfm_newport_inglewood_rose_conyon_complete_trace_part14_sb,242.184000,33.525000,242.209000,33.503000,90,0,15,0,0,0,0,0,0,0,0,0,0,-1,0,0,-1,1,0,-1,1,0,-1,1
cfm_newport_inglewood_rose_conyon_complete_trace_part1_s,242.812000,32.764000,242.868000,32.707000,90,0,15,0,0,0,0,0,0,0,0,0,0,-1,0,0,-1,1,0,-1,1,0,-1,1
cfm_newport_inglewood_rose_conyon_complete_trace_part2_s,242.777000,32.828000,242.812000,32.764000,90,0,15,0,-1.5,0.8,0,0,0,0,0,0,0,-1,0,0,-1,1,0,-1,1,0,-1,1
cfm_newport_inglewood_rose_conyon_complete_trace_part3_s,242.739000,32.858000,242.777000,32.828000,90,0,15,0,0,0,0,0,0,0,0,0,0,-1,0,0,-1,1,0,-1,1,0,-1,1
cfm_newport_inglewood_rose_conyon_complete_trace_part4_s,242.692000,32.965000,242.739000,32.858000,90,0,15,0,0,0,0,0,0,0,0,0,0,-1,0,0,-1,1,0,-1,1,0,-1,1
cfm_newport_inglewood_rose_conyon_complete_trace_part5_s,242.682000,33.008000,242.692000,32.965000,90,0,15,0,0,0,0,0,0,0,0,0,0,-1,0,0,-1,1,0,-1,1,0,-1,1
cfm_newport_inglewood_rose_conyon_complete_trace_part6_s,242.624000,33.085000,242.682000,33.008000,90,0,15,0,0,0,0,0,0,0,0,0,0,-1,0,0,-1,1,0,-1,1,0,-1,1
cfm_newport_inglewood_rose_conyon_complete_trace_part7_s,242.575000,33.130000,242.624000,33.085000,90,0,15,0,0,0,0,0,0,0,0,0,0,-1,0,0,-1,1,0,-1,1,0,-1,1
cfm_newport_inglewood_rose_conyon_complete_trace_part8_s,242.513000,33.222000,242.575000,33.130000,90,0,15,0,0,0,0,0,0,0,0,0,0,-1,0,0,-1,1,0,-1,1,0,-1,1
cfm_newport_inglewood_rose_conyon_complete_trace_part9_s,242.443000,33.264000,242.513000,33.222000,90,0,15,0,0,0,0,0,0,0,0,0,0,-1,0,0,-1,1,0,-1,1,0,-1,1
cfm_palos_verdes_extruded_trace_part1_s_2,241.443000,33.972000,241.504000,33.904000,90,0,15,0,0,0,0,0,0,0,0,0,0,-1,0,0,-1,1,0,-1,1,0,-1,1
cfm_palos_verdes_extruded_trace_part2_s_2,241.504000,33.904000,241.561000,33.865000,90,0,15,0,0,0,0,0,0,0,0,0,0,-1,0,0,-1,1,0,-1,1,0,-1,1
cfm_palos_verdes_extruded_trace_part3_s_2,241.561000,33.865000,241.600000,33.819000,90,0,15,0,0,0,0,0,0,0,0,0,0,-1,0,0,-1,1,0,-1,1,0,-1,1
cfm_palos_verdes_extruded_trace_part4_s_2,241.600000,33.819000,241.666000,33.791000,90,0,15,0,0,0,0,0,0,0,0,0,0,-1,0,0,-1,1,0,-1,1,0,-1,1
cfm_palos_verdes_extruded_trace_part5_s_2,241.666000,33.791000,241.746000,33.749000,90,0,15,0,0,0,0,0,0,0,0,0,0,-1,0,0,-1,1,0,-1,1,0,-1,1
cfm_palos_verdes_extruded_trace_part6_s_2,241.746000,33.749000,241.767000,33.694000,90,0,15,0,0,0,0,0,0,0,0,0,0,-1,0,0,-1,1,0,-1,1,0,-1,1
cfm_palos_verdes_extruded_trace_part7_s_2,241.854000,33.585000,241.881000,33.547000,90,0,15,0,-3.3,1.6,0,0,0,0,0,0,0,-1,0,0,-1,1,0,-1,1,0,-1,1
cfm_palos_verdes_extruded_trace_part8_s_2,241.767000,33.694000,241.854000,33.585000,90,0,15,0,0,0,0,0,0,0,0,0,0,-1,0,0,-1,1,0,-1,1,0,-1,1
cfm_panamint_valley_low_dip_truncated_at_garlock_trace_part10_s,242.772000,36.237000,242.797000,36.195000,90,0,15,0,0,0,0,0,0,0,0,0,0,-1,0,0,-1,1,0,-1,1,0,-1,1
cfm_panamint_valley_low_dip_truncated_at_garlock_trace_part11_s,242.706000,36.283000,242.772000,36.237000,90,0,15,0,0,0,0,0,0,0,0,0,0,-1,0,0,-1,1,0,-1,1,0,-1,1
cfm_panamint_valley_low_dip_truncated_at_garlock_trace_part12_s,242.677000,36.315000,242.706000,36.283000,90,0,15,0,0,0,0,0,0,0,0,0,0,-1,0,0,-1,1,0,-1,1,0,-1,1
cfm_panamint_valley_low_dip_truncated_at_garlock_trace_part13_s,242.640000,36.366000,242.677000,36.315000,90,0,15,0,0,0,0,0,0,0,0,0,0,-1,0,0,-1,1,0,-1,1,0,-1,1
cfm_panamint_valley_low_dip_truncated_at_garlock_trace_part14_s,242.592000,36.436000,242.640000,36.366000,90,0,15,0,0,0,0,0,0,0,0,0,0,-1,0,0,-1,1,0,-1,1,0,-1,1
cfm_panamint_valley_low_dip_truncated_at_garlock_trace_part15_0_s,242.780000,35.997000,242.793000,36.041000,90,0,15,0,0,0,0,0,0,0,0,0,0,-1,0,0,-1,1,0,-1,1,0,-1,1
cfm_panamint_valley_low_dip_truncated_at_garlock_trace_part1_s,243.064000,35.643000,243.103000,35.611000,90,0,15,0,0,0,0,0,0,0,0,0,0,-1,0,0,-1,1,0,-1,1,0,-1,1
cfm_panamint_valley_low_dip_truncated_at_garlock_trace_part2_s,242.952000,35.686000,243.064000,35.643000,90,0,15,0,0,0,0,0,0,0,0,0,0,-1,0,0,-1,1,0,-1,1,0,-1,1
cfm_panamint_valley_low_dip_truncated_at_garlock_trace_part3_s,242.886000,35.748000,242.952000,35.686000,90,0,15,0,0,0,0,0,0,0,0,0,0,-1,0,0,-1,1,0,-1,1,0,-1,1
cfm_panamint_valley_low_dip_truncated_at_garlock_trace_part4_s,242.862000,35.795000,242.886000,35.748000,90,0,15,0,0,0,0,0,0,0,0,0,0,-1,0,0,-1,1,0,-1,1,0,-1,1
cfm_panamint_valley_low_dip_truncated_at_garlock_trace_part5_s,242.815000,35.894000,242.862000,35.795000,90,0,15,0,0,0,0,0,0,0,0,0,0,-1,0,0,-1,1,0,-1,1,0,-1,1
cfm_panamint_valley_low_dip_truncated_at_garlock_trace_part6_0_s,242.780000,35.997000,242.815000,35.894000,90,0,15,0,0,0,0,0,0,0,0,0,0,-1,0,0,-1,1,0,-1,1,0,-1,1
cfm_panamint_valley_low_dip_truncated_at_garlock_trace_part7_s,242.793000,36.041000,242.807000,36.079000,90,0,15,0,0,0,0,0,0,0,0,0,0,-1,0,0,-1,1,0,-1,1,0,-1,1
cfm_panamint_valley_low_dip_truncated_at_garlock_trace_part8_s,242.790000,36.126000,242.807000,36.079000,90,0,15,0,0,0,0,0,0,0,0,0,0,-1,0,0,-1,1,0,-1,1,0,-1,1
cfm_panamint_valley_low_dip_truncated_at_garlock_trace_part9_s,242.790000,36.126000,242.797000,36.195000,90,0,15,0,0,0,0,0,0,0,0,0,0,-1,0,0,-1,1,0,-1,1,0,-1,1
cfm_pleito_truncated_complete_trace_part1_s_2,240.695000,34.932000,240.805000,34.942000,61.6,0,15,0,0,0,0,0,0,0,0,0,0,-1,0,0,-1,1,0,-1,1,0,-1,1
cfm_pleito_truncated_complete_trace_part2_s_2,240.805000,34.942000,240.884000,34.985000,48,0,15,0,0,0,0,0,0,0,0,0,0,-1,0,0,-1,1,0,-1,1,0,-1,1
cfm_pleito_truncated_complete_trace_part3_s_2,240.884000,34.985000,240.942000,34.998000,43.1,0,15,0,0,0,0,0,0,0,0,0,0,-1,0,0,-1,1,0,-1,1,0,-1,1
cfm_san_andreas_mojave_extruded_trace_part1_sa,241.993000,34.512000,242.231000,34.412000,90,0,15,0,-50,1,1,0,0,0,0,0,0,-1,0,0,-1,1,0,-1,1,0,-1,1
cfm_san_andreas_mojave_extruded_trace_part1_sb,242.231000,34.412000,242.470000,34.311000,90,0,15,0,0,0,0,0,0,0,0,0,0,-1,0,0,-1,1,0,-1,1,0,-1,1
cfm_san_andreas_mojave_extruded_trace_part2_sa,241.498000,34.699000,241.745000,34.605000,90,0,15,0,0,0,0,0,0,0,0,0,0,-1,0,0,-1,1,0,-1,1,0,-1,1
cfm_san_andreas_mojave_extruded_trace_part2_sb,241.745000,34.605000,241.993000,34.512000,90,0,15,0,0,0,0,0,0,0,0,0,0,-1,0,0,-1,1,0,-1,1,0,-1,1
cfm_san_bernardino_valley_san_jacinto_complete_trace_part2_sa,242.520000,34.254000,242.566000,34.232000,90,0,15,0,0,0,0,0,0,0,0,0,0,-1,0,0,-1,1,0,-1,1,0,-1,1
cfm_san_bernardino_valley_san_jacinto_complete_trace_part2_sb,242.566000,34.232000,242.614000,34.195000,90,0,15,0,0,0,0,0,0,0,0,0,0,-1,0,0,-1,1,0,-1,1,0,-1,1
cfm_san_bernardino_valley_san_jacinto_complete_trace_part3_s,242.614000,34.195000,242.636000,34.161000,90,0,15,0,0,0,0,0,0,0,0,0,0,-1,0,0,-1,1,0,-1,1,0,-1,1
cfm_san_bernardino_valley_san_jacinto_complete_trace_part5_s,242.656000,34.120000,242.778000,34.008000,90,0,15,0,-2.5,1.2,0,0,0,0,0,0,0,-1,0,0,-1,1,0,-1,1,0,-1,1
cfm_san_bernardino_valley_san_jacinto_complete_trace_part6_s,242.636000,34.161000,242.656000,34.120000,90,0,15,0,0,0,0,0,0,0,0,0,0,-1,0,0,-1,1,0,-1,1,0,-1,1
cfm_sierra_madre_extruded_complete_trace_part10_s_2,242.150000,34.153000,242.191000,34.131000,123.6,0,15,0,0,0,0,0,0,0,0,0,0,-1,0,0,-1,1,0,-1,1,0,-1,1
cfm_sierra_madre_extruded_complete_trace_part2_s_2a,241.562000,34.335000,241.632000,34.309000,111.4,0,15,0,0,0,0,0,0,0,0,0,0,-1,0,0,-1,1,0,-1,1,0,-1,1
cfm_sierra_madre_extruded_complete_trace_part2_s_2b,241.632000,34.309000,241.702000,34.284000,111.4,0,15,0,0,0,0,0,0,0,0,0,0,-1,0,0,-1,1,0,-1,1,0,-1,1
cfm_sierra_madre_extruded_complete_trace_part3_s_2,241.702000,34.284000,241.786000,34.213000,118.1,0,15,0,0,0,0,0,0,0,0,0,0,-1,0,0,-1,1,0,-1,1,0,-1,1
cfm_sierra_madre_extruded_complete_trace_part4_s_2,241.786000,34.213000,241.888000,34.201000,123.4,0,15,0,0,0,0,0,0,0,0,0,0,-1,0,0,-1,1,0,-1,1,0,-1,1
cfm_sierra_madre_extruded_complete_trace_part5_s_2,241.888000,34.201000,241.932000,34.176000,120.9,0,15,0,0,0,0,0,0,0,0,0,0,-1,0,0,-1,1,0,-1,1,0,-1,1
cfm_sierra_madre_extruded_complete_trace_part6_s_2,241.932000,34.176000,241.997000,34.175000,126.5,0,15,0,0,0,0,0,0,0,0,0,0,-1,0,0,-1,1,0,-1,1,0,-1,1
cfm_sierra_madre_extruded_complete_trace_part7_s_2a,241.997000,34.175000,242.029000,34.162000,119.6,0,15,0,0,0,0,0,0,0,0,0,0,-1,0,0,-1,1,0,-1,1,0,-1,1
cfm_sierra_madre_extruded_complete_trace_part7_s_2b,242.029000,34.162000,242.060000,34.150000,119.6,0,15,0,0,0,0,0,0,0,0,0,0,-1,0,0,-1,1,0,-1,1,0,-1,1
cfm_sierra_madre_extruded_complete_trace_part8_s_2,242.060000,34.150000,242.150000,34.153000,126.4,0,15,0,0,0,0,0,0,0,0,0,0,-1,0,0,-1,1,0,-1,1,0,-1,1
cfm_sierra_madre_extruded_complete_trace_part9_s_2aa,242.191000,34.131000,242.216000,34.129000,134.2,0,15,0,0,0,0,0,0,0,0,0,0,-1,0,0,-1,1,0,-1,1,0,-1,1
cfma_anza_san_jacinto_extruded_90dip_trace_part5_s,243.104000,33.743000,243.159000,33.702000,90,0,15,0,0,0,0,0,0,0,0,0,0,-1,0,0,-1,1,0,-1,1,0,-1,1
cfma_anza_san_jacinto_extruded_90dip_trace_part6_s,243.159000,33.702000,243.451000,33.513000,90,0,15,0,0,0,0,0,0,0,0,0,0,-1,0,0,-1,1,0,-1,1,0,-1,1
cfma_banning_complete_trace_part4_s,243.202000,33.951000,243.246000,33.945000,90,0,10,0,0,0,0,0,0,0,0,0,0,-1,0,0,-1,1,0,-1,1,0,-1,1
cfma_banning_complete_trace_part6_s,243.246000,33.945000,243.307000,33.950000,90,0,10,0,0,0,0,0,0,0,0,0,0,-1,0,0,-1,1,0,-1,1,0,-1,1
cfma_banning_complete_trace_part7_s,243.307000,33.950000,243.406000,33.935000,90,0,10,0,0,0,0,0,0,0,0,0,0,-1,0,0,-1,1,0,-1,1,0,-1,1
cfma_banning_complete_trace_part8_s,243.502000,33.900000,243.611000,33.852000,90,0,10,0,0,0,0,0,0,0,0,0,0,-1,0,0,-1,1,0,-1,1,0,-1,1
cfma_banning_complete_trace_part9_s,243.406000,33.935000,243.502000,33.900000,90,0,10,0,0,0,0,0,0,0,0,0,0,-1,0,0,-1,1,0,-1,1,0,-1,1
cfma_blackwater_extruded_90_trace_part1_s,242.587000,35.451000,242.687000,35.368000,90,0,15,0,0,0,0,0,0,0,0,0,0,-1,0,0,-1,1,0,-1,1,0,-1,1
cfma_blackwater_extruded_90_trace_part2_s,242.687000,35.368000,242.786000,35.229000,90,0,15,0,0,0,0,0,0,0,0,0,0,-1,0,0,-1,1,0,-1,1,0,-1,1
cfma_blackwater_extruded_90_trace_part4_s,242.786000,35.229000,242.872000,35.108000,90,0,15,0,0,0,0,0,0,0,0,0,0,-1,0,0,-1,1,0,-1,1,0,-1,1
cfma_borrego_san_jacinto_extruded_90dip_trace_part1_s,243.795000,33.208000,243.836000,33.184000,90,0,15,0,0,0,0,0,0,0,0,0,0,-1,0,0,-1,1,0,-1,1,0,-1,1
cfma_borrego_san_jacinto_extruded_90dip_trace_part2_s,243.836000,33.184000,243.871000,33.145000,90,0,15,0,0,0,0,0,0,0,0,0,0,-1,0,0,-1,1,0,-1,1,0,-1,1
cfma_borrego_san_jacinto_extruded_90dip_trace_part3_s,243.871000,33.145000,243.942000,33.099000,90,0,15,0,0,0,0,0,0,0,0,0,0,-1,0,0,-1,1,0,-1,1,0,-1,1
cfma_borrego_san_jacinto_extruded_90dip_trace_part4_s,243.989000,33.031000,244.057000,33.003000,90,0,15,0,0,0,0,0,0,0,0,0,0,-1,0,0,-1,1,0,-1,1,0,-1,1
cfma_borrego_san_jacinto_extruded_90dip_trace_part5_s,243.942000,33.099000,243.989000,33.031000,90,0,15,0,0,0,0,0,0,0,0,0,0,-1,0,0,-1,1,0,-1,1,0,-1,1
cfma_brawley_seismic_zone_complete_trace_part1_saba,244.285000,33.335000,244.330000,33.243000,90,0,10,0,0,0,0,0,0,0,0,0,0,-1,0,0,-1,1,0,-1,1,0,-1,1
cfma_brawley_seismic_zone_complete_trace_part1_sabb,244.330000,33.243000,244.374000,33.151000,90,0,5,0,0,0,0,0,0,0,0,0,0,-1,0,0,-1,1,0,-1,1,0,-1,1
cfma_brawley_seismic_zone_complete_trace_part1_sba,244.374000,33.151000,244.423000,33.017000,90,0,5,0,0,0,0,0,0,0,0,0,0,-1,0,0,-1,1,0,-1,1,0,-1,1
cfma_brawley_seismic_zone_complete_trace_part1_sbb,244.423000,33.017000,244.446000,32.899000,90,0,2.5,0,0,0,0,0,0,0,0,0,0,-1,0,0,-1,1,0,-1,1,0,-1,1
cfma_carrizo_extruded_1_trace_part1_sa,241.144000,34.792000,241.421000,34.723000,90,0,15,0,-42.5,21.2,0,0,0,0,0,0,0,-1,0,0,-1,1,0,-1,1,0,-1,1
cfma_carrizo_extruded_1_trace_part1_sb,241.421000,34.723000,241.493000,34.701000,90,0,15,0,0,0,0,0,0,0,0,0,0,-1,0,0,-1,1,0,-1,1,0,-1,1
cfma_carrizo_extruded_1_trace_part3_s,240.594000,34.942000,240.790000,34.864000,90,0,25,0,0,0,0,0,0,0,0,0,0,-1,0,0,-1,1,0,-1,1,0,-1,1
cfma_carrizo_extruded_1_trace_part4_saa,240.333000,35.134000,240.399000,35.085000,90,0,20,0,0,0,0,0,0,0,0,0,0,-1,0,0,-1,1,0,-1,1,0,-1,1
cfma_carrizo_extruded_1_trace_part4_sab,240.399000,35.085000,240.464000,35.037000,90,0,20,0,0,0,0,0,0,0,0,0,0,-1,0,0,-1,1,0,-1,1,0,-1,1
cfma_carrizo_extruded_1_trace_part4_sba,240.464000,35.037000,240.529000,34.988000,90,0,20,0,0,0,0,0,0,0,0,0,0,-1,0,0,-1,1,0,-1,1,0,-1,1
cfma_carrizo_extruded_1_trace_part4_sbb,240.529000,34.988000,240.594000,34.942000,90,0,20,0,0,0,0,0,0,0,0,0,0,-1,0,0,-1,1,0,-1,1,0,-1,1
cfma_carrizo_extruded_1_trace_part5_saa,240.140000,35.307000,240.188000,35.264000,90,0,17.5,0,-33.9,16.9,0,0,0,0,0,0,0,-1,0,0,-1,1,0,-1,1,0,-1,1
cfma_carrizo_extruded_1_trace_part5_sab,240.188000,35.264000,240.236000,35.221000,90,0,17.5,0,0,0,0,0,0,0,0,0,0,-1,0,0,-1,1,0,-1,1,0,-1,1
cfma_carrizo_extruded_1_trace_part5_sba,240.236000,35.221000,240.284000,35.177000,90,0,20,0,0,0,0,0,0,0,0,0,0,-1,0,0,-1,1,0,-1,1,0,-1,1
cfma_carrizo_extruded_1_trace_part5_sbb,240.284000,35.177000,240.333000,35.134000,90,0,20,0,0,0,0,0,0,0,0,0,0,-1,0,0,-1,1,0,-1,1,0,-1,1
cfma_cerro_prieto_extruded_90_trace_part10_s,245.199000,31.965000,245.251000,31.926000,90,0,15,0,0,0,0,0,0,0,0,0,0,-1,0,0,-1,1,0,-1,1,0,-1,1
cfma_cerro_prieto_extruded_90_trace_part1_s,244.106000,32.653000,244.251000,32.566000,90,0,15,0,0,0,0,0,0,0,0,0,0,-1,0,0,-1,1,0,-1,1,0,-1,1
cfma_cerro_prieto_extruded_90_trace_part2_s,244.251000,32.566000,244.435000,32.391000,90,0,15,0,0,0,0,0,0,0,0,0,0,-1,0,0,-1,1,0,-1,1,0,-1,1
cfma_cerro_prieto_extruded_90_trace_part3_s,244.435000,32.391000,244.546000,32.315000,90,0,15,0,0,0,0,0,0,0,0,0,0,-1,0,0,-1,1,0,-1,1,0,-1,1
cfma_cerro_prieto_extruded_90_trace_part4_s,244.546000,32.315000,245.007000,32.136000,90,0,15,0,0,0,0,0,0,0,0,0,0,-1,0,0,-1,1,0,-1,1,0,-1,1
cfma_cerro_prieto_extruded_90_trace_part5_s,245.007000,32.136000,245.064000,32.079000,90,0,15,0,0,0,0,0,0,0,0,0,0,-1,0,0,-1,1,0,-1,1,0,-1,1
cfma_cerro_prieto_extruded_90_trace_part6_s,245.064000,32.079000,245.106000,32.057000,90,0,15,0,0,0,0,0,0,0,0,0,0,-1,0,0,-1,1,0,-1,1,0,-1,1
cfma_cerro_prieto_extruded_90_trace_part7_s,245.106000,32.057000,245.147000,32.013000,90,0,15,0,0,0,0,0,0,0,0,0,0,-1,0,0,-1,1,0,-1,1,0,-1,1
cfma_cerro_prieto_extruded_90_trace_part8_s,245.251000,31.926000,245.344000,31.826000,90,0,15,0,0,0,0,0,0,0,0,0,0,-1,0,0,-1,1,0,-1,1,0,-1,1
cfma_cerro_prieto_extruded_90_trace_part9_s,245.147000,32.013000,245.199000,31.965000,90,0,15,0,0,0,0,0,0,0,0,0,0,-1,0,0,-1,1,0,-1,1,0,-1,1
cfma_chino_extruded_65_upper_complete_trace_part2_s,242.352000,33.909000,242.403000,33.854000,53,0,15,0,0,0,0,0,0,0,0,0,0,-1,0,0,-1,1,0,-1,1,0,-1,1
cfma_chino_extruded_65_upper_complete_trace_part3_s,242.292000,33.967000,242.352000,33.909000,61.2,0,15,0,0,0,0,0,0,0,0,0,0,-1,0,0,-1,1,0,-1,1,0,-1,1
cfma_chino_extruded_65_upper_complete_trace_part4_sa,242.255000,34.033000,242.274000,34.000000,67.3,0,15,0,0,0,0,0,0,0,0,0,0,-1,0,0,-1,1,0,-1,1,0,-1,1
cfma_chino_extruded_65_upper_complete_trace_part4_sb,242.274000,34.000000,242.292000,33.967000,67.3,0,15,0,0,0,0,0,0,0,0,0,0,-1,0,0,-1,1,0,-1,1,0,-1,1
cfma_coronado_banks_complete_trace_part1_sa,242.734000,32.497000,242.950000,32.194000,90,0,15,0,0,0,0,0,0,0,0,0,0,-1,0,0,-1,1,0,-1,1,0,-1,1
cfma_coronado_banks_complete_trace_part1_sb,242.950000,32.194000,243.165000,31.890000,90,0,15,0,0,0,0,0,0,0,0,0,0,-1,0,0,-1,1,0,-1,1,0,-1,1
cfma_coronado_banks_complete_trace_part2_s,242.702000,32.554000,242.734000,32.497000,90,0,15,0,0,0,0,0,0,0,0,0,0,-1,0,0,-1,1,0,-1,1,0,-1,1
cfma_coronado_banks_complete_trace_part3_s,242.685000,32.596000,242.702000,32.554000,90,0,15,0,0,0,0,0,0,0,0,0,0,-1,0,0,-1,1,0,-1,1,0,-1,1
cfma_coronado_banks_complete_trace_part4_s,242.656000,32.626000,242.685000,32.596000,90,0,15,0,0,0,0,0,0,0,0,0,0,-1,0,0,-1,1,0,-1,1,0,-1,1
cfma_coronado_banks_complete_trace_part5_s,242.587000,32.680000,242.656000,32.626000,90,0,15,0,0,0,0,0,0,0,0,0,0,-1,0,0,-1,1,0,-1,1,0,-1,1
cfma_coronado_banks_complete_trace_part6_s,242.567000,32.725000,242.587000,32.680000,90,0,15,0,0,0,0,0,0,0,0,0,0,-1,0,0,-1,1,0,-1,1,0,-1,1
cfma_coronado_banks_complete_trace_part7_s,242.533000,32.754000,242.567000,32.725000,90,0,15,0,0,0,0,0,0,0,0,0,0,-1,0,0,-1,1,0,-1,1,0,-1,1
cfma_coronado_banks_complete_trace_part8_s,242.493000,32.810000,242.533000,32.754000,90,0,15,0,0,0,0,0,0,0,0,0,0,-1,0,0,-1,1,0,-1,1,0,-1,1
cfma_coronado_banks_complete_trace_part9_s,242.480000,32.867000,242.493000,32.810000,90,0,15,0,0,0,0,0,0,0,0,0,0,-1,0,0,-1,1,0,-1,1,0,-1,1
cfma_coyote_creek_san_jacinto_extruded_90dip_trace_part1_s,243.457000,33.471000,243.530000,33.422000,90,0,15,0,0,0,0,0,0,0,0,0,0,-1,0,0,-1,1,0,-1,1,0,-1,1
cfma_coyote_creek_san_jacinto_extruded_90dip_trace_part2_s,243.717000,33.265000,243.795000,33.208000,90,0,15,0,0,0,0,0,0,0,0,0,0,-1,0,0,-1,1,0,-1,1,0,-1,1
cfma_coyote_creek_san_jacinto_extruded_90dip_trace_part3_s,243.530000,33.422000,243.717000,33.265000,90,0,15,0,0,0,0,0,0,0,0,0,0,-1,0,0,-1,1,0,-1,1,0,-1,1
cfma_coyote_moutain_elsinore_extrapolated_trace_part2_s,243.687000,32.969000,243.755000,32.891000,90,0,15,0,0,0,0,0,0,0,0,0,0,-1,0,0,-1,1,0,-1,1,0,-1,1
cfma_coyote_moutain_elsinore_extrapolated_trace_part3_s,243.755000,32.891000,243.822000,32.839000,90,0,15,0,0,0,0,0,0,0,0,0,0,-1,0,0,-1,1,0,-1,1,0,-1,1
cfma_coyote_moutain_elsinore_extrapolated_trace_part4_s,243.822000,32.839000,243.901000,32.816000,90,0,15,0,0,0,0,0,0,0,0,0,0,-1,0,0,-1,1,0,-1,1,0,-1,1
cfma_coyote_moutain_elsinore_extrapolated_trace_part5_s,243.901000,32.816000,243.959000,32.787000,90,0,15,0,0,0,0,0,0,0,0,0,0,-1,0,0,-1,1,0,-1,1,0,-1,1
cfma_garlock_complete_trace_part10_sb,242.510000,35.499000,242.705000,35.543000,90,0,15,0,0,0,0,0,0,0,0,0,0,-1,0,0,-1,1,0,-1,1,0,-1,1
cfma_garlock_complete_trace_part11_s,242.705000,35.543000,242.861000,35.585000,90,0,15,0,6.5,4.5,0,0,0,0,0,0,0,-1,0,0,-1,1,0,-1,1,0,-1,1
cfma_garlock_complete_trace_part12_saaa,242.994000,35.605000,243.111000,35.607000,90,0,15,0,0,0,0,0,0,0,0,0,0,-1,0,0,-1,1,0,-1,1,0,-1,1
cfma_garlock_complete_trace_part7_s,241.977000,35.284000,242.187000,35.398000,90,0,15,0,0,0,0,0,0,0,0,0,0,-1,0,0,-1,1,0,-1,1,0,-1,1
cfma_glen_ivy_complete_trace_part2_s,242.452000,33.815000,242.499000,33.782000,90,0,15,0,0,0,0,0,0,0,0,0,0,-1,0,0,-1,1,0,-1,1,0,-1,1
cfma_goldstone_lake_extruded_90_trace_part1_s,243.032000,35.489000,243.075000,35.455000,90,0,15,0,0,0,0,0,0,0,0,0,0,-1,0,0,-1,1,0,-1,1,0,-1,1
cfma_goldstone_lake_extruded_90_trace_part2_s,243.075000,35.455000,243.118000,35.397000,90,0,15,0,0,0,0,0,0,0,0,0,0,-1,0,0,-1,1,0,-1,1,0,-1,1
cfma_goldstone_lake_extruded_90_trace_part3_s,243.262000,35.226000,243.323000,35.163000,90,0,15,0,0,0,0,0,0,0,0,0,0,-1,0,0,-1,1,0,-1,1,0,-1,1
cfma_goldstone_lake_extruded_90_trace_part4_s,243.118000,35.397000,243.262000,35.226000,90,0,15,0,0,0,0,0,0,0,0,0,0,-1,0,0,-1,1,0,-1,1,0,-1,1
cfma_helendale_south_lockhart_extruded_90_trace_part8_s,242.403000,35.110000,242.503000,35.045000,90,0,15,0,0,0,0,0,0,0,0,0,0,-1,0,0,-1,1,0,-1,1,0,-1,1
cfma_hunter_mountain_complete_trace_part1_s,242.048000,36.925000,242.106000,36.773000,90,0,15,0,0,0,0,0,0,0,0,0,0,-1,0,0,-1,1,0,-1,1,0,-1,1
cfma_hunter_mountain_complete_trace_part2_s,242.106000,36.773000,242.139000,36.739000,90,0,15,0,0,0,0,0,0,0,0,0,0,-1,0,0,-1,1,0,-1,1,0,-1,1
cfma_hunter_mountain_complete_trace_part3_s,242.139000,36.739000,242.180000,36.674000,90,0,15,0,0,0,0,0,0,0,0,0,0,-1,0,0,-1,1,0,-1,1,0,-1,1
cfma_hunter_mountain_complete_trace_part4_s,242.180000,36.674000,242.294000,36.636000,90,0,15,0,0,0,0,0,0,0,0,0,0,-1,0,0,-1,1,0,-1,1,0,-1,1
cfma_hunter_mountain_complete_trace_part5_s,242.294000,36.636000,242.342000,36.615000,90,0,15,0,0,0,0,0,0,0,0,0,0,-1,0,0,-1,1,0,-1,1,0,-1,1
cfma_hunter_mountain_complete_trace_part6_s,242.342000,36.615000,242.388000,36.574000,90,0,15,0,0,0,0,0,0,0,0,0,0,-1,0,0,-1,1,0,-1,1,0,-1,1
cfma_hunter_mountain_complete_trace_part7_s,242.388000,36.574000,242.437000,36.540000,90,0,15,0,0,0,0,0,0,0,0,0,0,-1,0,0,-1,1,0,-1,1,0,-1,1
cfma_hunter_mountain_complete_trace_part8_s,242.437000,36.540000,242.525000,36.498000,90,0,15,0,0,0,0,0,0,0,0,0,0,-1,0,0,-1,1,0,-1,1,0,-1,1
cfma_imperial_extrapolated_trace_0_part5_s,244.465000,32.872000,244.522000,32.807000,90,0,2.5,0,0,0,0,0,0,0,0,0,0,-1,0,0,-1,1,0,-1,1,0,-1,1
cfma_newport_inglewood_complete_trace_part1_s,241.616000,34.040000,241.640000,33.989000,90,0,15,0,0,0,0,0,0,0,0,0,0,-1,0,0,-1,1,0,-1,1,0,-1,1
cfma_newport_inglewood_complete_trace_part2_s,241.640000,33.989000,241.671000,33.948000,90,0,15,0,0,0,0,0,0,0,0,0,0,-1,0,0,-1,1,0,-1,1,0,-1,1
cfma_newport_inglewood_complete_trace_part3_s,241.671000,33.948000,241.749000,33.877000,90,0,15,0,0,0,0,0,0,0,0,0,0,-1,0,0,-1,1,0,-1,1,0,-1,1
cfma_newport_inglewood_complete_trace_part4_s,241.749000,33.877000,241.794000,33.827000,90,0,15,0,0,0,0,1.2,0.6,0,0,0,0,-1,0,0,-1,1,0,-1,1,0,-1,1
cfma_newport_inglewood_complete_trace_part5_s,241.794000,33.827000,241.850000,33.789000,90,0,15,0,0,0,0,0,0,0,0,0,0,-1,0,0,-1,1,0,-1,1,0,-1,1
cfma_newport_inglewood_complete_trace_part6_s,241.850000,33.789000,241.937000,33.718000,90,0,15,0,0,0,0,0,0,0,0,0,0,-1,0,0,-1,1,0,-1,1,0,-1,1
cfma_newport_inglewood_complete_trace_part7_s,241.937000,33.718000,242.007000,33.674000,90,0,15,0,0,0,0,0,0,0,0,0,0,-1,0,0,-1,1,0,-1,1,0,-1,1
cfma_newport_inglewood_complete_trace_part8_s,242.007000,33.674000,242.101000,33.581000,90,0,15,0,0,0,0,0,0,0,0,0,0,-1,0,0,-1,1,0,-1,1,0,-1,1
cfma_north_san_gabriel_extruded_60_trace_part1_s_2,241.125000,34.716000,241.184000,34.664000,114,0,15,0,0,0,0,0,0,0,0,0,0,-1,0,0,-1,1,0,-1,1,0,-1,1
cfma_north_san_gabriel_extruded_60_trace_part2_s_2,241.184000,34.664000,241.228000,34.622000,114.3,0,15,0,0,0,0,0,0,0,0,0,0,-1,0,0,-1,1,0,-1,1,0,-1,1
cfma_north_san_gabriel_extruded_60_trace_part3_s_2,241.228000,34.622000,241.304000,34.562000,112.4,0,15,0,0,0,0,0,0,0,0,0,0,-1,0,0,-1,1,0,-1,1,0,-1,1
cfma_north_san_gabriel_extruded_60_trace_part4_s_2,241.356000,34.516000,241.439000,34.438000,116.4,0,10,0,-2.8,1.4,0,0,0,0,0,0,0,-1,0,0,-1,1,0,-1,1,0,-1,1
cfma_north_san_gabriel_extruded_60_trace_part5_s_2,241.304000,34.562000,241.356000,34.516000,113.2,0,10,0,0,0,0,0,0,0,0,0,0,-1,0,0,-1,1,0,-1,1,0,-1,1
cfma_owens_valley_complete_trace_part1_s,241.671000,37.236000,241.803000,36.933000,90,0,15,0,0,0,0,0,0,0,0,0,0,-1,0,0,-1,1,0,-1,1,0,-1,1
cfma_owens_valley_complete_trace_part2_s,241.840000,36.852000,241.881000,36.776000,90,0,15,0,0,0,0,0,0,0,0,0,0,-1,0,0,-1,1,0,-1,1,0,-1,1
cfma_owens_valley_complete_trace_part3_s,241.803000,36.933000,241.840000,36.852000,90,0,15,0,0,0,0,0,0,0,0,0,0,-1,0,0,-1,1,0,-1,1,0,-1,1
cfma_owens_valley_complete_trace_part4_s,241.881000,36.776000,241.917000,36.696000,90,0,15,0,0,0,0,0,0,0,0,0,0,-1,0,0,-1,1,0,-1,1,0,-1,1
cfma_owens_valley_complete_trace_part5_s,241.917000,36.696000,241.930000,36.637000,90,0,15,0,0,0,0,0,0,0,0,0,0,-1,0,0,-1,1,0,-1,1,0,-1,1
cfma_owens_valley_complete_trace_part7_s,241.930000,36.637000,241.957000,36.554000,90,0,15,0,0,0,0,0,0,0,0,0,0,-1,0,0,-1,1,0,-1,1,0,-1,1
cfma_pinto_mountain_extruded_90_trace_part8_sa,243.849000,34.142000,243.986000,34.120000,90,0,15,0,0,0,0,0,0,0,0,0,0,-1,0,0,-1,1,0,-1,1,0,-1,1
cfma_pinto_mountain_extruded_90_trace_part8_sb,243.986000,34.120000,244.021000,34.116000,90,0,15,0,0,0,0,0,0,0,0,0,0,-1,0,0,-1,1,0,-1,1,0,-1,1
cfma_pisgah_bullion_mesquite_lake_extruded_90_trace_part1_s,243.517000,34.814000,243.553000,34.767000,90,0,15,0,0,0,0,0,0,0,0,0,0,-1,0,0,-1,1,0,-1,1,0,-1,1
cfma_pisgah_bullion_mesquite_lake_extruded_90_trace_part2_s,243.553000,34.767000,243.602000,34.685000,90,0,15,0,0,0,0,0,0,0,0,0,0,-1,0,0,-1,1,0,-1,1,0,-1,1
cfma_pisgah_bullion_mesquite_lake_extruded_90_trace_part3_s,243.602000,34.685000,243.616000,34.636000,90,0,15,0,-1,0.5,0,0,0,0,0,0,0,-1,0,0,-1,1,0,-1,1,0,-1,1
cfma_pisgah_bullion_mesquite_lake_extruded_90_trace_part4_s,243.616000,34.636000,243.626000,34.587000,90,0,15,0,0,0,0,0,0,0,0,0,0,-1,0,0,-1,1,0,-1,1,0,-1,1
cfma_pisgah_bullion_mesquite_lake_extruded_90_trace_part5_s,243.626000,34.587000,243.742000,34.489000,90,0,15,0,0,0,0,0,0,0,0,0,0,-1,0,0,-1,1,0,-1,1,0,-1,1
cfma_pisgah_bullion_mesquite_lake_extruded_90_trace_part6_s,243.742000,34.489000,243.873000,34.359000,90,0,15,0,0,0,0,0,0,0,0,0,0,-1,0,0,-1,1,0,-1,1,0,-1,1
cfma_pisgah_bullion_mesquite_lake_extruded_90_trace_part7_s,243.910000,34.247000,243.987000,34.143000,90,0,15,0,0,0,0,0,0,0,0,0,0,-1,0,0,-1,1,0,-1,1,0,-1,1
cfma_pisgah_bullion_mesquite_lake_extruded_90_trace_part8_s,243.873000,34.359000,243.910000,34.247000,90,0,15,0,0,0,0,0,0,0,0,0,0,-1,0,0,-1,1,0,-1,1,0,-1,1
cfma_raymond_complete_trace_part1_s,241.947000,34.140000,242.015000,34.161000,90,0,15,0,0,0,0,0,0,0,0,0,0,-1,0,0,-1,1,0,-1,1,0,-1,1
cfma_raymond_complete_trace_part2_s,241.879000,34.122000,241.947000,34.140000,90,0,15,0,0,0,0,0,0,0,0,0,0,-1,0,0,-1,1,0,-1,1,0,-1,1
cfma_raymond_complete_trace_part3_s,241.733000,34.115000,241.777000,34.122000,90,0,15,0,0,0,0,0,0,0,0,0,0,-1,0,0,-1,1,0,-1,1,0,-1,1
cfma_raymond_complete_trace_part4_sa,241.777000,34.122000,241.825000,34.120000,90,0,15,0,0,0,0,1.5,0.8,0,0,0,0,-1,0,0,-1,1,0,-1,1,0,-1,1
cfma_raymond_complete_trace_part4_sba,241.825000,34.120000,241.843000,34.119000,90,0,15,0,0,0,0,0,0,0,0,0,0,-1,0,0,-1,1,0,-1,1,0,-1,1
cfma_raymond_complete_trace_part4_sbba,241.843000,34.119000,241.863000,34.117000,90,0,15,0,0,0,0,0,0,0,0,0,0,-1,0,0,-1,1,0,-1,1,0,-1,1
cfma_raymond_complete_trace_part4_sbbb,241.863000,34.117000,241.879000,34.122000,90,0,15,0,0,0,0,0,0,0,0,0,0,-1,0,0,-1,1,0,-1,1,0,-1,1
cfma_sa_cholame_extrapolated_complete_trace_part1_saaa,239.707000,35.745000,239.761000,35.694000,90,0,0,0,0,0,0,0,0,0,0,0,0,-1,0,0,-1,1,0,-1,1,0,-1,1
cfma_sa_cholame_extrapolated_complete_trace_part1_saab,239.761000,35.694000,239.815000,35.639000,90,0,0,0,0,0,0,0,0,0,0,0,0,-1,0,0,-1,1,0,-1,1,0,-1,1
cfma_sa_cholame_extrapolated_complete_trace_part1_saba,239.815000,35.639000,239.869000,35.583000,90,0,0,0,0,0,0,0,0,0,0,0,0,-1,0,0,-1,1,0,-1,1,0,-1,1
cfma_sa_cholame_extrapolated_complete_trace_part1_sabb,239.869000,35.583000,239.923000,35.528000,90,0,15,0,0,0,0,0,0,0,0,0,0,-1,0,0,-1,1,0,-1,1,0,-1,1
cfma_sa_cholame_extrapolated_complete_trace_part1_sbaa,239.923000,35.528000,239.977000,35.473000,90,0,15,0,0,0,0,0,0,0,0,0,0,-1,0,0,-1,1,0,-1,1,0,-1,1
cfma_sa_cholame_extrapolated_complete_trace_part1_sbab,239.977000,35.473000,240.031000,35.418000,90,0,15,0,0,0,0,0,0,0,0,0,0,-1,0,0,-1,1,0,-1,1,0,-1,1
cfma_sa_parkfield_extruded_90dip_trace_part1_saa,239.440000,36.002000,239.496000,35.957000,90,0,0,0,0,0,0,0,0,0,0,0,0,-1,0,0,-1,1,0,-1,1,0,-1,1
cfma_sa_parkfield_extruded_90dip_trace_part1_saba,239.496000,35.957000,239.536000,35.924000,90,0,0,0,0,0,0,0,0,0,0,0,0,-1,0,0,-1,1,0,-1,1,0,-1,1
cfma_sa_parkfield_extruded_90dip_trace_part1_sabb,239.536000,35.924000,239.585000,35.877000,90,0,0,0,-24.8,12.4,0,0,0,0,0,0,0,-1,0,0,-1,1,0,-1,1,0,-1,1
cfma_sa_parkfield_extruded_90dip_trace_part1_sbaa,239.585000,35.877000,239.611000,35.855000,90,0,0,0,0,0,0,0,0,0,0,0,0,-1,0,0,-1,1,0,-1,1,0,-1,1
cfma_sa_parkfield_extruded_90dip_trace_part1_sbab,239.611000,35.855000,239.646000,35.825000,90,0,0,0,0,0,0,0,0,0,0,0,0,-1,0,0,-1,1,0,-1,1,0,-1,1
cfma_sa_parkfield_extruded_90dip_trace_part1_sbb,239.646000,35.825000,239.707000,35.745000,90,0,0,0,0,0,0,0,0,0,0,0,0,-1,0,0,-1,1,0,-1,1,0,-1,1
cfma_san_andreas_coachella_alt2_complete_trace_part1_s,243.611000,33.852000,243.814000,33.747000,90,0,10,0,-15.5,7.8,0,0,0,0,0,0,0,-1,0,0,-1,1,0,-1,1,0,-1,1
cfma_san_andreas_coachella_alt2_complete_trace_part2_s,243.814000,33.747000,243.853000,33.709000,90,0,10,0,0,0,0,0,0,0,0,0,0,-1,0,0,-1,1,0,-1,1,0,-1,1
cfma_san_andreas_coachella_alt2_complete_trace_part3_s,243.853000,33.709000,243.901000,33.671000,90,0,10,0,0,0,0,0,0,0,0,0,0,-1,0,0,-1,1,0,-1,1,0,-1,1
cfma_san_andreas_coachella_alt2_complete_trace_part4_s,243.901000,33.671000,243.976000,33.612000,90,0,10,0,0,0,0,0,0,0,0,0,0,-1,0,0,-1,1,0,-1,1,0,-1,1
cfma_san_andreas_coachella_alt2_complete_trace_part5_sa,243.976000,33.612000,244.067000,33.508000,90,0,10,0,0,0,0,0,0,0,0,0,0,-1,0,0,-1,1,0,-1,1,0,-1,1
cfma_san_andreas_san_bernardino_alt2_complete_trace_part10_s,242.613000,34.232000,242.695000,34.188000,90,0,10,0,0,0,0,0,0,0,0,0,0,-1,0,0,-1,1,0,-1,1,0,-1,1
cfma_san_andreas_san_bernardino_alt2_complete_trace_part11_s,242.549000,34.273000,242.613000,34.232000,90,0,15,0,0,0,0,0,0,0,0,0,0,-1,0,0,-1,1,0,-1,1,0,-1,1
cfma_san_andreas_san_bernardino_alt2_complete_trace_part2_s,243.113000,34.019000,243.177000,33.959000,90,0,10,0,0,0,0,0,0,0,0,0,0,-1,0,0,-1,1,0,-1,1,0,-1,1
cfma_san_andreas_san_bernardino_alt2_complete_trace_part3_sa,243.053000,34.049000,243.083000,34.034000,90,0,10,0,0,0,0,0,0,0,0,0,0,-1,0,0,-1,1,0,-1,1,0,-1,1
cfma_san_andreas_san_bernardino_alt2_complete_trace_part3_sba,243.083000,34.034000,243.098000,34.026000,90,0,10,0,0,0,0,0,0,0,0,0,0,-1,0,0,-1,1,0,-1,1,0,-1,1
cfma_san_andreas_san_bernardino_alt2_complete_trace_part3_sbb,243.098000,34.026000,243.113000,34.019000,90,0,10,0,0,0,0,0,0,0,0,0,0,-1,0,0,-1,1,0,-1,1,0,-1,1
cfma_san_andreas_san_bernardino_alt2_complete_trace_part4_s,242.985000,34.070000,243.053000,34.049000,90,0,10,0,0,0,0,0,0,0,0,0,0,-1,0,0,-1,1,0,-1,1,0,-1,1
cfma_san_andreas_san_bernardino_alt2_complete_trace_part5_s,242.930000,34.091000,242.985000,34.070000,90,0,10,0,0,0,0,0,0,0,0,0,0,-1,0,0,-1,1,0,-1,1,0,-1,1
cfma_san_andreas_san_bernardino_alt2_complete_trace_part6_s,242.883000,34.102000,242.930000,34.091000,90,0,10,0,0,0,0,0,0,0,0,0,0,-1,0,0,-1,1,0,-1,1,0,-1,1
cfma_san_andreas_san_bernardino_alt2_complete_trace_part7_s,242.813000,34.137000,242.883000,34.102000,90,0,10,0,-12.4,6.2,0,0,0,0,0,0,0,-1,0,0,-1,1,0,-1,1,0,-1,1
cfma_san_andreas_san_bernardino_alt2_complete_trace_part8_s,242.754000,34.161000,242.813000,34.137000,90,0,10,0,0,0,0,0,0,0,0,0,0,-1,0,0,-1,1,0,-1,1,0,-1,1
cfma_san_andreas_san_bernardino_alt2_complete_trace_part9_s,242.695000,34.188000,242.754000,34.161000,90,0,10,0,0,0,0,0,0,0,0,0,0,-1,0,0,-1,1,0,-1,1,0,-1,1
cfma_san_diego_trough_complete_trace_part30_s,243.546000,31.571000,243.611000,31.553000,90,0,15,0,0,0,0,0,0,0,0,0,0,-1,0,0,-1,1,0,-1,1,0,-1,1
cfma_san_diego_trough_complete_trace_part31_s,243.611000,31.553000,243.677000,31.527000,90,0,15,0,0,0,0,0,0,0,0,0,0,-1,0,0,-1,1,0,-1,1,0,-1,1
cfma_san_diego_trough_complete_trace_part32_s,243.361000,31.581000,243.471000,31.580000,90,0,15,0,0,0,0,0,0,0,0,0,0,-1,0,0,-1,1,0,-1,1,0,-1,1
cfma_san_diego_trough_complete_trace_part33_s,243.471000,31.580000,243.546000,31.571000,90,0,15,0,0,0,0,0,0,0,0,0,0,-1,0,0,-1,1,0,-1,1,0,-1,1
cfma_san_jacinto_valley_san_jacinto_extruded_90dip_trace_part1_s,242.778000,34.008000,242.928000,33.894000,90,0,15,0,0,0,0,0,0,0,0,0,0,-1,0,0,-1,1,0,-1,1,0,-1,1
cfma_san_jacinto_valley_san_jacinto_extruded_90dip_trace_part2_s,242.928000,33.894000,242.988000,33.847000,90,0,15,0,0,0,0,0,0,0,0,0,0,-1,0,0,-1,1,0,-1,1,0,-1,1
cfma_san_jacinto_valley_san_jacinto_extruded_90dip_trace_part3_s,243.073000,33.791000,243.104000,33.743000,90,0,15,0,0,0,0,0,0,0,0,0,0,-1,0,0,-1,1,0,-1,1,0,-1,1
cfma_san_jacinto_valley_san_jacinto_extruded_90dip_trace_part4_s,242.988000,33.847000,243.073000,33.791000,90,0,15,0,0,0,0,0,0,0,0,0,0,-1,0,0,-1,1,0,-1,1,0,-1,1
cfma_santa_monica_complete_trace_part4_s_2a,241.611000,34.074000,241.663000,34.093000,133.6,0,15,0,0,0,0,0,0,0,0,0,0,-1,0,0,-1,1,0,-1,1,0,-1,1
cfma_santa_monica_complete_trace_part4_s_2b,241.663000,34.093000,241.716000,34.111000,133.6,0,15,0,0,0,0,0,0,0,0,0,0,-1,0,0,-1,1,0,-1,1,0,-1,1
cfma_santa_susana_complete_trace_part4_s,241.388000,34.310000,241.453000,34.302000,126,0,15,0,0,0,0,6,3.9,0,0,0,0,-1,0,0,-1,1,0,-1,1,0,-1,1
cfma_santa_susana_complete_trace_part5_s,241.453000,34.302000,241.511000,34.328000,124.5,0,15,0,0,0,0,0,0,0,0,0,0,-1,0,0,-1,1,0,-1,1,0,-1,1
cfma_scodie_lineament_extruded_68_deep_trace_part1_s,241.893000,35.674000,241.995000,35.770000,90,0,15,0,0,0,0,0,0,0,0,0,0,-1,0,0,-1,1,0,-1,1,0,-1,1
cfma_sierra_nevada_truncated_at_garlock_trace_part13_s,241.966000,35.540000,241.996000,35.570000,90,0,15,0,0,0,0,0,0,0,0,0,0,-1,0,0,-1,1,0,-1,1,0,-1,1
cfma_sierra_nevada_truncated_at_garlock_trace_part14_s,241.949000,35.428000,241.966000,35.540000,90,0,15,0,0,0,0,0,0,0,0,0,0,-1,0,0,-1,1,0,-1,1,0,-1,1
cfma_sierra_nevada_truncated_at_garlock_trace_part15_s,241.991000,36.126000,242.015000,36.082000,90,0,15,0,0,0,0,0,0,0,0,0,0,-1,0,0,-1,1,0,-1,1,0,-1,1
cfma_sierra_nevada_truncated_at_garlock_trace_part16_s,242.015000,36.082000,242.093000,35.906000,90,0,15,0,0,0,0,0,0,0,0,0,0,-1,0,0,-1,1,0,-1,1,0,-1,1
cfma_sierra_nevada_truncated_at_garlock_trace_part1_s,241.960000,35.349000,241.971000,35.298000,90,0,15,0,0,0,0,0,0,0,0,0,0,-1,0,0,-1,1,0,-1,1,0,-1,1
cfma_sierra_nevada_truncated_at_garlock_trace_part2_s,241.949000,35.428000,241.960000,35.349000,90,0,15,0,0,0,0,0,0,0,0,0,0,-1,0,0,-1,1,0,-1,1,0,-1,1
cfma_sierra_nevada_truncated_at_garlock_trace_part3_s,242.091000,35.612000,242.131000,35.686000,90,0,15,0,0,0,0,0,0,0,0,0,0,-1,0,0,-1,1,0,-1,1,0,-1,1
cfma_sierra_nevada_truncated_at_garlock_trace_part4_s,241.996000,35.570000,242.091000,35.612000,90,0,15,0,0,0,0,0,0,0,0,0,0,-1,0,0,-1,1,0,-1,1,0,-1,1
cfma_sierra_nevada_truncated_at_garlock_trace_part5_s,242.096000,35.761000,242.131000,35.686000,90,0,15,0,0,0,0,0,0,0,0,0,0,-1,0,0,-1,1,0,-1,1,0,-1,1
cfma_sierra_nevada_truncated_at_garlock_trace_part6_s,242.096000,35.761000,242.105000,35.880000,90,0,15,0,0,0,0,0,0,0,0,0,0,-1,0,0,-1,1,0,-1,1,0,-1,1
cfma_sierra_nevada_truncated_at_garlock_trace_part7_s,242.093000,35.906000,242.105000,35.880000,90,0,15,0,0,0,0,0,0,0,0,0,0,-1,0,0,-1,1,0,-1,1,0,-1,1
cfma_sierra_nevada_truncated_at_garlock_trace_part8_s,241.991000,36.126000,242.010000,36.221000,90,0,15,0,0,0,0,0,0,0,0,0,0,-1,0,0,-1,1,0,-1,1,0,-1,1
cfma_sierra_nevada_truncated_at_garlock_trace_part9_s,241.960000,36.295000,242.010000,36.221000,90,0,15,0,0,0,0,0,0,0,0,0,0,-1,0,0,-1,1,0,-1,1,0,-1,1
cfma_south_san_gabriel_extruded_60_trace_part11_s_2,241.439000,34.438000,241.525000,34.387000,111,0,15,0,0,0,0,0,0,0,0,0,0,-1,0,0,-1,1,0,-1,1,0,-1,1
cfma_superstition_hills_san_jacinto_extruded_90dip_trace_part2_s,244.336000,32.899000,244.423000,32.851000,90,0,10,0,0,0,0,0,0,0,0,0,0,-1,0,0,-1,1,0,-1,1,0,-1,1
cfma_superstition_mountain_san_jacinto_extruded_90dip_trace_part1_s,244.057000,33.003000,244.191000,32.928000,90,0,15,0,0,0,0,0,0,0,0,0,0,-1,0,0,-1,1,0,-1,1,0,-1,1
cfma_superstition_mountain_san_jacinto_extruded_90dip_trace_part2_s,244.191000,32.928000,244.302000,32.886000,90,0,15,0,0,0,0,0,0,0,0,0,0,-1,0,0,-1,1,0,-1,1,0,-1,1
cfma_white_wolf_long_complete_trace_part1_sa,241.513000,35.373000,241.703000,35.523000,90,0,15,0,0,0,0,0,0,0,0,0,0,-1,0,0,-1,1,0,-1,1,0,-1,1
cfma_white_wolf_long_complete_trace_part1_sb,241.703000,35.523000,241.893000,35.674000,90,0,15,0,0,0,0,0,0,0,0,0,0,-1,0,0,-1,1,0,-1,1,0,-1,1
cfma_white_wolf_long_complete_trace_part2_s,241.462000,35.322000,241.513000,35.373000,90,0,15,0,0,0,0,0,0,0,0,0,0,-1,0,0,-1,1,0,-1,1,0,-1,1
cfma_white_wolf_long_complete_trace_part3_s,241.398000,35.269000,241.462000,35.322000,90,0,15,0,0,0,0,0,0,0,0,0,0,-1,0,0,-1,1,0,-1,1,0,-1,1
cfma_white_wolf_long_complete_trace_part4_s,241.328000,35.234000,241.398000,35.269000,90,0,15,0,0,0,0,0,0,0,0,0,0,-1,0,0,-1,1,0,-1,1,0,-1,1
cfma_white_wolf_long_complete_trace_part5_s,241.265000,35.211000,241.328000,35.234000,90,0,15,0,0,0,0,0,0,0,0,0,0,-1,0,0,-1,1,0,-1,1,0,-1,1
cfma_white_wolf_long_complete_trace_part6_s,241.221000,35.179000,241.265000,35.211000,90,0,15,0,4,4.4,0,2.3,4.4,0,0,0,0,-1,0,0,-1,1,0,-1,1,0,-1,1
cfma_white_wolf_long_complete_trace_part7_s,241.189000,35.148000,241.221000,35.179000,90,0,15,0,0,0,0,0,0,0,0,0,0,-1,0,0,-1,1,0,-1,1,0,-1,1
cfma_white_wolf_long_complete_trace_part8_s,240.993000,35.029000,241.189000,35.148000,90,0,15,0,0,0,0,0,0,0,0,0,0,-1,0,0,-1,1,0,-1,1,0,-1,1
cnsbaaaaa,241.619000,37.941000,241.704000,37.934000,90,0,15,0,0,0,0,0,0,0,0,0,0,-1,0,0,-1,1,0,-1,1,0,-1,1
cnsbaaab,242.069000,37.909000,242.282000,37.895000,90,0,15,0,0,0,0,0,0,0,0,0,0,-1,0,0,-1,1,0,-1,1,0,-1,1
cnsbaab,242.282000,37.895000,242.607000,38.161000,90,0,15,0,0,0,0,0,0,0,0,0,0,-1,0,0,-1,1,0,-1,1,0,-1,1
cnsbbbab,244.090000,43.412000,244.281000,44.093000,90,0,15,0,0,0,0,0,0,0,0,0,0,-1,0,0,-1,1,0,-1,1,0,-1,1
conn,241.927000,38.415000,242.069000,37.909000,90,0,15,0,-1.4,0.7,0,0,0,0,0,0,0,-1,0,0,-1,1,0,-1,1,0,-1,1
crude_jdf1aaaa,233.554000,47.907000,233.911000,47.348000,150,0,25,0,0,0,0,0,0,0,0,0,0,0,1,0,-1,1,0,-1,1,0,-1,1
crude_jdf1aaab,233.911000,47.348000,234.081000,46.764000,150,0,25,0,0,0,0,0,0,0,0,0,0,0,1,0,-1,1,0,-1,1,0,-1,1
crude_jdf1aaba,234.081000,46.764000,234.292000,46.108000,150,0,25,0,0,0,0,0,0,0,0,0,0,0,1,0,-1,1,0,-1,1,0,-1,1
crude_jdf1aabba,234.292000,46.108000,234.438000,45.626000,150,0,25,0,0,0,0,0,0,0,0,0,0,0,1,0,-1,1,0,-1,1,0,-1,1
crude_jdf1aabbb,234.438000,45.626000,234.561000,45.104000,150,0,25,0,0,0,0,0,0,0,0,0,0,0,1,0,-1,1,0,-1,1,0,-1,1
crude_jdf1aba,234.561000,45.104000,234.626000,44.660000,150,0,25,0,0,0,0,0,0,0,0,0,0,0,1,0,-1,1,0,-1,1,0,-1,1
crude_jdf1abb,234.626000,44.660000,234.632000,44.269000,150,0,25,0,0,0,0,0,0,0,0,0,0,0,1,0,-1,1,0,-1,1,0,-1,1
crude_jdf1baaaa,234.599000,44.089000,234.632000,44.269000,30,0,25,0,0,0,0,0,0,0,0,0,0,0,1,0,-1,1,0,-1,1,0,-1,1
crude_jdf1baaab,234.509000,43.776000,234.599000,44.089000,30,0,25,0,0,0,0,0,0,0,0,0,0,0,1,0,-1,1,0,-1,1,0,-1,1
crude_jdf1baaba,234.509000,43.776000,234.538000,43.426000,150,0,25,0,0,0,0,0,0,0,0,0,0,0,1,0,-1,1,0,-1,1,0,-1,1
crude_jdf1baabb,234.538000,43.426000,234.714000,43.046000,150,0,25,0,0,0,0,0,0,0,0,0,0,0,1,0,-1,1,0,-1,1,0,-1,1
crude_jdf1bab,234.696000,41.648000,234.714000,43.046000,30,0,25,0,0,0,0,0,0,0,0,0,0,0,1,0,-1,1,0,-1,1,0,-1,1
crude_jdf1bb,234.696000,41.648000,235.065000,40.885000,150,0,25,0,0,0,0,0,0,0,0,0,0,0,1,0,-1,1,0,-1,1,0,-1,1
dd,242.640000,35.810000,242.673000,35.777000,90,0,15,0,0,0,0,0,0,0,0,0,0,-1,0,0,-1,1,0,-1,1,0,-1,1
ddd,243.437000,34.136000,243.465000,34.087000,90,0,15,0,0,0,0,0,0,0,0,0,0,-1,0,0,-1,1,0,-1,1,0,-1,1
ddd,244.004000,34.023000,244.038000,33.909000,90,0,15,0,0,0,0,0,0,0,0,0,0,-1,0,0,-1,1,0,-1,1,0,-1,1
ddd,243.997000,34.068000,244.004000,34.023000,90,0,15,0,0,0,0,0,0,0,0,0,0,-1,0,0,-1,1,0,-1,1,0,-1,1
ddd,242.526000,35.277000,242.616000,35.210000,90,0,15,0,0,0,0,0,0,0,0,0,0,-1,0,0,-1,1,0,-1,1,0,-1,1
ddd,242.388000,35.331000,242.526000,35.277000,90,0,15,0,0,0,0,0,0,0,0,0,0,-1,0,0,-1,1,0,-1,1,0,-1,1
ddd,242.291000,35.364000,242.388000,35.331000,90,0,15,0,0,0,0,0,0,0,0,0,0,-1,0,0,-1,1,0,-1,1,0,-1,1
ddd,242.713000,33.697000,242.860000,33.630000,90,0,15,0,0,0,0,0,0,0,0,0,0,-1,0,0,-1,1,0,-1,1,0,-1,1
ddd,242.860000,33.630000,243.128000,33.482000,90,0,15,0,0,0,0,0,0,0,0,0,0,-1,0,0,-1,1,0,-1,1,0,-1,1
ddd,243.128000,33.482000,243.331000,33.307000,90,0,15,0,0,0,0,0,0,0,0,0,0,-1,0,0,-1,1,0,-1,1,0,-1,1
ddd,243.331000,33.307000,243.453000,33.186000,90,0,15,0,0,0,0,0,0,0,0,0,0,-1,0,0,-1,1,0,-1,1,0,-1,1
ddd,243.453000,33.186000,243.567000,33.071000,90,0,15,0,0,0,0,0,0,0,0,0,0,-1,0,0,-1,1,0,-1,1,0,-1,1
ddd,243.567000,33.071000,243.687000,32.969000,90,0,15,0,0,0,0,0,0,0,0,0,0,-1,0,0,-1,1,0,-1,1,0,-1,1
ddd,244.119000,33.751000,244.184000,33.562000,90,0,15,0,0,0,0,0,0,0,0,0,0,-1,0,0,-1,1,0,-1,1,0,-1,1
ddd,242.380000,35.902000,242.559000,35.830000,90,0,15,0,0,0,0,0,0,0,0,0,0,-1,0,0,-1,1,0,-1,1,0,-1,1
ddd,242.559000,35.830000,242.640000,35.810000,90,0,15,0,0,0,0,0,0,0,0,0,0,-1,0,0,-1,1,0,-1,1,0,-1,1
ddd,242.673000,35.777000,242.721000,35.725000,90,0,15,0,0,0,0,0,0,0,0,0,0,-1,0,0,-1,1,0,-1,1,0,-1,1
ddd,242.721000,35.725000,242.787000,35.659000,90,0,15,0,0,0,0,0,0,0,0,0,0,-1,0,0,-1,1,0,-1,1,0,-1,1
ddd,242.315000,35.942000,242.342000,35.975000,90,0,15,0,0,0,0,0,0,0,0,0,0,-1,0,0,-1,1,0,-1,1,0,-1,1
ddd,242.342000,35.975000,242.357000,36.162000,90,0,15,0,0,0,0,0,0,0,0,0,0,-1,0,0,-1,1,0,-1,1,0,-1,1
ddd,242.349000,36.301000,242.357000,36.162000,90,0,15,0,0,0,0,0,0,0,0,0,0,-1,0,0,-1,1,0,-1,1,0,-1,1
ddd,242.349000,36.301000,242.387000,36.457000,90,0,15,0,0,0,0,0,0,0,0,0,0,-1,0,0,-1,1,0,-1,1,0,-1,1
ddd,241.957000,36.554000,242.234000,36.474000,90,0,15,0,0,0,0,0,0,0,0,0,0,-1,0,0,-1,1,0,-1,1,0,-1,1
ddd,242.234000,36.474000,242.387000,36.457000,90,0,15,0,0,0,0,0,0,0,0,0,0,-1,0,0,-1,1,0,-1,1,0,-1,1
ddd,241.576000,37.066000,241.706000,36.895000,90,0,15,0,0,0,0,0,0,0,0,0,0,-1,0,0,-1,1,0,-1,1,0,-1,1
ddd,241.706000,36.895000,241.803000,36.652000,90,0,15,0,0,0,0,0,0,0,0,0,0,-1,0,0,-1,1,0,-1,1,0,-1,1
ddd,241.803000,36.652000,241.960000,36.295000,90,0,15,0,0,0,0,0,0,0,0,0,0,-1,0,0,-1,1,0,-1,1,0,-1,1
ddd,238.495000,36.807000,238.567000,36.781000,90,0,15,0,0,0,0,0,0,0,0,0,0,-1,0,0,-1,1,0,-1,1,0,-1,1
ddd,238.436000,36.812000,238.495000,36.807000,90,0,15,0,0,0,0,0,0,0,0,0,0,-1,0,0,-1,1,0,-1,1,0,-1,1
ddd,238.405000,36.817000,238.436000,36.812000,90,0,15,0,0,0,0,0,0,0,0,0,0,-1,0,0,-1,1,0,-1,1,0,-1,1
ddd,238.361000,36.838000,238.405000,36.817000,90,0,15,0,0,0,0,0,0,0,0,0,0,-1,0,0,-1,1,0,-1,1,0,-1,1
ddd,238.282000,36.921000,238.361000,36.838000,90,0,15,0,0,0,0,0,0,0,0,0,0,-1,0,0,-1,1,0,-1,1,0,-1,1
ddd,238.203000,36.978000,238.282000,36.921000,90,0,15,0,0,0,0,0,0,0,0,0,0,-1,0,0,-1,1,0,-1,1,0,-1,1
ddd,238.096000,37.045000,238.203000,36.978000,90,0,15,0,0,0,0,0,0,0,0,0,0,-1,0,0,-1,1,0,-1,1,0,-1,1
ddd,238.064000,37.069000,238.096000,37.045000,90,0,15,0,0,0,0,0,0,0,0,0,0,-1,0,0,-1,1,0,-1,1,0,-1,1
ddd,238.037000,37.090000,238.064000,37.069000,90,0,15,0,0,0,0,0,0,0,0,0,0,-1,0,0,-1,1,0,-1,1,0,-1,1
ddd,237.945000,37.118000,238.037000,37.090000,90,0,15,0,0,0,0,0,0,0,0,0,0,-1,0,0,-1,1,0,-1,1,0,-1,1
ddd,237.832000,37.150000,237.945000,37.118000,90,0,15,0,0,0,0,0,0,0,0,0,0,-1,0,0,-1,1,0,-1,1,0,-1,1
ddd,237.728000,37.169000,237.832000,37.150000,90,0,15,0,0,0,0,0,0,0,0,0,0,-1,0,0,-1,1,0,-1,1,0,-1,1
ddd,237.671000,37.172000,237.728000,37.169000,90,0,15,0,0,0,0,0,0,0,0,0,0,-1,0,0,-1,1,0,-1,1,0,-1,1
ddd,237.762000,37.473000,237.802000,37.457000,90,0,15,0,0,0,0,0,0,0,0,0,0,-1,0,0,-1,1,0,-1,1,0,-1,1
ddd,237.802000,37.457000,237.869000,37.412000,90,0,15,0,0,0,0,0,0,0,0,0,0,-1,0,0,-1,1,0,-1,1,0,-1,1
ddd,237.869000,37.412000,237.983000,37.349000,90,0,15,0,0,0,0,0,0,0,0,0,0,-1,0,0,-1,1,0,-1,1,0,-1,1
ddd,237.983000,37.349000,238.089000,37.295000,90,0,15,0,0,0,0,0,0,0,0,0,0,-1,0,0,-1,1,0,-1,1,0,-1,1
ddda,244.275000,33.362000,244.285000,33.335000,90,0,15,0,0,0,0,0,0,0,0,0,0,-1,0,0,-1,1,0,-1,1,0,-1,1
dddb,242.315000,35.942000,242.380000,35.902000,90,0,15,0,0,0,0,0,0,0,0,0,0,-1,0,0,-1,1,0,-1,1,0,-1,1
dddb,244.184000,33.562000,244.275000,33.362000,90,0,15,0,0,0,0,0,0,0,0,0,0,-1,0,0,-1,1,0,-1,1,0,-1,1
deathvalley4b,241.839000,37.712000,242.060000,37.483000,90,0,10,4,0,0,0,0,0,0,0,0,0,-1,0,0,-1,1,0,-1,1,0,-1,1
deepspringsvalley1a,241.946000,37.150000,242.003000,37.316000,90,0,10,4,0,0,0,0,0,0,0,0,0,-1,0,0,-1,1,0,-1,1,0,-1,1
deepspringsvalley1b,242.003000,37.316000,242.060000,37.483000,90,0,10,4,0,0,0,-1,0.8,0,0,0,0,-1,0,0,-1,1,0,-1,1,0,-1,1
dmg,237.826000,37.325000,238.037000,37.148000,90,0,15,0,0,0,0,0,0,0,0,0,0,-1,0,0,-1,1,0,-1,1,0,-1,1
dmg,237.231000,38.539000,237.387000,38.332000,90,0,15,0,0,0,0,0,0,0,0,0,0,-1,0,0,-1,1,0,-1,1,0,-1,1
dmg,237.967000,37.859000,238.001000,37.800000,90,0,15,0,0,0,0,0,0,0,0,0,0,-1,0,0,-1,1,0,-1,1,0,-1,1
dmg,237.906000,38.062000,238.025000,37.888000,90,0,15,0,0,0,0,0,0,0,0,0,0,-1,0,0,-1,1,0,-1,1,0,-1,1
dmg,237.711000,38.234000,237.755000,38.164000,90,0,15,0,0,0,0,0,0,0,0,0,0,-1,0,0,-1,1,0,-1,1,0,-1,1
dmg,237.631000,38.412000,237.711000,38.234000,90,0,15,0,0,0,0,0,0,0,0,0,0,-1,0,0,-1,1,0,-1,1,0,-1,1
dmg,236.997000,38.855000,237.175000,38.620000,90,0,15,0,0,0,0,0,0,0,0,0,0,-1,0,0,-1,1,0,-1,1,0,-1,1
dmg,238.344000,37.234000,238.418000,37.140000,90,0,10,0,0,0,0,0,0,0,0,0,0,-1,0,0,-1,1,0,-1,1,0,-1,1
dmga,236.846000,39.108000,236.987000,38.877000,90,0,15,0,0,0,0,0,0,0,0,0,0,-1,0,0,-1,1,0,-1,1,0,-1,1
dmga,238.467000,36.841000,238.567000,36.781000,90,0,5,0,0,0,0,0,0,0,0,0,0,-1,0,0,-1,1,0,-1,1,0,-1,1
dmga,238.151000,37.066000,238.319000,36.949000,90,0,5,0,0,0,0,0,0,0,0,0,0,-1,0,0,-1,1,0,-1,1,0,-1,1
dmga,238.530000,36.990000,238.591000,36.868000,90,0,10,0,0,0,0,0,0,0,0,0,0,-1,0,0,-1,1,0,-1,1,0,-1,1
dmga,237.387000,38.332000,237.524000,38.210000,90,0,15,0,-8.4,4.2,0,0,0,0,0,0,0,-1,0,0,-1,1,0,-1,1,0,-1,1
dmgaa,237.300000,37.936000,237.406000,37.815000,90,0,15,0,0,0,0,0,0,0,0,0,0,-1,0,0,-1,1,0,-1,1,0,-1,1
dmgaa,236.600000,39.502000,236.706000,39.339000,90,0,15,0,0,0,0,0,0,0,0,0,0,-1,0,0,-1,1,0,-1,1,0,-1,1
dmgaa,239.163000,36.255000,239.206000,36.221000,90,0,0,0,0,0,0,0,0,0,0,0,0,-1,0,0,-1,1,0,-1,1,0,-1,1
dmgaa,237.584000,37.331000,237.606000,37.291000,90,0,15,0,0,0,0,0,0,0,0,0,0,-1,0,0,-1,1,0,-1,1,0,-1,1
dmgaaa,238.887000,36.526000,238.939000,36.471000,90,0,0,0,0,0,0,0,0,0,0,0,0,-1,0,0,-1,1,0,-1,1,0,-1,1
dmgaab,238.939000,36.471000,238.959000,36.451000,90,0,0,0,0,0,0,0,0,0,0,0,0,-1,0,0,-1,1,0,-1,1,0,-1,1
dmgab,237.182000,38.072000,237.300000,37.936000,90,0,15,0,-24,12,0,0,0,0,0,0,0,-1,0,0,-1,1,0,-1,1,0,-1,1
dmgab,236.494000,39.666000,236.600000,39.502000,90,0,15,0,0,0,0,0,0,0,0,0,0,-1,0,0,-1,1,0,-1,1,0,-1,1
dmgab,238.959000,36.451000,238.975000,36.438000,90,0,0,0,0,0,0,0,0,0,0,0,0,-1,0,0,-1,1,0,-1,1,0,-1,1
dmgab,239.206000,36.221000,239.284000,36.148000,90,0,0,0,0,0,0,0,0,0,0,0,0,-1,0,0,-1,1,0,-1,1,0,-1,1
dmgab,237.466000,37.593000,237.584000,37.331000,90,0,15,0,0,0,0,0,0,0,0,0,0,-1,0,0,-1,1,0,-1,1,0,-1,1
dmgb,236.958000,38.329000,237.182000,38.072000,90,0,15,0,0,0,0,0,0,0,0,0,0,-1,0,0,-1,1,0,-1,1,0,-1,1
dmgb,236.706000,39.339000,236.846000,39.108000,90,0,15,0,0,0,0,0,0,0,0,0,0,-1,0,0,-1,1,0,-1,1,0,-1,1
dmgb,238.418000,37.140000,238.530000,36.990000,90,0,10,0,0,0,0,0,0,0,0,0,0,-1,0,0,-1,1,0,-1,1,0,-1,1
dmgb,237.524000,38.210000,237.661000,38.088000,90,0,15,0,0,0,0,0,0,0,0,0,0,-1,0,0,-1,1,0,-1,1,0,-1,1
dmgba,237.396000,37.743000,237.466000,37.593000,90,0,15,0,0,0,0,0,0,0,0,0,0,-1,0,0,-1,1,0,-1,1,0,-1,1
dmgba,236.389000,39.829000,236.494000,39.666000,90,0,15,0,0,0,0,0,0,0,0,0,0,-1,0,0,-1,1,0,-1,1,0,-1,1
dmgba,239.284000,36.148000,239.362000,36.075000,90,0,0,0,0,0,0,0,0,0,0,0,0,-1,0,0,-1,1,0,-1,1,0,-1,1
dmgba,238.567000,36.781000,238.710000,36.680000,90,0,0,0,0,0,0,0,0,0,0,0,0,-1,0,0,-1,1,0,-1,1,0,-1,1
dmgba,238.074000,37.121000,238.151000,37.066000,90,0,5,0,0,0,0,0,0,0,0,0,0,-1,0,0,-1,1,0,-1,1,0,-1,1
dmgbaa,238.975000,36.438000,239.047000,36.360000,90,0,0.1,0,0,0,0,0,0,0,0,0,0,-1,0,0,-1,1,0,-1,1,0,-1,1
dmgbab,239.047000,36.360000,239.113000,36.306000,90,0,0,0,0,0,0,0,0,0,0,0,0,-1,0,0,-1,1,0,-1,1,0,-1,1
dmgbb,237.326000,37.894000,237.396000,37.743000,90,0,15,0,0,0,0,0,0,0,0,0,0,-1,0,0,-1,1,0,-1,1,0,-1,1
dmgbb,236.283000,39.991000,236.389000,39.829000,90,0,15,0,0,0,0,0,0,0,0,0,0,-1,0,0,-1,1,0,-1,1,0,-1,1
dmgbb,239.113000,36.306000,239.163000,36.255000,90,0,0,0,0,0,0,0,0,0,0,0,0,-1,0,0,-1,1,0,-1,1,0,-1,1
dmgbb,239.362000,36.075000,239.440000,36.002000,90,0,0,0,0,0,0,0,0,0,0,0,0,-1,0,0,-1,1,0,-1,1,0,-1,1
dmgbb,238.710000,36.680000,238.887000,36.526000,90,0,0,0,-23,11.5,0,0,0,0,0,0,0,-1,0,0,-1,1,0,-1,1,0,-1,1
dmgbb,237.606000,37.291000,237.671000,37.172000,90,0,15,0,0,0,0,0,0,0,0,0,0,-1,0,0,-1,1,0,-1,1,0,-1,1
dmgbb,238.037000,37.148000,238.074000,37.121000,90,0,5,0,0,0,0,0,0,0,0,0,0,-1,0,0,-1,1,0,-1,1,0,-1,1
ele,238.546000,37.230000,238.612000,36.984000,90,0,15,0,0,0,0,0,0,0,0,0,0,-1,0,0,-1,1,0,-1,1,0,-1,1
ele,238.612000,36.984000,238.678000,36.868000,90,0,15,0,0,0,0,0,0,0,0,0,0,-1,0,0,-1,1,0,-1,1,0,-1,1
ele,238.678000,36.868000,238.778000,36.783000,90,0,15,0,0,0,0,0,0,0,0,0,0,-1,0,0,-1,1,0,-1,1,0,-1,1
ele,238.778000,36.783000,238.898000,36.648000,90,0,15,0,0,0,0,0,0,0,0,0,0,-1,0,0,-1,1,0,-1,1,0,-1,1
ele,238.112000,37.690000,238.160000,37.616000,90,0,15,0,0,0,0,0,0,0,0,0,0,-1,0,0,-1,1,0,-1,1,0,-1,1
ele,238.160000,37.616000,238.200000,37.606000,90,0,15,0,0,0,0,0,0,0,0,0,0,-1,0,0,-1,1,0,-1,1,0,-1,1
ele,238.200000,37.606000,238.270000,37.576000,90,0,15,0,0,0,0,0,0,0,0,0,0,-1,0,0,-1,1,0,-1,1,0,-1,1
ele,238.270000,37.576000,238.360000,37.544000,90,0,15,0,0,0,0,0,0,0,0,0,0,-1,0,0,-1,1,0,-1,1,0,-1,1
ele,238.360000,37.544000,238.426000,37.557000,90,0,15,0,0,0,0,0,0,0,0,0,0,-1,0,0,-1,1,0,-1,1,0,-1,1
ele,236.857000,38.427000,237.045000,38.366000,90,0,15,0,0,0,0,0,0,0,0,0,0,-1,0,0,-1,1,0,-1,1,0,-1,1
ele,237.045000,38.366000,237.230000,38.316000,90,0,15,0,0,0,0,0,0,0,0,0,0,-1,0,0,-1,1,0,-1,1,0,-1,1
ele,237.230000,38.316000,237.330000,38.275000,90,0,15,0,0,0,0,0,0,0,0,0,0,-1,0,0,-1,1,0,-1,1,0,-1,1
ele,237.330000,38.275000,237.442000,38.228000,90,0,15,0,0,0,0,0,0,0,0,0,0,-1,0,0,-1,1,0,-1,1,0,-1,1
ele,237.442000,38.228000,237.540000,38.157000,90,0,15,0,0,0,0,0,0,0,0,0,0,-1,0,0,-1,1,0,-1,1,0,-1,1
ele,237.540000,38.157000,237.564000,38.122000,90,0,15,0,0,0,0,0,0,0,0,0,0,-1,0,0,-1,1,0,-1,1,0,-1,1
ele,237.564000,38.122000,237.627000,38.070000,90,0,15,0,0,0,0,0,0,0,0,0,0,-1,0,0,-1,1,0,-1,1,0,-1,1
ele,236.987000,38.877000,237.037000,38.843000,90,0,15,0,0,0,0,0,0,0,0,0,0,-1,0,0,-1,1,0,-1,1,0,-1,1
ele,237.037000,38.843000,237.117000,38.784000,90,0,15,0,0,0,0,0,0,0,0,0,0,-1,0,0,-1,1,0,-1,1,0,-1,1
ele,237.117000,38.784000,237.225000,38.730000,90,0,15,0,0,0,0,0,0,0,0,0,0,-1,0,0,-1,1,0,-1,1,0,-1,1
ele,237.225000,38.730000,237.347000,38.664000,90,0,15,0,0,0,0,0,0,0,0,0,0,-1,0,0,-1,1,0,-1,1,0,-1,1
ele,237.347000,38.664000,237.475000,38.596000,90,0,15,0,0,0,0,0,0,0,0,0,0,-1,0,0,-1,1,0,-1,1,0,-1,1
ele,238.895000,36.555000,238.898000,36.648000,90,0,15,0,0,0,0,0,0,0,0,0,0,-1,0,0,-1,1,0,-1,1,0,-1,1
ele,239.288000,36.492000,239.463000,36.239000,90,0,15,0,0,0,0,0,0,0,0,0,0,-1,0,0,-1,1,0,-1,1,0,-1,1
ele,239.463000,36.239000,239.496000,35.957000,90,0,15,0,0,0,0,0,0,0,0,0,0,-1,0,0,-1,1,0,-1,1,0,-1,1
ele,237.760000,40.385000,237.912000,40.182000,90,0,15,0,0,0,0,0,0,0,0,0,0,-1,0,0,-1,1,0,-1,1,0,-1,1
ele,237.912000,40.182000,238.058000,40.015000,90,0,15,0,0,0,0,0,0,0,0,0,0,-1,0,0,-1,1,0,-1,1,0,-1,1
ele,238.058000,40.015000,238.162000,39.884000,90,0,15,0,0,0,0,0,0,0,0,0,0,-1,0,0,-1,1,0,-1,1,0,-1,1
ele,238.162000,39.884000,238.308000,39.672000,90,0,15,0,0,0,0,0,0,0,0,0,0,-1,0,0,-1,1,0,-1,1,0,-1,1
ele,238.308000,39.672000,238.669000,39.229000,90,0,15,0,0,0,0,0,0,0,0,0,0,-1,0,0,-1,1,0,-1,1,0,-1,1
ele,238.669000,39.229000,238.937000,38.913000,90,0,15,0,0,0,0,0,0,0,0,0,0,-1,0,0,-1,1,0,-1,1,0,-1,1
ele,238.937000,38.913000,239.094000,38.692000,90,0,15,0,0,0,0,0,0,0,0,0,0,-1,0,0,-1,1,0,-1,1,0,-1,1
ele,239.054000,38.561000,239.094000,38.692000,90,0,15,0,0,0,0,0,0,0,0,0,0,-1,0,0,-1,1,0,-1,1,0,-1,1
ele,239.054000,38.561000,239.252000,38.231000,90,0,15,0,0,0,0,0,0,0,0,0,0,-1,0,0,-1,1,0,-1,1,0,-1,1
ele,239.252000,38.231000,239.399000,37.983000,90,0,15,0,0,0,0,0,0,0,0,0,0,-1,0,0,-1,1,0,-1,1,0,-1,1
ele,239.399000,37.983000,239.508000,37.875000,90,0,15,0,0,0,0,0,0,0,0,0,0,-1,0,0,-1,1,0,-1,1,0,-1,1
ele,239.508000,37.875000,239.846000,37.730000,90,0,15,0,0,0,0,0,0,0,0,0,0,-1,0,0,-1,1,0,-1,1,0,-1,1
ele,239.846000,37.730000,240.523000,37.640000,90,0,15,0,0,0,0,0,0,0,0,0,0,-1,0,0,-1,1,0,-1,1,0,-1,1
ele,240.523000,37.640000,240.924000,37.745000,90,0,15,0,0,0,0,0,0,0,0,0,0,-1,0,0,-1,1,0,-1,1,0,-1,1
ele,240.177000,38.731000,240.202000,38.543000,90,0,15,0,0,0,0,0,0,0,0,0,0,-1,0,0,-1,1,0,-1,1,0,-1,1
ele,240.202000,38.543000,240.328000,38.001000,90,0,15,0,0,0,0,0,0,0,0,0,0,-1,0,0,-1,1,0,-1,1,0,-1,1
ele,240.328000,38.001000,240.523000,37.640000,90,0,15,0,0,0,0,0,0,0,0,0,0,-1,0,0,-1,1,0,-1,1,0,-1,1
ele,241.536000,38.890000,241.823000,38.693000,90,0,15,0,0,0,0,0,0,0,0,0,0,-1,0,0,-1,1,0,-1,1,0,-1,1
ele,241.277000,38.977000,241.536000,38.890000,90,0,15,0,0,0,0,0,0,0,0,0,0,-1,0,0,-1,1,0,-1,1,0,-1,1
ele,241.074000,39.101000,241.277000,38.977000,90,0,15,0,0,0,0,0,0,0,0,0,0,-1,0,0,-1,1,0,-1,1,0,-1,1
ele,240.730000,39.401000,240.868000,39.485000,90,0,15,0,0,0,0,0,0,0,0,0,0,-1,0,0,-1,1,0,-1,1,0,-1,1
ele,240.031000,35.418000,240.140000,35.307000,90,0,15,0,0,0,0,0,0,0,0,0,0,-1,0,0,-1,1,0,-1,1,0,-1,1
ele,238.731000,45.680000,239.057000,45.663000,90,0,15,0,0,0,0,0,0,0,0,0,0,-1,0,0,-1,1,0,-1,1,0,-1,1
ele,239.611000,45.786000,240.270000,45.897000,90,0,15,0,0,0,0,0,0,0,0,0,0,-1,0,0,-1,1,0,-1,1,0,-1,1
ele,240.270000,45.897000,240.313000,45.948000,90,0,15,0,0,0,0,0,0,0,0,0,0,-1,0,0,-1,1,0,-1,1,0,-1,1
ele,240.313000,45.948000,240.677000,46.008000,90,0,15,0,0,0,0,0,0,0,0,0,0,-1,0,0,-1,1,0,-1,1,0,-1,1
ele,240.677000,46.008000,240.923000,46.047000,90,0,15,0,0,0,0,0,0,0,0,0,0,-1,0,0,-1,1,0,-1,1,0,-1,1
ele,241.987000,45.819000,242.401000,45.556000,90,0,15,0,0,0,0,0,0,0,0,0,0,-1,0,0,-1,1,0,-1,1,0,-1,1
ele,242.401000,45.556000,242.697000,45.301000,90,0,15,0,0,0,0,0,0,0,0,0,0,-1,0,0,-1,1,0,-1,1,0,-1,1
ele,242.697000,45.301000,242.918000,45.232000,90,0,15,0,0,0,0,0,0,0,0,0,0,-1,0,0,-1,1,0,-1,1,0,-1,1
ele,242.918000,45.232000,243.214000,44.619000,90,0,15,0,0,0,0,0,0,0,0,0,0,-1,0,0,-1,1,0,-1,1,0,-1,1
ele,243.214000,44.619000,243.682000,44.312000,90,0,15,0,0,0,0,0,0,0,0,0,0,-1,0,0,-1,1,0,-1,1,0,-1,1
ele,243.682000,44.312000,244.281000,44.093000,90,0,15,0,0,0,0,0,0,0,0,0,0,-1,0,0,-1,1,0,-1,1,0,-1,1
ele,243.066000,43.750000,243.115000,43.375000,90,0,15,0,0,0,0,0,0,0,0,0,0,-1,0,0,-1,1,0,-1,1,0,-1,1
ele,243.066000,43.750000,243.583000,43.494000,90,0,15,0,0,0,0,0,0,0,0,0,0,-1,0,0,-1,1,0,-1,1,0,-1,1
ele,243.583000,43.494000,244.090000,43.412000,90,0,15,0,0,0,0,0,0,0,0,0,0,-1,0,0,-1,1,0,-1,1,0,-1,1
ele,243.236000,38.971000,243.387000,39.108000,90,0,15,0,0,0,0,0,0,0,0,0,0,-1,0,0,-1,1,0,-1,1,0,-1,1
ele,243.031000,38.447000,243.236000,38.971000,90,0,15,0,0,0,0,0,0,0,0,0,0,-1,0,0,-1,1,0,-1,1,0,-1,1
ele,242.607000,38.161000,243.031000,38.447000,90,0,15,0,0,0,0,0,0,0,0,0,0,-1,0,0,-1,1,0,-1,1,0,-1,1
ele,243.756000,38.724000,243.769000,39.291000,90,0,15,0,0,0,0,0,0,0,0,0,0,-1,0,0,-1,1,0,-1,1,0,-1,1
ele,243.619000,38.467000,243.756000,38.724000,90,0,15,0,0,0,0,0,0,0,0,0,0,-1,0,0,-1,1,0,-1,1,0,-1,1
ele,243.605000,37.933000,243.619000,38.467000,90,0,15,0,0,0,0,0,0,0,0,0,0,-1,0,0,-1,1,0,-1,1,0,-1,1
ele,243.605000,37.933000,243.756000,37.677000,90,0,15,0,0,0,0,0,0,0,0,0,0,-1,0,0,-1,1,0,-1,1,0,-1,1
ele,243.756000,37.677000,244.138000,36.950000,90,0,15,0,0,0,0,0,0,0,0,0,0,-1,0,0,-1,1,0,-1,1,0,-1,1
ele,244.138000,36.950000,244.746000,35.814000,90,0,15,0,0,0,0,0,0,0,0,0,0,-1,0,0,-1,1,0,-1,1,0,-1,1
ele,248.418000,40.143000,248.732000,39.635000,90,0,15,0,0,0,0,0,0,0,0,0,0,-1,0,0,-1,1,0,-1,1,0,-1,1
ele,248.698000,38.930000,248.732000,39.635000,90,0,15,0,0,0,0,0,0,0,0,0,0,-1,0,0,-1,1,0,-1,1,0,-1,1
ele,248.224000,38.068000,248.698000,38.930000,90,0,15,0,0,0,0,0,0,0,0,0,0,-1,0,0,-1,1,0,-1,1,0,-1,1
ele,247.852000,36.892000,248.224000,38.068000,90,0,15,0,0,0,0,0,0,0,0,0,0,-1,0,0,-1,1,0,-1,1,0,-1,1
ele,247.852000,36.892000,248.089000,36.213000,90,0,15,0,0,0,0,0,0,0,0,0,0,-1,0,0,-1,1,0,-1,1,0,-1,1
ele,247.142000,35.403000,248.089000,36.213000,90,0,15,0,0,0,0,0,0,0,0,0,0,-1,0,0,-1,1,0,-1,1,0,-1,1
ele,246.736000,36.108000,247.142000,35.403000,90,0,15,0,0,0,0,0,0,0,0,0,0,-1,0,0,-1,1,0,-1,1,0,-1,1
ele,241.221000,42.865000,242.567000,42.567000,90,0,15,0,0,0,0,0,0,0,0,0,0,-1,0,0,-1,1,0,-1,1,0,-1,1
ele,240.864000,43.093000,241.221000,42.865000,90,0,15,0,0,0,0,0,0,0,0,0,0,-1,0,0,-1,1,0,-1,1,0,-1,1
ele,240.689000,43.124000,240.864000,43.093000,90,0,15,0,0,0,0,0,0,0,0,0,0,-1,0,0,-1,1,0,-1,1,0,-1,1
ele,240.431000,43.312000,240.689000,43.124000,90,0,15,0,0,0,0,0,0,0,0,0,0,-1,0,0,-1,1,0,-1,1,0,-1,1
ele,239.820000,43.407000,240.431000,43.312000,90,0,15,0,0,0,0,0,0,0,0,0,0,-1,0,0,-1,1,0,-1,1,0,-1,1
ele,239.349000,43.626000,239.820000,43.407000,90,0,15,0,0,0,0,0,0,0,0,0,0,-1,0,0,-1,1,0,-1,1,0,-1,1
ele,238.852000,43.776000,239.349000,43.626000,90,0,15,0,0,0,0,0,0,0,0,0,0,-1,0,0,-1,1,0,-1,1,0,-1,1
ele,240.431000,43.312000,240.469000,42.303000,90,0,15,0,0,0,0,0,0,0,0,0,0,-1,0,0,-1,1,0,-1,1,0,-1,1
ele,240.444000,42.008000,240.469000,42.303000,90,0,15,0,0,0,0,0,0,0,0,0,0,-1,0,0,-1,1,0,-1,1,0,-1,1
ele,240.444000,42.008000,240.520000,41.770000,90,0,15,0,0,0,0,0,0,0,0,0,0,-1,0,0,-1,1,0,-1,1,0,-1,1
ele,240.520000,41.770000,240.610000,41.398000,90,0,15,0,0,0,0,0,0,0,0,0,0,-1,0,0,-1,1,0,-1,1,0,-1,1
ele,240.610000,41.398000,240.711000,40.951000,90,0,15,0,0,0,0,0,0,0,0,0,0,-1,0,0,-1,1,0,-1,1,0,-1,1
ele,240.711000,40.951000,240.877000,39.913000,90,0,15,0,0,0,0,0,0,0,0,0,0,-1,0,0,-1,1,0,-1,1,0,-1,1
ele,244.573000,33.942000,245.730000,34.155000,90,0,15,0,0,0,0,0,0,0,0,0,0,-1,0,0,-1,1,0,-1,1,0,-1,1
ele,245.730000,34.155000,246.554000,34.651000,90,0,15,0,0,0,0,0,0,0,0,0,0,-1,0,0,-1,1,0,-1,1,0,-1,1
ele,246.554000,34.651000,247.142000,35.403000,90,0,15,0,0,0,0,0,0,0,0,0,0,-1,0,0,-1,1,0,-1,1,0,-1,1
ele,245.699000,46.163000,245.927000,44.722000,90,0,15,0,0,0,0,0,0,0,0,0,0,-1,0,0,-1,1,0,-1,1,0,-1,1
ele,245.699000,46.163000,245.949000,46.917000,90,0,15,0,0,0,0,0,0,0,0,0,0,-1,0,0,-1,1,0,-1,1,0,-1,1
ele,245.824000,48.397000,245.949000,46.917000,90,0,15,0,0,0,0,0,0,0,0,0,0,-1,0,0,-1,1,0,-1,1,0,-1,1
ele,237.067000,49.202000,238.524000,49.027000,90,0,15,0,0,0,0,0,0,0,0,0,0,-1,0,0,-1,1,0,-1,1,0,-1,1
ele,236.021000,49.288000,237.067000,49.202000,90,0,15,0,0,0,0,0,0,0,0,0,0,-1,0,0,-1,1,0,-1,1,0,-1,1
ele,244.333000,48.925000,245.824000,48.397000,90,0,15,0,0,0,0,0,0,0,0,0,0,-1,0,0,-1,1,0,-1,1,0,-1,1
ele,243.119000,49.156000,244.333000,48.925000,90,0,15,0,0,0,0,0,0,0,0,0,0,-1,0,0,-1,1,0,-1,1,0,-1,1
ele,241.172000,49.213000,243.119000,49.156000,90,0,15,0,0,0,0,0,0,0,0,0,0,-1,0,0,-1,1,0,-1,1,0,-1,1
ele,241.881000,33.547000,241.973000,33.477000,90,0,15,0,0,0,0,0,0,0,0,0,0,-1,0,0,-1,1,0,-1,1,0,-1,1
ele,242.510000,35.499000,242.587000,35.451000,90,0,15,0,0,0,0,0,0,0,0,0,0,-1,0,0,-1,1,0,-1,1,0,-1,1
ele,246.537000,36.482000,246.605000,36.564000,90,0,15,0,0,0,0,0,0,0,0,0,0,-1,0,0,-1,1,0,-1,1,0,-1,1
ele,246.481000,36.879000,246.605000,36.564000,90,0,15,0,0,0,0,0,0,0,0,0,0,-1,0,0,-1,1,0,-1,1,0,-1,1
ele,241.704000,37.934000,241.839000,37.712000,90,0,15,0,0,0,0,0,0,0,0,0,0,-1,0,0,-1,1,0,-1,1,0,-1,1
ele,242.216000,34.129000,242.223000,34.082000,90,0,15,0,0,0,0,0,0,0,0,0,0,-1,0,0,-1,1,0,-1,1,0,-1,1
ele,241.079000,34.814000,241.125000,34.716000,90,0,15,0,0,0,0,0,0,0,0,0,0,-1,0,0,-1,1,0,-1,1,0,-1,1
ele,243.986000,34.120000,243.997000,34.068000,90,0,15,0,0,0,0,0,0,0,0,0,0,-1,0,0,-1,1,0,-1,1,0,-1,1
ele,244.067000,33.508000,244.275000,33.362000,90,0,15,0,0,0,0,0,0,0,0,0,0,-1,0,0,-1,1,0,-1,1,0,-1,1
ele,244.105000,33.914000,244.119000,33.751000,90,0,15,0,0,0,0,0,0,0,0,0,0,-1,0,0,-1,1,0,-1,1,0,-1,1
ele,242.510000,34.292000,242.520000,34.254000,90,0,15,0,0,0,0,0,0,0,0,0,0,-1,0,0,-1,1,0,-1,1,0,-1,1
ele,238.089000,37.295000,238.181000,37.246000,90,0,15,0,0,0,0,0,0,0,0,0,0,-1,0,0,-1,1,0,-1,1,0,-1,1
elea,239.057000,45.663000,239.402000,45.765000,90,0,15,0,0,0,0,0,0,0,0,0,0,-1,0,0,-1,1,0,-1,1,0,-1,1
elea,243.534000,42.932000,243.899000,42.731000,90,0,15,0,0,0,0,0,0,0,0,0,0,-1,0,0,-1,1,0,-1,1,0,-1,1
elea,239.848000,49.120000,241.172000,49.213000,90,0,15,0,0,0,0,0,0,0,0,0,0,-1,0,0,-1,1,0,-1,1,0,-1,1
elea,246.537000,36.482000,246.736000,36.108000,90,0,15,0,0,0,0,0,0,0,0,0,0,-1,0,0,-1,1,0,-1,1,0,-1,1
elea,244.038000,33.909000,244.105000,33.914000,90,0,15,0,0,0,0,0,0,0,0,0,0,-1,0,0,-1,1,0,-1,1,0,-1,1
elea,240.877000,39.913000,240.977000,39.634000,90,0,15,0,0,0,0,0,0,0,0,0,0,-1,0,0,-1,1,0,-1,1,0,-1,1
eleb,240.868000,39.485000,241.014000,39.535000,90,0,15,0,0,0,0,0,0,0,0,0,0,-1,0,0,-1,1,0,-1,1,0,-1,1
eleb,238.406000,44.034000,238.852000,43.776000,90,0,15,0,0,0,0,0,0,0,0,0,0,-1,0,0,-1,1,0,-1,1,0,-1,1
eleb,239.402000,45.765000,239.611000,45.786000,90,0,15,0,0,0,0,0,0,0,0,0,0,-1,0,0,-1,1,0,-1,1,0,-1,1
eleb,243.115000,43.375000,243.534000,42.932000,90,0,15,0,0,0,0,0,0,0,0,0,0,-1,0,0,-1,1,0,-1,1,0,-1,1
eleb,243.387000,39.108000,243.769000,39.291000,90,0,15,0,0,0,0,0,0,0,0,0,0,-1,0,0,-1,1,0,-1,1,0,-1,1
eleb,238.524000,49.027000,239.848000,49.120000,90,0,15,0,0,0,0,0,0,0,0,0,0,-1,0,0,-1,1,0,-1,1,0,-1,1
eleb,244.105000,33.914000,244.573000,33.942000,90,0,15,0,0,0,0,0,0,0,0,0,0,-1,0,0,-1,1,0,-1,1,0,-1,1
eleb,240.977000,39.634000,241.014000,39.535000,90,0,15,0,0,0,0,0,0,0,0,0,0,-1,0,0,-1,1,0,-1,1,0,-1,1
etahoebbab,240.722000,39.436000,240.730000,39.401000,90,0,15,0,0,0,0,0,0,0,0,0,0,-1,0,0,-1,1,0,-1,1,0,-1,1
etahoebbb,240.707000,39.673000,240.722000,39.436000,90,0,15,0,0,0,0,0,0,0,0,0,0,-1,0,0,-1,1,0,-1,1,0,-1,1
fd,242.327000,33.288000,242.383000,33.242000,90,0,15,0,0,0,0,0,0,0,0,0,0,-1,0,0,-1,1,0,-1,1,0,-1,1
ff,243.258000,34.469000,243.290000,34.346000,90,0,15,0,0,0,0,0,0,0,0,0,0,-1,0,0,-1,1,0,-1,1,0,-1,1
ff,243.412000,34.029000,243.567000,33.909000,90,0,15,0,0,0,0,0,0,0,0,0,0,-1,0,0,-1,1,0,-1,1,0,-1,1
ff,243.420000,34.162000,243.437000,34.136000,90,0,15,0,0,0,0,0,0,0,0,0,0,-1,0,0,-1,1,0,-1,1,0,-1,1
fff,243.200000,34.337000,243.339000,34.249000,90,0,15,0,0,0,0,0,0,0,0,0,0,-1,0,0,-1,1,0,-1,1,0,-1,1
fff,243.339000,34.249000,243.420000,34.162000,90,0,15,0,0,0,0,0,0,0,0,0,0,-1,0,0,-1,1,0,-1,1,0,-1,1
fff,243.567000,33.909000,243.611000,33.852000,90,0,15,0,0,0,0,0,0,0,0,0,0,-1,0,0,-1,1,0,-1,1,0,-1,1
fff,242.795000,35.102000,242.963000,35.016000,90,0,15,0,0,0,0,0,0,0,0,0,0,-1,0,0,-1,1,0,-1,1,0,-1,1
fff,242.705000,35.163000,242.795000,35.102000,90,0,15,0,0,0,0,0,0,0,0,0,0,-1,0,0,-1,1,0,-1,1,0,-1,1
fff,242.616000,35.210000,242.705000,35.163000,90,0,15,0,0,0,0,0,0,0,0,0,0,-1,0,0,-1,1,0,-1,1,0,-1,1
fff,242.787000,35.659000,242.861000,35.585000,90,0,15,0,0,0,0,0,0,0,0,0,0,-1,0,0,-1,1,0,-1,1,0,-1,1
fffa,243.429000,34.057000,243.465000,34.087000,90,0,15,0,0,0,0,0,0,0,0,0,0,-1,0,0,-1,1,0,-1,1,0,-1,1
fffb,243.412000,34.029000,243.429000,34.057000,90,0,15,0,0,0,0,0,0,0,0,0,0,-1,0,0,-1,1,0,-1,1,0,-1,1
fgd,241.142000,34.192000,241.253000,34.252000,90,0,15,0,0,0,0,0,0,0,0,0,0,-1,0,0,-1,1,0,-1,1,0,-1,1
ftre,240.948000,34.097000,241.142000,34.192000,90,0,15,0,0,0,0,0,0,0,0,0,0,-1,0,0,-1,1,0,-1,1,0,-1,1
ggg,242.187000,35.398000,242.291000,35.364000,90,0,15,0,0,0,0,0,0,0,0,0,0,-1,0,0,-1,1,0,-1,1,0,-1,1
ghh,242.189000,33.325000,242.318000,33.159000,90,0,15,0,0,0,0,0,0,0,0,0,0,-1,0,0,-1,1,0,-1,1,0,-1,1
ghh,242.432000,33.196000,242.482000,33.104000,90,0,15,0,0,0,0,0,0,0,0,0,0,-1,0,0,-1,1,0,-1,1,0,-1,1
hh,242.189000,33.325000,242.327000,33.288000,90,0,15,0,0,0,0,0,0,0,0,0,0,-1,0,0,-1,1,0,-1,1,0,-1,1
huy,241.225000,34.029000,241.459000,34.032000,90,0,15,0,0,0,0,0,0,0,0,0,0,-1,0,0,-1,1,0,-1,1,0,-1,1
iii,242.648000,32.929000,242.739000,32.858000,90,0,15,0,0,0,0,0,0,0,0,0,0,-1,0,0,-1,1,0,-1,1,0,-1,1
iuy,241.253000,34.252000,241.388000,34.310000,90,0,15,0,0,0,0,0,0,0,0,0,0,-1,0,0,-1,1,0,-1,1,0,-1,1
jdf_connecta,235.065000,40.885000,235.238000,40.307000,150,0,25,0,0,0,0,0,0,0,0,0,0,0,1,0,-1,1,0,-1,1,0,-1,1
jdf_connectb,235.238000,40.307000,235.240000,40.303000,90,0,0,0,0,0,0,0,0,0,0,0,0,-1,0,0,-1,1,0,-1,1,0,-1,1
jdfaaaa,235.558000,40.260000,235.814000,40.215000,90,0,5,0,0,0,0,0,0,0,0,0,0,-1,0,0,-1,1,0,-1,1,0,-1,1
jdfaaab,235.240000,40.303000,235.558000,40.260000,90,0,5,0,0,0,0,0,0,0,0,0,0,-1,0,0,-1,1,0,-1,1,0,-1,1
jdfaab,234.735000,40.381000,235.240000,40.303000,90,0,0,0,0,0,0,0,0,0,0,0,0,-1,0,0,-1,1,0,-1,1,0,-1,1
jdfab,229.517000,44.594000,230.935000,49.010000,90,0,0,0,0,0,0,0,0,0,0,0,0,-1,0,0,-1,1,0,-1,1,0,-1,1
jdfab,233.987000,40.418000,234.735000,40.381000,90,0,0,0,0,0,0,0,0,0,0,0,0,-1,0,0,-1,1,0,-1,1,0,-1,1
jdfb,232.405000,40.445000,233.987000,40.418000,90,0,0,0,0,0,0,0,0,0,0,0,0,-1,0,0,-1,1,0,-1,1,0,-1,1
jdfba,229.517000,44.594000,233.335000,43.044000,90,0,0,0,0,0,0,0,0,0,0,0,0,-1,0,0,-1,1,0,-1,1,0,-1,1
jdfbb,232.405000,40.445000,233.335000,43.044000,90,0,0,0,0,0,0,0,0,0,0,0,0,-1,0,0,-1,1,0,-1,1,0,-1,1
jj,242.383000,33.242000,242.432000,33.196000,90,0,15,0,0,0,0,0,0,0,0,0,0,-1,0,0,-1,1,0,-1,1,0,-1,1
jjj,242.394000,33.024000,242.480000,32.867000,90,0,15,0,0,0,0,0,0,0,0,0,0,-1,0,0,-1,1,0,-1,1,0,-1,1
jk,242.482000,33.104000,242.554000,33.016000,90,0,15,0,0,0,0,0,0,0,0,0,0,-1,0,0,-1,1,0,-1,1,0,-1,1
mohawk-valleyaaba,240.004000,38.850000,240.177000,38.731000,90,0,15,0,0,0,0,0,0,0,0,0,0,-1,0,0,-1,1,0,-1,1,0,-1,1
mohawk-valleyaabb,239.785000,39.148000,240.004000,38.850000,90,0,15,0,0,0,0,0,0,0,0,0,0,-1,0,0,-1,1,0,-1,1,0,-1,1
mohawk-valleyabaa,239.741000,39.258000,239.785000,39.148000,90,0,15,0,0,0,0,0,0,0,0,0,0,-1,0,0,-1,1,0,-1,1,0,-1,1
mohawk-valleyabab,239.586000,39.603000,239.741000,39.258000,90,0,15,0,0,0,0,0,0,0,0,0,0,-1,0,0,-1,1,0,-1,1,0,-1,1
mohawk-valleyabbaa,239.178000,39.858000,239.586000,39.603000,90,0,10,0,0,0,0,0,0,0,0,0,0,-1,0,0,-1,1,0,-1,1,0,-1,1
mohawk-valleyabbab,238.770000,40.114000,239.178000,39.858000,90,0,10,0,0,0,0,0,0,0,0,0,0,-1,0,0,-1,1,0,-1,1,0,-1,1
mohawk-valleyabbb,238.642000,40.368000,238.770000,40.114000,90,0,15,0,0,0,0,0,0,0,0,0,0,-1,0,0,-1,1,0,-1,1,0,-1,1
mohawk-valleybaa,238.573000,40.564000,238.642000,40.368000,90,0,15,0,0,0,0,0,0,0,0,0,0,-1,0,0,-1,1,0,-1,1,0,-1,1
mohawk-valleybab,238.498000,40.725000,238.573000,40.564000,90,0,15,0,0,0,0,0,0,0,0,0,0,-1,0,0,-1,1,0,-1,1,0,-1,1
mohawk-valleybba,238.242000,41.200000,238.498000,40.725000,90,0,15,0,0,0,0,0,0,0,0,0,0,-1,0,0,-1,1,0,-1,1,0,-1,1
mohawk-valleybbb,238.085000,41.636000,238.242000,41.200000,90,0,15,0,0,0,0,0,0,0,0,0,0,-1,0,0,-1,1,0,-1,1,0,-1,1
newport1bbba,242.918000,32.580000,243.579000,31.953000,90,0,15,0,0,0,0,0,0,0,0,0,0,-1,0,0,-1,1,0,-1,1,0,-1,1
newport1bbbb,243.579000,31.953000,244.239000,31.325000,90,0,15,0,0,0,0,0,0,0,0,0,0,-1,0,0,-1,1,0,-1,1,0,-1,1
nootka,230.935000,49.010000,231.725000,49.881000,90,0,0,0,0,0,0,0,0,0,0,0,0,-1,0,0,-1,1,0,-1,1,0,-1,1
oifaaab,230.426000,51.858000,233.070000,50.891000,90,0,15,0,0,0,0,0,0,0,0,0,0,-1,0,0,-1,1,0,-1,1,0,-1,1
oifaaab,227.225000,53.142000,230.426000,51.858000,90,0,15,0,0,0,0,0,0,0,0,0,0,-1,0,0,-1,1,0,-1,1,0,-1,1
oifaab,233.070000,50.891000,233.592000,50.642000,90,0,15,0,0,0,0,0,0,0,0,0,0,-1,0,0,-1,1,0,-1,1,0,-1,1
oifaba,233.592000,50.642000,234.080000,50.422000,90,0,15,0,0,0,0,0,0,0,0,0,0,-1,0,0,-1,1,0,-1,1,0,-1,1
oifabb,234.080000,50.422000,234.557000,50.299000,90,0,15,0,0,0,0,0,0,0,0,0,0,-1,0,0,-1,1,0,-1,1,0,-1,1
oifbaa,234.557000,50.299000,235.500000,49.494000,90,0,15,0,0,0,0,0,0,0,0,0,0,-1,0,0,-1,1,0,-1,1,0,-1,1
oifbaba,235.500000,49.494000,236.021000,49.288000,90,0,15,0,0,0,0,0,0,0,0,0,0,-1,0,0,-1,1,0,-1,1,0,-1,1
owensvalleynorth1aa,220.823000,60.284000,225.484000,55.067000,90,0,15,0,0,0,0,0,0,0,0,0,0,-1,0,0,-1,1,0,-1,1,0,-1,1
owensvalleynorth1abaa,225.484000,55.067000,227.225000,53.142000,90,0,15,0,0,0,0,0,0,0,0,0,0,-1,0,0,-1,1,0,-1,1,0,-1,1
owensvalleynorth1ababaaa,227.225000,53.142000,229.851000,51.111000,90,0,15,0,0,0,0,0,0,0,0,0,0,-1,0,0,-1,1,0,-1,1,0,-1,1
owensvalleynorth1ababaab,229.851000,51.111000,230.457000,50.715000,90,0,15,0,0,0,0,0,0,0,0,0,0,-1,0,0,-1,1,0,-1,1,0,-1,1
owensvalleynorth1ababab,230.457000,50.715000,231.725000,49.881000,90,0,15,0,0,0,0,0,0,0,0,0,0,-1,0,0,-1,1,0,-1,1,0,-1,1
owensvalleynorth1ababb,231.725000,49.881000,231.762000,49.858000,90,0,0,0,0,0,0,0,0,0,0,0,0,-1,0,0,-1,1,0,-1,1,0,-1,1
owensvalleynorth1abba,231.762000,49.858000,232.353000,49.253000,150,0,25,0,0,0,0,0,0,0,0,0,0,0,1,0,-1,1,0,-1,1,0,-1,1
owensvalleynorth1abbbaa,232.353000,49.253000,232.623000,48.914000,150,0,25,0,0,0,0,0,0,0,0,0,0,0,1,0,-1,1,0,-1,1,0,-1,1
owensvalleynorth1abbbab,232.623000,48.914000,232.954000,48.580000,150,0,25,0,0,0,0,0,0,0,0,0,0,0,1,0,-1,1,0,-1,1,0,-1,1
owensvalleynorth1abbbba,232.954000,48.580000,233.273000,48.273000,150,0,25,0,0,0,0,0,0,0,0,0,0,0,1,0,-1,1,0,-1,1,0,-1,1
owensvalleynorth1abbbbb,233.273000,48.273000,233.554000,47.907000,150,0,25,0,0,0,0,0,0,0,0,0,0,0,1,0,-1,1,0,-1,1,0,-1,1
owensvalleynorth1bbaaaa,240.070000,40.023000,240.215000,39.934000,90,0,15,0,0,0,0,0,0,0,0,0,0,-1,0,0,-1,1,0,-1,1,0,-1,1
owensvalleynorth1bbaaab,240.215000,39.934000,240.361000,39.845000,90,0,15,0,0,0,0,0,0,0,0,0,0,-1,0,0,-1,1,0,-1,1,0,-1,1
owensvalleynorth1bbaab,240.361000,39.845000,240.707000,39.673000,90,0,15,0,0,0,0,0,0,0,0,0,0,-1,0,0,-1,1,0,-1,1,0,-1,1
owensvalleynorth1bbabab,241.014000,39.535000,241.074000,39.101000,90,0,15,0,0,0,0,0,0,0,0,0,0,-1,0,0,-1,1,0,-1,1,0,-1,1
owensvalleynorth1bbabb,241.074000,39.101000,241.234000,38.767000,90,0,15,0,0,0,0,0,0,0,0,0,0,-1,0,0,-1,1,0,-1,1,0,-1,1
owensvalleynorth1bbbaaa,241.234000,38.767000,241.238000,38.665000,90,0,15,0,0,0,0,0,0,0,0,0,0,-1,0,0,-1,1,0,-1,1,0,-1,1
owensvalleynorth1bbbaab,241.238000,38.665000,241.247000,38.622000,90,0,15,0,0,0,0,0,0,0,0,0,0,-1,0,0,-1,1,0,-1,1,0,-1,1
owensvalleynorth1bbbab,241.247000,38.622000,241.464000,38.223000,90,0,15,0,0,0,0,0,0,0,0,0,0,-1,0,0,-1,1,0,-1,1,0,-1,1
owensvalleynorth1bbbb,241.464000,38.223000,241.619000,37.941000,90,0,15,0,0,0,0,0,0,0,0,0,0,-1,0,0,-1,1,0,-1,1,0,-1,1
owensvalleynorth2,241.573000,37.793000,241.619000,37.941000,90,0,10,4,0,0,0,0,0,0,0,0,0,-1,0,0,-1,1,0,-1,1,0,-1,1
pacific6aaa,244.239000,31.325000,244.321000,31.193000,90,0,15,0,0,0,0,0,0,0,0,0,0,-1,0,0,-1,1,0,-1,1,0,-1,1
ree,242.554000,33.016000,242.648000,32.929000,90,0,15,0,0,0,0,0,0,0,0,0,0,-1,0,0,-1,1,0,-1,1,0,-1,1
rr,240.993000,34.038000,241.225000,34.029000,90,0,15,0,0,0,0,0,0,0,0,0,0,-1,0,0,-1,1,0,-1,1,0,-1,1
rrr,240.844000,34.041000,240.993000,34.038000,90,0,15,0,0,0,0,0,0,0,0,0,0,-1,0,0,-1,1,0,-1,1,0,-1,1
rrr,242.061000,33.431000,242.189000,33.325000,90,0,15,0,0,0,0,0,0,0,0,0,0,-1,0,0,-1,1,0,-1,1,0,-1,1
rrr,242.872000,35.108000,243.006000,35.048000,90,0,15,0,0,0,0,0,0,0,0,0,0,-1,0,0,-1,1,0,-1,1,0,-1,1
rrr,243.006000,35.048000,243.087000,34.988000,90,0,15,0,0,0,0,0,0,0,0,0,0,-1,0,0,-1,1,0,-1,1,0,-1,1
rrr,243.087000,34.988000,243.185000,34.927000,90,0,15,0,0,0,0,0,0,0,0,0,0,-1,0,0,-1,1,0,-1,1,0,-1,1
rrr,243.185000,34.927000,243.282000,34.860000,90,0,15,0,0,0,0,0,0,0,0,0,0,-1,0,0,-1,1,0,-1,1,0,-1,1
rrr,243.282000,34.860000,243.347000,34.800000,90,0,15,0,0,0,0,0,0,0,0,0,0,-1,0,0,-1,1,0,-1,1,0,-1,1
rrr,243.347000,34.800000,243.445000,34.699000,90,0,15,0,-1.8,0.9,0,0,0,0,0,0,0,-1,0,0,-1,1,0,-1,1,0,-1,1
rrr,243.445000,34.699000,243.534000,34.598000,90,0,15,0,0,0,0,0,0,0,0,0,0,-1,0,0,-1,1,0,-1,1,0,-1,1
rrr,243.534000,34.598000,243.624000,34.490000,90,0,15,0,0,0,0,0,0,0,0,0,0,-1,0,0,-1,1,0,-1,1,0,-1,1
rrr,243.624000,34.490000,243.713000,34.383000,90,0,15,0,0,0,0,0,0,0,0,0,0,-1,0,0,-1,1,0,-1,1,0,-1,1
rrr,243.713000,34.383000,243.819000,34.255000,90,0,15,0,0,0,0,0,0,0,0,0,0,-1,0,0,-1,1,0,-1,1,0,-1,1
rrr,243.819000,34.255000,243.849000,34.142000,90,0,15,0,0,0,0,0,0,0,0,0,0,-1,0,0,-1,1,0,-1,1,0,-1,1
sada,242.470000,34.311000,242.510000,34.292000,90,0,15,0,0,0,0,0,0,0,0,0,0,-1,0,0,-1,1,0,-1,1,0,-1,1
sadb,242.510000,34.292000,242.549000,34.273000,90,0,15,0,0,0,0,0,0,0,0,0,0,-1,0,0,-1,1,0,-1,1,0,-1,1
saf_connect,241.103000,34.811000,241.144000,34.792000,90,0,15,0,0,0,0,0,0,0,0,0,0,-1,0,0,-1,1,0,-1,1,0,-1,1
sanandreas19a,245.479000,31.655000,246.156000,30.867000,90,0,15,0,0,0,0,0,0,0,0,0,0,-1,0,0,-1,1,0,-1,1,0,-1,1
sanandreas19b,246.156000,30.867000,247.749000,29.024000,90,0,15,0,0,0,0,0,0,0,0,0,0,-1,0,0,-1,1,0,-1,1,0,-1,1
sanandreas20,247.749000,29.024000,260.639000,5.079000,90,0,15,0,0,0,0,0,0,0,0,0,0,-1,0,0,-1,1,0,-1,1,0,-1,1
sd,241.973000,33.477000,242.061000,33.431000,90,0,15,0,0,0,0,0,0,0,0,0,0,-1,0,0,-1,1,0,-1,1,0,-1,1
ss,242.884000,34.890000,243.022000,34.790000,90,0,15,0,0,0,0,0,0,0,0,0,0,-1,0,0,-1,1,0,-1,1,0,-1,1
ss,238.314000,37.195000,238.366000,37.163000,90,0,15,0,0,0,0,0,0,0,0,0,0,-1,0,0,-1,1,0,-1,1,0,-1,1
sss,241.576000,37.066000,241.671000,37.236000,90,0,15,0,0,0,0,0,0,0,0,0,0,-1,0,0,-1,1,0,-1,1,0,-1,1
sss,242.503000,35.045000,242.681000,35.003000,90,0,15,0,0,0,0,0,0,0,0,0,0,-1,0,0,-1,1,0,-1,1,0,-1,1
sss,242.681000,35.003000,242.884000,34.890000,90,0,15,0,0,0,0,0,0,0,0,0,0,-1,0,0,-1,1,0,-1,1,0,-1,1
sss,243.022000,34.790000,243.144000,34.650000,90,0,15,0,0,0,0,0,0,0,0,0,0,-1,0,0,-1,1,0,-1,1,0,-1,1
sss,243.144000,34.650000,243.209000,34.556000,90,0,15,0,0,0,0,0,0,0,0,0,0,-1,0,0,-1,1,0,-1,1,0,-1,1
sss,243.209000,34.556000,243.258000,34.469000,90,0,15,0,0,0,0,0,0,0,0,0,0,-1,0,0,-1,1,0,-1,1,0,-1,1
sss,242.499000,33.782000,242.713000,33.697000,90,0,15,0,0,0,0,0,0,0,0,0,0,-1,0,0,-1,1,0,-1,1,0,-1,1
sss,243.469000,34.490000,243.542000,34.450000,90,0,15,0,0,0,0,0,0,0,0,0,0,-1,0,0,-1,1,0,-1,1,0,-1,1
sss,243.542000,34.450000,243.615000,34.396000,90,0,15,0,0,0,0,0,0,0,0,0,0,-1,0,0,-1,1,0,-1,1,0,-1,1
sss,243.615000,34.396000,243.680000,34.295000,90,0,15,0,0,0,0,0,0,0,0,0,0,-1,0,0,-1,1,0,-1,1,0,-1,1
sss,243.680000,34.295000,243.697000,34.208000,90,0,15,0,0,0,0,0,0,0,0,0,0,-1,0,0,-1,1,0,-1,1,0,-1,1
sss,243.697000,34.208000,243.712000,34.143000,90,0,15,0,0,0,0,0,0,0,0,0,0,-1,0,0,-1,1,0,-1,1,0,-1,1
sss,242.342000,36.615000,242.387000,36.457000,90,0,15,0,0,0,0,0,0,0,0,0,0,-1,0,0,-1,1,0,-1,1,0,-1,1
sss,237.668000,37.496000,237.762000,37.473000,90,0,15,0,0,0,0,0,0,0,0,0,0,-1,0,0,-1,1,0,-1,1,0,-1,1
sss,238.181000,37.246000,238.250000,37.230000,90,0,15,0,0,0,0,0,0,0,0,0,0,-1,0,0,-1,1,0,-1,1,0,-1,1
sss,238.250000,37.230000,238.314000,37.195000,90,0,15,0,0,0,0,0,0,0,0,0,0,-1,0,0,-1,1,0,-1,1,0,-1,1
sss,238.366000,37.163000,238.418000,37.140000,90,0,15,0,0,0,0,0,0,0,0,0,0,-1,0,0,-1,1,0,-1,1,0,-1,1
sss,238.001000,37.800000,238.026000,37.792000,90,0,15,0,0,0,0,0,0,0,0,0,0,-1,0,0,-1,1,0,-1,1,0,-1,1
sss,238.026000,37.792000,238.112000,37.690000,90,0,15,0,0,0,0,0,0,0,0,0,0,-1,0,0,-1,1,0,-1,1,0,-1,1
tahoeaaa,241.218000,37.569000,241.596000,37.434000,90,0,15,0,0,0,0,0,0,0,0,0,0,-1,0,0,-1,1,0,-1,1,0,-1,1
tahoeaabaa,241.120000,37.609000,241.218000,37.569000,90,0,15,0,0,0,0,-0.8,0.5,0,0,0,0,-1,0,0,-1,1,0,-1,1,0,-1,1
tahoeaabab,241.022000,37.674000,241.120000,37.609000,90,0,15,0,0,0,0,0,0,0,0,0,0,-1,0,0,-1,1,0,-1,1,0,-1,1
tahoeaabb,240.924000,37.745000,241.022000,37.674000,90,0,15,0,0,0,0,0,0,0,0,0,0,-1,0,0,-1,1,0,-1,1,0,-1,1
tt,242.318000,33.159000,242.394000,33.024000,90,0,15,0,0,0,0,0,0,0,0,0,0,-1,0,0,-1,1,0,-1,1,0,-1,1
wcnsbaaaba,241.823000,38.693000,241.927000,38.415000,90,0,15,0,0,0,0,0,0,0,0,0,0,-1,0,0,-1,1,0,-1,1,0,-1,1
wcnsbaaabb,241.823000,38.693000,241.833000,38.960000,90,0,15,0,0,0,0,0,0,0,0,0,0,-1,0,0,-1,1,0,-1,1,0,-1,1
wcnsbaabaa,241.833000,38.960000,241.850000,39.160000,60,0,15,0,0,0,0,0,0,0,0,0,0,-1,0,0,-1,1,0,-1,1,0,-1,1
wcnsbaabab,241.850000,39.160000,241.894000,39.354000,60,0,15,0,0,0,0,0,0,0,0,0,0,-1,0,0,-1,1,0,-1,1,0,-1,1
wcnsbaabba,241.868000,39.503000,241.894000,39.354000,120,0,15,0,0,0,0,0,0,0,0,0,0,-1,0,0,-1,1,0,-1,1,0,-1,1
wcnsbaabbb,241.868000,39.503000,241.872000,39.733000,60,0,15,0,0,0,0,0,0,0,0,0,0,-1,0,0,-1,1,0,-1,1,0,-1,1
wcnsbaba,241.872000,39.733000,242.318000,40.190000,30,0,15,0,0,0,0,0,0,0,0,0,0,-1,0,0,-1,1,0,-1,1,0,-1,1
wcnsbabb,242.318000,40.190000,242.491000,40.464000,45,0,15,0,0,0,0,0,0,0,0,0,0,-1,0,0,-1,1,0,-1,1,0,-1,1
wcnsbbaaa,242.197000,41.029000,242.491000,40.464000,90,0,15,0,0,0,0,0,0,0,0,0,0,-1,0,0,-1,1,0,-1,1,0,-1,1
wcnsbbaab,242.190000,41.761000,242.197000,41.029000,90,0,15,0,0,0,0,0,0,0,0,0,0,-1,0,0,-1,1,0,-1,1,0,-1,1
wcnsbbab,242.158000,42.335000,242.190000,41.761000,90,0,15,0,0,0,0,0,0,0,0,0,0,-1,0,0,-1,1,0,-1,1,0,-1,1
wcnsbbba,242.158000,42.335000,242.567000,42.567000,90,0,15,0,0,0,0,0,0,0,0,0,0,-1,0,0,-1,1,0,-1,1,0,-1,1
wcnsbbbba,242.567000,42.567000,243.233000,42.649000,90,0,15,0,0,0,0,0,0,0,0,0,0,-1,0,0,-1,1,0,-1,1,0,-1,1
wcnsbbbbb,243.233000,42.649000,243.899000,42.731000,90,0,15,0,0,0,0,0,0,0,0,0,0,-1,0,0,-1,1,0,-1,1,0,-1,1
ytra,240.844000,34.041000,240.948000,34.097000,90,0,15,0,0,0,0,0,0,0,0,0,0,-1,0,0,-1,1,0,-1,1,0,-1,1
