lon,lat,name,east_vel,north_vel,east_sig,north_sig,flag,up_vel,up_sig,
183.434,-43.956,BRAE_GPS,-38.713,50.072,0.461,0.48,1,0,1,
210.394,-17.577,MAUI_PBO,-66.958,47.557,0.7,0.6,1,0,1,
167.73,8.722,HANS_GPS,-69.881,44.642,0.559,0.534,1,0,1,
204.544,19.801,JORD_GPS,-60.5,51.831,0.386,0.384,1,0,1,
203.743,20.707,P635_PBO,-59.69,53.128,0.6,0.7,1,0,1,
200.335,22.126,P551_PBO,-59.844,52.241,0.632,0.592,1,0,1,
279.616,25.614,KELS_PBO,-0.335,0.412,0.342,0.335,1,0,1,
255.985,30.68,P193_PBO,-0.98,0.153,0.402,0.401,1,0,1,
244.534,31.045,P452_PBO,-32.751,30.337,1.04,1.05,1,0,1,
243.839,31.257,P136_PBO,-32.331,31.783,0.92,0.91,1,0,1,
246.48,31.354,P095_PBO,-2.985,1.997,0.83,0.81,1,0,1,
243.333,31.871,SNI1_PBO,-29.954,30.882,0.98,0.99,1,0,1,
244.757,31.988,P450_PBO,-25.281,27.259,1.21,1.12,1,0,1,
243.442,32.245,SRS1_PBO,-28.561,29.428,1.08,1.1,1,0,1,
245.086,32.251,P296_PBO,-8.913,7.697,1.12,1.13,1,0,1,
295.3,32.31,W078_GPS,0.117,-0.249,0.7,0.7,1,0,1,
244.657,32.356,P538_PBO,-19.825,27.333,0.89,0.89,1,0,1,
295.304,32.37,BAMF_GPS,0.662,-0.271,0.435,0.386,1,0,1,
244.925,32.559,P533_PBO,-6.62,1.493,1.1,1.12,1,0,1,
243.017,32.569,P536_PBO,-28.147,30.114,1.05,1.19,1,0,1,
243.159,32.601,P307_PBO,-26.763,29.209,1.48,1.21,1,0,1,
243.523,32.607,P535_PBO,-28.041,29.035,1.03,1.12,1,0,1,
243.83,32.617,JCT1_PBO,-27.898,26.957,0.3,0.3,1,0,1,
244.754,32.629,P388_PBO,-8.018,7.749,1.05,0.96,1,0,1,
252.805,32.659,RVAL_GPS,-1.574,0.945,0.4,0.7,1,0,1,
244.494,32.664,P300_PBO,-21.202,26.349,1.09,1.07,1,0,1,
244.7,32.69,FISH_GPS,-6.392,8.937,0.5,0.5,1,0,1,
244.968,32.706,GS04_GPS,-3.893,2.321,0.57,0.616,1,0,1,
244.938,32.709,P516_PBO,-4.012,2.552,1.05,0.99,1,0,1,
245.995,32.723,HOLC_GNR,-3.287,0.106,0.7,0.7,1,0,1,
243.05,32.734,RG09_PBO,-29.096,27.375,0.3,0.3,1,0,1,
243.998,32.734,P532_PBO,-28.101,28.357,0.97,0.96,1,0,1,
244.5,32.738,ORES_PBO,-21.183,20.719,0.92,0.93,1,0,1,
244.404,32.751,SPRN_GPS,-23.391,28.044,0.5,0.9,1,0,1,
244.268,32.76,WES2_PBO,-22.791,26.547,0.6,0.5,1,0,1,
244.204,32.79,P283_PBO,-24.832,27.12,0.91,0.91,1,0,1,
244.406,32.8,P298_PBO,-17.154,22.102,1.32,1.16,1,0,1,
242.852,32.818,P540_PBO,-29.209,29.221,1.2,1.5,1,0,1,
243.381,32.824,P515_PBO,-27.291,28.431,0.95,1.03,1,0,1,
244.498,32.827,P310_PBO,-14.864,20.255,0.626,0.534,1,0,1,
244.493,32.829,WSTG_GPS,-14.864,20.255,0.626,0.534,1,0,1,
244.423,32.835,0614_GPS,-16.488,22.143,0.5,0.6,1,0,1,
242.747,32.84,TJRN_PBO,-28.26,30.155,1.11,1.09,1,0,1,
244.753,32.84,P141_PBO,-4.513,-0.321,0.92,0.88,1,0,1,
243.198,32.844,P539_PBO,-28.021,28.587,0.96,1.04,1,0,1,
242.75,32.865,P546_PBO,-28.394,28.615,0.73,0.76,1,0,1,
244.602,32.876,RITA_GPS,-4.686,6.439,0.4,0.4,1,0,1,
242.895,32.889,P029_PBO,-28.691,27.179,0.3,0.3,1,0,1,
244.706,32.891,WAUC_GPS,-1.585,3.137,0.6,0.6,1,0,1,
243.578,32.892,P280_PBO,-27.929,27.943,0.79,0.81,1,0,1,
244.43,32.898,DEER_GPS,-15.286,21.843,0.5,0.5,1,0,1,
243.069,32.912,P305_PBO,-28.23,29.862,1.03,1.14,1,0,1,
241.512,32.914,P127_PBO,-31.659,33.573,0.97,0.99,1,0,1,
243.429,32.914,P282_PBO,-29.609,28.779,1.08,1.18,1,0,1,
244.594,32.917,P304_PBO,-3.299,4.535,0.95,0.91,1,0,1,
241.481,32.927,P145_PBO,-30.585,35.334,0.88,0.91,1,0,1,
245.797,32.939,P281_PBO,-1.616,2.961,1.04,0.96,1,0,1,
244.239,32.951,P529_PBO,-22.811,25.678,0.92,0.89,1,0,1,
243.651,32.976,P070_PBO,-27.186,25.261,0.3,0.3,1,0,1,
244.512,32.98,KMED_GPS,-6.783,5.041,0.6,0.7,1,0,1,
244.578,32.982,BAMA_GPS,-4.682,3.94,0.5,0.6,1,0,1,
243.915,33.03,KSU1_PBO,-23.913,24.402,0.57,0.574,1,0,1,
244.499,33.038,TBLP_PBO,-8.675,2.169,1.8,1.72,1,0,1,
244.372,33.045,STJO_PBO,-11.281,15.244,0.4,0.4,1,0,1,
245.173,33.051,GS09_GPS,-3.478,2.626,0.3,0.2,1,0,1,
243.431,33.059,RG23_PBO,-26.984,26.066,0.3,0.3,1,0,1,
244.265,33.07,LOZ1_PBO,-14.236,18.442,0.596,0.577,1,0,1,
243.402,33.074,MIG1_PBO,-27.797,27.88,1.2,1.74,1,0,1,
244.49,33.081,TROP_GPS,-6.579,4.042,0.8,0.8,1,0,1,
242.723,33.13,SHIN_PBO,-29.084,30.186,1.01,1.11,1,0,1,
244.657,33.144,GS01_GPS,-3.976,1.538,0.6,0.6,1,0,1,
243.753,33.16,P528_PBO,-23.474,24.356,0.94,1.03,1,0,1,
244.112,33.177,P524_PBO,-15.159,16.273,0.94,0.97,1,0,1,
244.138,33.179,LOWS_PBO,-15.889,14.492,1.56,1.51,1,0,1,
244.593,33.196,LOWS_PBO,-3.147,3.095,1.05,0.98,1,0,1,
244.388,33.2,KELY_PBO,-8.963,0.209,0.602,0.644,1,0,1,
243.591,33.21,RG24_PBO,-26.278,24.363,1.2,1.2,1,0,1,
243.475,33.211,P146_PBO,-24.873,26.527,1.08,1.1,1,0,1,
244.481,33.231,P527_PBO,-5.045,1.399,1.04,1.03,1,0,1,
240.521,33.232,DRAO_PBO,-31.04,35.542,0.89,0.91,1,0,1,
243.307,33.234,P293_PBO,-26.733,27.363,1.01,1.1,1,0,1,
242.928,33.236,P033_PBO,-27.279,26.878,0.2,0.9,1,0,1,
243.329,33.24,RG17_PBO,-26.078,24.969,0.4,0.3,1,0,1,
240.476,33.248,POTB_GPS,-31.784,34.473,0.416,0.404,1,0,1,
244.571,33.248,3188_GPS,-4.873,1.94,0.4,0.4,1,0,1,
243.678,33.26,P054_PBO,-23.476,22.06,0.3,0.3,1,0,1,
244.479,33.275,OVRU_GPS,-6.872,1.742,0.3,0.5,1,0,1,
244.022,33.292,HDIL_PBO,-13.573,16.453,0.2,0.2,1,0,1,
241.666,33.312,P089_PBO,-29.881,32.007,0.2,0.2,1,0,1,
242.841,33.332,P514_PBO,-26.545,29.301,1.26,1.44,1,0,1,
242.751,33.355,RG01_PBO,-27.606,27.439,0.626,0.654,1,0,1,
243.14,33.357,GR8V_PBO,-25.496,27.04,1,1.02,1,0,1,
242.435,33.375,HUNT_PBO,-27.443,29.967,0.97,1.02,1,0,1,
243.379,33.376,P120_PBO,-24.473,22.967,0.4,0.4,1,0,1,
243.297,33.382,P297_PBO,-25.094,27.284,0.96,1,1,0,1,
244.212,33.39,VNDP_PBO,-11.776,9.899,0.86,0.88,1,0,1,
241.595,33.407,P449_PBO,-29.362,33.79,0.86,0.92,1,0,1,
244.248,33.412,P302_PBO,-10.491,8.198,1.19,1.22,1,0,1,
276.527,33.415,WILD_GPS,-3.377,-1.22,1.9,1.8,1,0,1,
244.313,33.424,THU3_PBO,-5.868,3.346,1,0.9,1,0,1,
244.23,33.427,P252_PBO,-8.627,8.339,1.3,1.27,1,0,1,
244.322,33.427,P249_PBO,-6.999,3.485,0.92,0.94,1,0,1,
244.167,33.429,P174_PBO,-11.445,9.451,0.97,0.98,1,0,1,
242.855,33.43,MIDA_PBO,-27.159,27.601,0.98,1.04,1,0,1,
242.81,33.44,P031_PBO,-27.273,27.281,0.4,0.4,1,0,1,
243.939,33.441,P140_PBO,-12.295,16.929,1.05,1.05,1,0,1,
244.217,33.441,P278_PBO,-10.523,8.679,1.07,1.12,1,0,1,
242.365,33.444,GR8V_PBO,-28.723,31.06,1.02,1.04,1,0,1,
241.517,33.446,P109_PBO,-29.873,32.636,0.52,0.55,1,0,1,
242.291,33.464,CARH_PBO,-28.115,30.922,0.95,0.98,1,0,1,
243.068,33.468,LAND_PBO,-24.325,27.072,1.16,1.25,1,0,1,
242.32,33.469,CAND_PBO,-27.775,29.841,0.94,0.96,1,0,1,
240.959,33.472,P543_PBO,-31.318,35.145,0.93,0.98,1,0,1,
240.97,33.48,P084_PBO,-30.978,33.823,0.2,0.3,1,0,1,
243.164,33.484,POMM_PBO,-24.013,27.239,1.08,1.14,1,0,1,
243.217,33.493,RG16_PBO,-23.769,22.971,0.8,0.5,1,0,1,
242.887,33.503,P053_PBO,-24.97,24.879,0.4,0.4,1,0,1,
244.086,33.503,P444_PBO,-12.313,7.904,1.06,1.02,1,0,1,
242.811,33.505,LAND_PBO,-25.598,28.232,1.16,1.15,1,0,1,
244.234,33.516,GODE_PBO,-8.565,4.148,0.5,0.5,1,0,1,
243.574,33.523,RG08_PBO,-18.172,17.873,0.607,0.62,1,0,1,
243.411,33.527,USLO_PBO,-20.219,23.959,1.01,1.05,1,0,1,
243.299,33.543,P306_PBO,-21.691,24.954,0.97,0.99,1,0,1,
243.265,33.545,HOGS_PBO,-21.87,25.815,1.01,1.06,1,0,1,
243.283,33.55,P513_PBO,-21.829,25.884,0.98,1.02,1,0,1,
243.387,33.55,USLO_PBO,-19.132,23.64,1.04,1.08,1,0,1,
242.339,33.553,TSWY_PBO,-27.57,28.391,0.2,0.2,1,0,1,
243.426,33.553,P445_PBO,-18.982,22.159,0.9,0.93,1,0,1,
242.284,33.554,MNMC_PBO,-28.241,30.663,1.08,0.99,1,0,1,
243.311,33.555,P287_PBO,-20.959,25.523,1.15,1.18,1,0,1,
243.338,33.556,P303_PBO,-20.779,24.892,0.89,0.91,1,0,1,
243.366,33.557,P299_PBO,-20.55,24.921,1.05,1.08,1,0,1,
243.429,33.561,P301_PBO,-18.77,20.279,1.44,1.67,1,0,1,
242.459,33.562,LKWY_PBO,-26.47,26.289,0.5,0.6,1,0,1,
243.442,33.562,P289_PBO,-17.12,22.638,1.25,1.33,1,0,1,
243.421,33.564,CRBT_PBO,-20.039,22.209,1.24,1.27,1,0,1,
243.397,33.565,SC00_PBO,-19.758,23.49,1.16,1.2,1,0,1,
243.404,33.568,P290_PBO,-18.738,22.95,1.05,1.08,1,0,1,
243.483,33.571,MEE1_PBO,-17.989,22.267,1.01,1.05,1,0,1,
243.502,33.571,MEE2_PBO,-16.63,19.896,1.17,1.21,1,0,1,
243.553,33.574,P525_PBO,-16.56,18.434,1.12,1.14,1,0,1,
243.773,33.575,P039_PBO,-15.164,14.858,0.4,0.4,1,0,1,
242.935,33.578,P032_PBO,-25.467,25.678,0.2,0.3,1,0,1,
243.516,33.581,P148_PBO,-16.707,19.395,1.02,1.07,1,0,1,
243.57,33.584,GOBS_PBO,-15.618,19.483,0.96,1,1,0,1,
243.562,33.599,P284_PBO,-16.764,21.084,1.17,1.18,1,0,1,
242.184,33.602,P294_PBO,-28.326,30.807,1.24,1.26,1,0,1,
243.523,33.603,P295_PBO,-16.332,20.605,1.18,1.15,1,0,1,
243.541,33.609,P523_PBO,-16.191,18.364,0.95,0.92,1,0,1,
243.58,33.609,P065_PBO,-16.452,21.363,1.65,1.59,1,0,1,
245.011,33.609,P428_PBO,-2.121,0.93,1.79,1.72,1,0,1,
245.285,33.61,P228_PBO,-2.868,1.42,0.8,0.81,1,0,1,
243.39,33.611,MEE1_PBO,-18.266,22.65,0.81,0.83,1,0,1,
243.542,33.612,P526_PBO,-16.39,19.534,0.8,0.82,1,0,1,
243.992,33.612,P260_PBO,-8.992,7.657,1.05,1.07,1,0,1,
242.197,33.618,MASW_PBO,-26.112,29.436,0.85,0.88,1,0,1,
243.32,33.619,CRBT_PBO,-19.062,23.293,0.99,1.06,1,0,1,
242.645,33.62,P530_PBO,-25.484,28.329,1.15,1.24,1,0,1,
243.538,33.62,P288_PBO,-15.698,18.505,0.94,1,1,0,1,
243.589,33.623,P309_PBO,-18.068,19.863,1.43,1.41,1,0,1,
243.84,33.628,P067_PBO,-12.114,13.243,1.28,1.19,1,0,1,
243.152,33.63,P531_PBO,-22.225,26.429,1.05,1.12,1,0,1,
242.914,33.636,RNCH_PBO,-23.507,27.278,1.03,1.07,1,0,1,
243.726,33.639,P285_PBO,-12.678,15.897,1.05,1.08,1,0,1,
244.138,33.64,P276_PBO,-5.159,3.792,1.64,1.66,1,0,1,
243.41,33.646,P063_PBO,-17.397,20.999,0.94,0.95,1,0,1,
242.588,33.648,P709_PBO,-25.666,26.886,0.2,0.2,1,0,1,
244.28,33.664,P175_PBO,-4.176,1.817,0.86,0.88,1,0,1,
244.036,33.677,P259_PBO,-7.076,4.596,1.18,1.38,1,0,1,
244.757,33.681,P432_PBO,-3.575,1.679,1.24,1.06,1,0,1,
243.528,33.684,P576_PBO,-14.991,19.665,0.97,0.97,1,0,1,
243.609,33.688,P576_PBO,-13.052,17.582,0.97,1,1,0,1,
244.365,33.705,ALRT_PBO,-5.858,2.745,0.2,0.3,1,0,1,
242.465,33.709,REDM_PBO,-25.575,26.776,1.12,1.1,1,0,1,
241.706,33.713,P544_PBO,-28.534,30.755,1.02,1.05,1,0,1,
243.288,33.714,S300_PBO,-18.236,22.384,0.96,1,1,0,1,
243.701,33.714,P387_PBO,-12.727,15.788,0.93,0.94,1,0,1,
244.6,33.715,P442_PBO,-2.082,1.145,1.03,0.96,1,0,1,
243.288,33.733,RG11_PBO,-18.36,19.87,0.4,0.3,1,0,1,
243.842,33.74,P232_PBO,-9.384,9.553,0.99,1.02,1,0,1,
244.179,33.741,ALGO_PBO,-6.357,2.849,0.9,1,1,0,1,
242.091,33.748,QCYN_PBO,-26.885,29.95,1.09,1.23,1,0,1,
243.829,33.749,P234_PBO,-8.772,10.324,0.97,0.99,1,0,1,
243.719,33.75,P241_PBO,-11.148,14.008,1.06,1.05,1,0,1,
241.679,33.774,HEBE_PBO,-28.881,29.721,0.587,0.596,1,0,1,
241.628,33.779,P725_PBO,-27.745,29.748,1.12,1.14,1,0,1,
243.223,33.794,P255_PBO,-14.893,23.407,1.03,1.06,1,0,1,
242.768,33.796,P258_PBO,-23.02,25.864,1.17,1.12,1,0,1,
241.669,33.798,CRU1_PBO,-28.521,30.387,0.91,0.94,1,0,1,
243.825,33.81,P256_PBO,-7.445,8.164,1.05,1.05,1,0,1,
241.727,33.824,P676_PBO,-27.564,28.705,0.574,0.6,1,0,1,
244.236,33.834,P268_PBO,-1.9,2.868,1.13,1.13,1,0,1,
242.818,33.836,P107_PBO,-22.655,24.236,0.574,0.557,1,0,1,
242.691,33.837,P243_PBO,-23.408,26.257,0.97,1.07,1,0,1,
242.402,33.847,P275_PBO,-25.267,26.788,0.92,0.96,1,0,1,
242.563,33.857,WLWY_PBO,-24.054,25.669,0.505,0.512,1,0,1,
242.391,33.858,HVWY_PBO,-24.859,25.79,0.2,0.2,1,0,1,
242.135,33.863,P247_PBO,-26.296,25.778,1.04,1.07,1,0,1,
243.788,33.866,P040_PBO,-9.654,9.558,0.3,0.4,1,0,1,
242.453,33.884,MDMT_PBO,-24.609,26.506,0.93,0.96,1,0,1,
244.704,33.887,GS03_GPS,-4.55,0.637,0.4,0.4,1,0,1,
241.671,33.887,FORE_PBO,-27.654,29.122,0.589,0.596,1,0,1,
243.048,33.893,RG21_PBO,-17.756,19.475,0.3,0.3,1,0,1,
242.262,33.914,P250_PBO,-25.616,26.334,0.86,0.88,1,0,1,
242.682,33.918,P718_PBO,-23.456,24.484,0.2,0.2,1,0,1,
241.693,33.928,P118_PBO,-27.628,27.356,0.709,0.712,1,0,1,
243.608,33.935,P673_PBO,-10.546,17.902,0.93,0.95,1,0,1,
239.894,33.951,RCA2_PBO,-30.864,36.098,0.94,0.93,1,0,1,
241.572,33.958,P519_PBO,-27.816,28.301,1.16,1.18,1,0,1,
243.92,33.959,RESO_PBO,-6.55,5.455,0.9,1,1,0,1,
241.905,33.962,P008_PBO,-28.858,30.001,0.3,0.5,1,0,1,
244.001,33.974,P217_PBO,-4.757,4.357,1.57,1.7,1,0,1,
242.451,33.975,P237_PBO,-24.234,26.006,1.11,1.14,1,0,1,
242.151,33.993,P710_PBO,-25.589,25.572,0.545,0.55,1,0,1,
240.247,33.995,P139_PBO,-29.811,34.414,0.92,0.92,1,0,1,
244.002,34.001,JFWS_PBO,-5.948,5.653,0.3,0.2,1,0,1,
243.048,34.003,P236_PBO,-14.933,20.713,1.09,1.1,1,0,1,
239.935,34.004,GLRS_PBO,-31.465,35.646,0.2,0.2,1,0,1,
242.861,34.014,HCRO_PBO,-17.055,21.21,0.94,0.99,1,0,1,
240.637,34.015,YELL_PBO,-30.861,35.831,0.4,1.2,1,0,1,
242.487,34.018,P273_PBO,-22.734,24.555,1.02,1.05,1,0,1,
241.974,34.019,AHID_PBO,-27.755,25.1,0.3,0.6,1,0,1,
242.896,34.022,P674_PBO,-17.684,20.569,1.08,1.11,1,0,1,
241.651,34.024,P360_PBO,-27.257,26.607,0.4,0.4,1,0,1,
240.215,34.029,P019_PBO,-30.977,35.222,0.579,0.572,1,0,1,
242.557,34.032,P180_PBO,-23.122,24.682,0.92,0.93,1,0,1,
239.649,34.038,P610_PBO,-31.665,36.453,0.3,0.3,1,0,1,
242.9,34.039,P235_PBO,-18.89,19.999,0.83,0.86,1,0,1,
244.773,34.04,P211_PBO,-0.711,1.039,1.83,1.76,1,0,1,
242.116,34.042,P244_PBO,-22.178,24.849,1.4,1.18,1,0,1,
245.519,34.044,P218_PBO,-0.91,1.221,1.21,0.99,1,0,1,
241.354,34.059,SLID_PBO,-28.523,29.879,0.87,0.9,1,0,1,
242.734,34.063,P240_PBO,-21.669,23.495,1.54,1.75,1,0,1,
253.033,34.068,Z264_GPS,-0.824,-1.161,0.8,0.7,1,0,1,
241.558,34.069,P547_PBO,-27.226,27.771,0.86,0.89,1,0,1,
241.767,34.072,P458_PBO,-26.954,24.505,0.3,0.3,1,0,1,
242.47,34.077,P233_PBO,-23.348,25.685,1.17,1.2,1,0,1,
241.891,34.089,P251_PBO,-24.239,24.478,1.19,1.21,1,0,1,
242.647,34.089,P672_PBO,-22.069,22.249,0.96,0.99,1,0,1,
241.587,34.095,BBID_PBO,-28.377,26.224,0.566,0.572,1,0,1,
242.474,34.104,P720_PBO,-23.951,22.688,0.2,0.2,1,0,1,
241.063,34.11,P104_PBO,-29.156,30.321,0.3,0.2,1,0,1,
242.311,34.121,P238_PBO,-23.962,22.612,1.07,1.11,1,0,1,
243.63,34.124,P042_PBO,-7.045,11.662,0.2,0.2,1,0,1,
242.104,34.126,P459_PBO,-25.493,23.838,0.652,0.555,1,0,1,
241.486,34.126,P683_PBO,-27.254,28.011,0.3,0.3,1,0,1,
241.793,34.129,P541_PBO,-27.186,24.512,1.15,1.17,1,0,1,
242.246,34.133,TUF1_PBO,-24.824,23.004,0.57,0.574,1,0,1,
241.678,34.135,BBDM_PBO,-27.511,25.886,0.86,0.89,1,0,1,
242.503,34.136,P242_PBO,-22.843,21.134,1.69,1.87,1,0,1,
241.873,34.137,P448_PBO,-26.016,24.639,0.84,0.87,1,0,1,
242.274,34.137,P274_PBO,-24.367,21.493,1.21,1.2,1,0,1,
241.37,34.139,COON_PBO,-28.238,29.232,0.561,0.566,1,0,1,
256.593,34.147,Y109_GPS,-1.217,-0.346,0.5,0.5,1,0,1,
241.17,34.157,COPR_PBO,-29.142,30.306,0.86,0.89,1,0,1,
244.855,34.158,BM25_GPS,-2.556,0.639,0.589,0.572,1,0,1,
240.961,34.168,P047_PBO,-29.354,30.923,0.3,0.2,1,0,1,
242.395,34.172,P257_PBO,-22.641,23.158,1.21,1.24,1,0,1,
241.78,34.179,P457_PBO,-26.451,24.204,0.3,0.2,1,0,1,
241.438,34.179,P537_PBO,-26.753,30.876,0.99,1,1,0,1,
241.425,34.182,EOUT_PBO,-27.367,28.474,0.577,0.581,1,0,1,
241.723,34.185,FGST_PBO,-27.119,24.555,0.86,0.89,1,0,1,
242.684,34.187,P012_PBO,-18.247,17.384,0.5,0.8,1,0,1,
245.401,34.189,FORK_GGE,-3.637,0.42,0.4,0.4,1,0,1,
241.457,34.202,P017_PBO,-26.457,30.475,0.99,1,1,0,1,
242.496,34.212,P254_PBO,-20.773,20.564,1.08,1.09,1,0,1,
243.463,34.217,P036_PBO,-8.943,13.165,1.1,1.1,1,0,1,
241.324,34.236,P227_PBO,-27.485,30.34,0.88,0.91,1,0,1,
242.035,34.244,OFW2_PBO,-24.847,22.398,0.6,1.1,1,0,1,
241.163,34.248,P105_PBO,-28.469,30.023,0.592,0.618,1,0,1,
243.947,34.251,NLIB_PBO,-3.74,4.454,0.2,0.2,1,0,1,
241.476,34.254,SUTB_PBO,-27.004,26.394,0.9,0.93,1,0,1,
243.721,34.255,P044_PBO,-5.921,5.183,0.707,0.629,1,0,1,
241.359,34.257,P171_PBO,-27.81,29.939,0.84,0.87,1,0,1,
241.489,34.258,P267_PBO,-24.993,26.514,1.11,1.16,1,0,1,
249.991,34.264,HOLD_GPS,-1.722,-0.188,0.5,0.4,1,0,1,
243.116,34.264,RG15_PBO,-12.942,14.774,0.3,0.3,1,0,1,
243.567,34.267,P041_PBO,-6.004,10.248,0.698,0.7,1,0,1,
240.762,34.276,GNPS_PBO,-31.052,29.428,0.2,0.5,1,0,1,
242.708,34.281,P427_PBO,-17.73,19.046,0.95,0.98,1,0,1,
241.812,34.293,P101_PBO,-25.647,23.304,0.3,0.3,1,0,1,
241.515,34.293,P088_PBO,-26.401,24.246,0.561,0.566,1,0,1,
241.122,34.296,P045_PBO,-28.916,29.444,0.594,0.598,1,0,1,
251.881,34.301,P439_PBO,-0.892,-0.221,0.405,0.405,1,0,1,
242.681,34.305,P011_PBO,-16.743,16.384,0.3,0.4,1,0,1,
245.811,34.309,TTAP_GPS,-2.332,2.911,0.2,0.2,1,0,1,
240.936,34.32,P100_PBO,-29.249,30.324,0.3,0.3,1,0,1,
240.858,34.327,FOOT_PBO,-28.889,29.202,0.656,0.64,1,0,1,
241.399,34.33,P226_PBO,-30.291,24.067,1.25,1.28,1,0,1,
241.399,34.331,P348_PBO,-28.021,26.197,0.81,0.84,1,0,1,
241.974,34.333,P208_PBO,-24.406,22.685,0.84,0.88,1,0,1,
242.549,34.347,P705_PBO,-17.718,18.752,0.91,0.94,1,0,1,
241.589,34.353,LKCP_PBO,-26.28,24.49,0.87,0.9,1,0,1,
241.116,34.356,P681_PBO,-28.247,28.82,0.3,0.3,1,0,1,
242.395,34.362,SEAT_PBO,-17.32,22.048,1.84,1.6,1,0,1,
243.917,34.367,DUBO_PBO,-2.836,4.355,0.2,0.2,1,0,1,
244.082,34.37,GOGA_PBO,-2.935,2.651,0.3,0.2,1,0,1,
242.322,34.382,TIVA_GLA,-20.099,19.628,0.721,0.721,1,0,1,
240.992,34.399,CEDA_PBO,-28.046,26.022,1.3,1.4,1,0,1,
240.629,34.408,P623_PBO,-29.647,27.031,0.2,0.3,1,0,1,
242.14,34.413,P349_PBO,-22.189,20.598,1.11,1.14,1,0,1,
240.12,34.415,P510_PBO,-30.649,29.242,0.3,0.2,1,0,1,
244.236,34.426,NRC1_PBO,-3.533,0.848,1.1,1.1,1,0,1,
243.695,34.428,RG13_PBO,-5.735,7.86,0.2,0.3,1,0,1,
243.851,34.43,WMOK_PBO,-2.934,4.156,0.3,0.2,1,0,1,
240.99,34.44,P230_PBO,-29.341,26.294,1.26,1.28,1,0,1,
240.812,34.441,P354_PBO,-28.446,25.027,0.3,0.3,1,0,1,
242.932,34.454,P687_PBO,-15.45,15.068,1.19,0.99,1,0,1,
242.155,34.458,TRND_GPS,-18.278,21.088,0.698,0.698,1,0,1,
241.245,34.46,P122_PBO,-26.543,23.517,0.3,0.4,1,0,1,
243.12,34.462,RG10_PBO,-12.235,11.773,0.5,0.5,1,0,1,
242.606,34.462,P715_PBO,-15.158,14.848,0.682,0.687,1,0,1,
242.846,34.468,P702_PBO,-14.664,14.281,1.01,1.03,1,0,1,
239.318,34.469,P271_PBO,-32.739,34.162,0.85,0.9,1,0,1,
239.867,34.483,P497_PBO,-31.648,33.648,0.2,0.3,1,0,1,
242.235,34.493,P178_PBO,-15.78,18.175,1.35,1.05,1,0,1,
240.286,34.494,P216_PBO,-30.698,30.462,0.96,0.96,1,0,1,
240.859,34.499,P010_PBO,-27.543,23.625,0.3,0.3,1,0,1,
240.28,34.5,P005_PBO,-31.831,30.441,0.656,0.642,1,0,1,
239.801,34.502,P380_PBO,-29.833,33.182,1.03,0.98,1,0,1,
241.879,34.502,P689_PBO,-22.268,20.548,1.12,1.15,1,0,1,
242.077,34.508,P461_PBO,-16.703,18.59,0.57,0.619,1,0,1,
243.852,34.509,KVTX_PBO,-3.431,3.256,0.2,0.3,1,0,1,
242.271,34.51,STMB_PBO,-15.637,16.293,0.5,0.5,1,0,1,
241.387,34.517,P124_PBO,-25.611,21.425,0.606,0.61,1,0,1,
243.708,34.533,MDO1_PBO,-6.431,5.86,0.2,0.2,1,0,1,
242.719,34.535,P051_PBO,-13.834,13.383,0.7,0.5,1,0,1,
242.758,34.537,P060_PBO,-14.413,14.774,1,1.05,1,0,1,
240.816,34.541,P081_PBO,-28.342,24.126,0.3,0.5,1,0,1,
239.384,34.556,OPCX_PBO,-32.538,34.83,0.355,0.359,1,0,1,
240.736,34.566,P266_PBO,-29.5,25.324,1.29,1.17,1,0,1,
241.259,34.569,P231_PBO,-24.969,21.394,0.514,0.494,1,0,1,
239.373,34.571,P210_PBO,-29.703,36.709,1.32,1.23,1,0,1,
240.018,34.582,P508_PBO,-32.544,32.745,0.9,0.5,1,0,1,
239.383,34.593,P215_PBO,-31.057,35.479,1.35,1.23,1,0,1,
243.571,34.594,P037_PBO,-8.129,7.763,0.2,0.2,1,0,1,
240.674,34.6,ECHO_PBO,-29.241,21.43,1.7,1.7,1,0,1,
254.816,34.601,YAMB_GPS,-1.402,-0.103,0.5,0.5,1,0,1,
242.612,34.607,BLW2_PBO,-14.391,15.547,0.552,0.557,1,0,1,
242.89,34.621,RG20_PBO,-13.131,13.479,0.3,0.3,1,0,1,
241.755,34.629,P272_PBO,-19.131,19.353,1.15,1.17,1,0,1,
242.77,34.63,P421_PBO,-12.928,14.004,1.12,1.17,1,0,1,
242.569,34.635,P181_PBO,-14.071,14.932,1.76,1.81,1,0,1,
240.7,34.636,P212_PBO,-27.65,24.475,0.97,0.95,1,0,1,
242.172,34.64,WEIR_PBO,-14.233,15.395,0.2,0.3,1,0,1,
243.375,34.644,RG04_PBO,-10.928,8.768,0.3,0.2,1,0,1,
243.068,34.669,SC01_PBO,-11.928,11.875,0.2,0.2,1,0,1,
243.185,34.675,P034_PBO,-11.528,10.872,0.2,0.2,1,0,1,
240.647,34.683,HLID_PBO,-28.787,24.343,0.644,0.634,1,0,1,
243.791,34.699,FLIN_PBO,-6.025,2.158,0.3,0.5,1,0,1,
244.089,34.727,ACSO_PBO,-4.023,1.551,0.4,0.5,1,0,1,
239.991,34.733,P744_PBO,-30.539,32.045,0.3,0.2,1,0,1,
240.896,34.734,P429_PBO,-24.689,21.027,1.14,1.17,1,0,1,
261.219,34.738,WORD_GNI,-0.996,-1.457,1.1,1.1,1,0,1,
239.721,34.739,P505_PBO,-31.504,34.268,0.598,0.624,1,0,1,
242.294,34.743,TOKE_GPS,-13.129,15.444,0.737,0.733,1,0,1,
242.703,34.749,P200_PBO,-15.284,13.086,1.72,1.72,1,0,1,
243.57,34.755,P035_PBO,-8.623,4.463,0.2,0.2,1,0,1,
241.455,34.771,P719_PBO,-15.431,15.712,0.7,0.8,1,0,1,
244.34,34.784,SCH2_PBO,-3.72,1.045,0.2,0.2,1,0,1,
242.732,34.785,PIE1_PBO,-10.026,11.882,0.6,0.4,1,0,1,
241.152,34.792,P706_PBO,-19.632,19.319,1.4,1.4,1,0,1,
239.743,34.798,P265_PBO,-31.031,34.814,1.26,1.16,1,0,1,
241.107,34.8,P225_PBO,-20.907,19.999,1.01,1.03,1,0,1,
244.673,34.806,PCOL_PBO,-1.434,0.632,1.55,1.26,1,0,1,
245.396,34.807,P379_PBO,-2.714,1.286,1.11,0.98,1,0,1,
241.459,34.822,P117_PBO,-16.529,17.812,0.4,0.5,1,0,1,
240.286,34.823,P431_PBO,-28.409,29.722,0.89,0.92,1,0,1,
243.664,34.829,P055_PBO,-7.321,2.961,0.2,0.2,1,0,1,
242.83,34.834,P199_PBO,-11.715,13.762,1.59,1.73,1,0,1,
241.121,34.835,P057_PBO,-19.73,17.319,0.4,0.5,1,0,1,
241.382,34.839,P116_PBO,-15.629,16.113,0.6,0.6,1,0,1,
240.516,34.852,P270_PBO,-25.237,25.103,1.04,0.98,1,0,1,
240.845,34.856,P677_PBO,-22.431,17.626,1.8,2,1,0,1,
239.76,34.871,HNPS_PBO,-30.435,31.15,1.1,1.1,1,0,1,
241.807,34.875,P119_PBO,-12.826,15.804,0.2,0.2,1,0,1,
239.394,34.894,P385_PBO,-30.686,35.288,0.97,0.96,1,0,1,
243.019,34.904,P426_PBO,-10.521,11.544,0.89,0.91,1,0,1,
242.988,34.919,P026_PBO,-10.02,11.076,0.2,0.2,1,0,1,
242.306,34.925,MAWY_PBO,-11.264,14.707,0.587,0.592,1,0,1,
240.511,34.928,P222_PBO,-23.616,23.373,1.2,1.14,1,0,1,
241.344,34.944,SPIC_PBO,-16.026,14.014,0.6,0.5,1,0,1,
253.541,34.946,Z231_GPS,-1.091,0.027,0.3,0.3,1,0,1,
241.17,34.946,FRED_PBO,-17.326,16.818,0.2,0.3,1,0,1,
239.7,34.96,P229_PBO,-29.106,34.176,1.53,1.43,1,0,1,
240.568,34.96,P262_PBO,-21.149,21.191,0.9,0.91,1,0,1,
242.792,34.975,SNI1_GPS,-9.224,12.368,0.723,0.725,1,0,1,
241.811,34.982,P050_PBO,-11.115,15.289,0.492,0.498,1,0,1,
242.136,34.985,TSWY_GPS,-11.569,15.029,0.702,0.702,1,0,1,
242.457,34.987,P356_PBO,-9.82,12.189,0.4,0.4,1,0,1,
241.794,34.992,VIDA_GPS,-12.529,14.86,0.805,0.802,1,0,1,
240.821,35.002,CHAB_PBO,-15.354,17.63,1.07,1.1,1,0,1,
240.162,35.003,P213_PBO,-27.296,28.747,0.98,1,1,0,1,
242.471,35.007,P440_PBO,-8.908,13.775,1.96,1.48,1,0,1,
241.016,35.011,P455_PBO,-17.225,16.522,0.2,0.3,1,0,1,
239.59,35.011,SLMS_PBO,-29.231,32.354,1.3,1.3,1,0,1,
241.513,35.033,P701_PBO,-14.194,14.873,1.11,1.2,1,0,1,
240.24,35.036,PUPU_PBO,-25.799,25.904,0.89,0.92,1,0,1,
241.994,35.039,P049_PBO,-10.02,12.999,1.2,1.2,1,0,1,
242.427,35.072,P716_PBO,-9.417,11.889,0.5,0.5,1,0,1,
243.585,35.072,P206_PBO,-6.181,2.063,1.09,1.14,1,0,1,
239.933,35.076,P344_PBO,-27.4,30.696,0.94,0.93,1,0,1,
242.409,35.083,THUN_GPS,-10.772,13.997,1.33,1.32,1,0,1,
241.492,35.086,WAS2_GPS,-12.328,14.733,0.7,0.7,1,0,1,
241.843,35.087,P695_PBO,-10.619,14.4,0.97,1,1,0,1,
241.34,35.089,P696_PBO,-13.584,14.7,1.22,1.31,1,0,1,
243.06,35.09,P052_PBO,-7.614,9.275,0.2,0.2,1,0,1,
239.617,35.106,OPBL_PBO,-30.028,30.554,0.6,0.6,1,0,1,
242.102,35.115,TURN_GPS,-10.842,14.191,0.707,0.709,1,0,1,
241.705,35.121,P697_PBO,-11.336,14.025,1.21,1.32,1,0,1,
252.12,35.132,SHOS_GPS,-0.987,0.461,1.2,0.9,1,0,1,
241.591,35.134,WILL_PBO,-10.199,13.55,1.08,1.21,1,0,1,
241.33,35.138,P698_PBO,-13.951,13.44,0.99,1.08,1,0,1,
241.388,35.139,P108_PBO,-13.519,12.213,1.2,1.2,1,0,1,
244.598,35.142,SEYM_GPS,-2.375,0.701,0.709,0.707,1,0,1,
243.896,35.142,ECSD_PBO,-4.709,0.155,0.5,0.6,1,0,1,
241.984,35.152,P460_PBO,-10.116,12.6,0.5,0.4,1,0,1,
240.652,35.157,P080_PBO,-18.321,14.63,0.2,0.2,1,0,1,
241.585,35.158,HWUT_PBO,-12.517,13.109,0.2,0.2,1,0,1,
244.634,35.163,GS02_GPS,-3.605,0.038,0.6,0.5,1,0,1,
242.958,35.168,SKYO_GPS,-10.024,10.569,1.35,1.36,1,0,1,
244.35,35.205,BRMU_PBO,-4.805,0.045,0.9,1,1,0,1,
243.237,35.205,RG22_PBO,-6.509,5.371,1.1,1.1,1,0,1,
242.495,35.213,STRI_GLA,-9.901,12.249,1.32,1.32,1,0,1,
242.683,35.214,SPAT_GPS,-9.331,12.163,1.32,1.32,1,0,1,
241.068,35.223,WINT_PBO,-12.85,11.241,1.16,1.25,1,0,1,
241.918,35.225,UILA_GPS,-11.608,13.572,0.705,0.705,1,0,1,
239.899,35.235,P621_PBO,-26.222,28.747,1.9,1.9,1,0,1,
241.375,35.274,P694_PBO,-12.295,12.778,0.96,1.02,1,0,1,
239.975,35.28,P506_PBO,-24.62,26.346,1.3,1.4,1,0,1,
243.92,35.287,CHUR_PBO,-4.903,1.155,0.2,0.2,1,0,1,
244.762,35.291,GS15_GPS,-3.4,0.035,0.6,0.5,1,0,1,
239.339,35.312,P600_PBO,-28.822,34.86,0.4,0.5,1,0,1,
240.065,35.317,P501_PBO,-22.018,23.644,1.2,1.4,1,0,1,
240.287,35.319,P614_PBO,-16.017,17.038,1.2,1.3,1,0,1,
243.428,35.321,RG19_PBO,-5.004,2.866,1.1,1.1,1,0,1,
239.455,35.328,MINE_PBO,-27.421,33.257,1.4,1.4,1,0,1,
243.112,35.331,P370_PBO,-5.007,7.375,0.395,0.396,1,0,1,
243.109,35.332,P198_PBO,-5.007,7.375,0.395,0.396,1,0,1,
242.308,35.337,TOBY_GPS,-8.855,12.474,0.686,0.687,1,0,1,
242.317,35.339,NRWY_PBO,-8.608,11.892,0.2,0.2,1,0,1,
247.545,35.342,L166_GPS,-2.39,0.47,0.3,0.2,1,0,1,
239.701,35.346,P693_PBO,-25.74,30.556,1.14,1.08,1,0,1,
239.168,35.359,P264_PBO,-28.812,36.108,0.82,0.86,1,0,1,
242.386,35.366,P412_PBO,-7.998,11.529,1.35,1.15,1,0,1,
242.837,35.375,SMLT_GPS,-6.795,11.52,1.3,1.29,1,0,1,
239.302,35.386,P703_PBO,-27.448,34.942,0.92,0.96,1,0,1,
243.709,35.397,SHIN_GPS,-5.139,0.291,1.32,1.3,1,0,1,
240.606,35.398,CPXX_PBO,-13.59,13.059,0.88,0.88,1,0,1,
240.234,35.414,P261_PBO,-13.755,16.684,1.39,1.19,1,0,1,
240.579,35.419,NDAP_PBO,-13.812,12.132,0.7,0.6,1,0,1,
241.246,35.421,P086_PBO,-12.609,10.017,0.4,0.4,1,0,1,
243.111,35.425,RG07_PBO,-6.511,6.274,0.246,0.259,1,0,1,
243.448,35.426,SHUS_GPS,-4.634,1.925,1.42,1.37,1,0,1,
242.039,35.426,U727_GPS,-11.198,11.82,0.705,0.707,1,0,1,
239.192,35.426,P486_PBO,-29.918,34.063,1.6,1.6,1,0,1,
242.415,35.429,THR3_GPS,-9.122,12.012,0.747,0.75,1,0,1,
242.667,35.434,SPN1_GPS,-8.219,10.032,0.704,0.705,1,0,1,
239.646,35.44,P504_PBO,-27.016,30.153,1.2,1.2,1,0,1,
239.427,35.456,P699_PBO,-27.432,33.707,0.87,0.91,1,0,1,
242.294,35.47,TOMB_GPS,-9.687,11.689,0.7,0.702,1,0,1,
244.456,35.473,ABER_GPS,-3.995,0.042,0.6,0.5,1,0,1,
241.9,35.494,UPSA_GPS,-11.46,11.698,0.7,0.702,1,0,1,
242.294,35.513,P341_PBO,-9.085,11.262,1.38,1.36,1,0,1,
239.887,35.52,P700_PBO,-20.827,25.478,0.95,0.92,1,0,1,
242.851,35.522,SMEL_GPS,-6.988,8.215,0.698,0.698,1,0,1,
239.888,35.534,P102_PBO,-22.011,23.748,1.2,1.2,1,0,1,
244.577,35.541,P414_PBO,-1.892,1.626,1.22,1.53,1,0,1,
239.652,35.544,CRRS_PBO,-24.912,29.853,1.2,1.2,1,0,1,
238.997,35.552,HCMN_PBO,-29.415,34.268,0.6,1.7,1,0,1,
239.547,35.552,SLAC_PBO,-25.419,32.082,0.84,0.87,1,0,1,
242.329,35.565,CAST_PBO,-9.5,10.492,0.2,0.2,1,0,1,
242.443,35.569,T739_GPS,-9.729,10.485,0.7,0.702,1,0,1,
239.999,35.575,P224_PBO,-16.365,19.304,0.96,0.92,1,0,1,
239.707,35.583,P655_PBO,-24.155,29.526,1.42,1.03,1,0,1,
242.541,35.584,STJO_GPS,-8.703,10.695,1.34,1.36,1,0,1,
242.13,35.584,TUCK_GPS,-10.971,11.22,0.702,0.704,1,0,1,
240.146,35.603,P534_PBO,-12.631,15.518,0.92,0.89,1,0,1,
239.739,35.605,P691_PBO,-23.409,27.394,0.83,0.86,1,0,1,
239.654,35.607,SEDR_PBO,-24.847,30.578,1.09,1.01,1,0,1,
242.801,35.615,SNDR_GPS,-7.484,7.983,0.7,0.702,1,0,1,
239.52,35.625,P601_PBO,-25.91,31.456,0.5,0.8,1,0,1,
239.733,35.634,P611_PBO,-22.809,27.751,0.3,0.4,1,0,1,
239.13,35.636,P480_PBO,-26.911,35.465,0.5,1.3,1,0,1,
242.188,35.647,P438_PBO,-9.495,11.416,0.93,0.94,1,0,1,
242.26,35.66,TONA_GPS,-9.932,11.302,0.702,0.702,1,0,1,
241.526,35.662,MPUT_PBO,-11.786,10.431,0.594,0.579,1,0,1,
238.716,35.665,P692_PBO,-29.395,37.577,1,1.01,1,0,1,
241.965,35.668,UCD1_GPS,-10.929,11.659,0.733,0.738,1,0,1,
239.999,35.687,P499_PBO,-13.206,14.645,0.5,0.6,1,0,1,
239.158,35.697,CDMT_PBO,-27.109,33.764,0.3,0.7,1,0,1,
242.597,35.698,P721_PBO,-8.194,7.686,0.6,0.6,1,0,1,
239.818,35.703,P507_PBO,-15.306,18.949,0.4,0.4,1,0,1,
238.939,35.711,P741_PBO,-29.21,35.569,0.6,0.7,1,0,1,
240.262,35.731,P511_PBO,-12.103,11.239,0.5,0.6,1,0,1,
242.458,35.74,SUAA_GPS,-8.598,8.733,1.17,1.17,1,0,1,
240.763,35.744,GOSH_PBO,-14.3,7.828,0.7,1.4,1,0,1,
241.412,35.745,WELK_GPS,-11.829,10.553,0.689,0.689,1,0,1,
239.629,35.748,P075_PBO,-22.805,29.153,1.1,1.1,1,0,1,
239.395,35.754,NBPS_PBO,-26.506,31.659,1.4,1.4,1,0,1,
242.599,35.769,SPRO_GPS,-7.725,8.2,0.7,0.7,1,0,1,
239.249,35.792,SHOS_PBO,-27.005,33.462,0.4,0.5,1,0,1,
239.869,35.801,P498_PBO,-12.402,13.548,0.7,0.8,1,0,1,
242.672,35.813,SPIL_GPS,-6.676,6.721,0.709,0.711,1,0,1,
239.406,35.829,P618_PBO,-25.403,31.959,0.4,0.4,1,0,1,
239.557,35.833,OAES_PBO,-23.602,28.855,0.4,0.3,1,0,1,
242.031,35.845,U73H_GPS,-9.902,11.221,0.735,0.737,1,0,1,
239.521,35.867,BKAP_PBO,-23.201,29.556,0.4,0.3,1,0,1,
243.7,35.867,P204_PBO,-3.537,2.558,1.05,1.09,1,0,1,
241.926,35.878,P680_PBO,-9.99,11.501,0.3,0.6,1,0,1,
239.569,35.888,P074_PBO,-21.993,28.043,0.589,0.762,1,0,1,
239.953,35.889,CPXF_PBO,-8.686,16.016,0.94,0.93,1,0,1,
242.61,35.897,P722_PBO,-8.487,7.385,0.3,0.4,1,0,1,
239.527,35.9,P488_PBO,-22.6,29.156,0.5,0.4,1,0,1,
242.711,35.913,SOOS_GPS,-6.568,6.654,0.698,0.698,1,0,1,
242.518,35.925,STOL_GPS,-8.409,7.081,0.709,0.711,1,0,1,
239.845,35.928,P496_PBO,-9.598,13.049,0.6,0.7,1,0,1,
239.093,35.933,P485_PBO,-29.601,31.566,0.5,0.3,1,0,1,
240.091,35.935,P622_PBO,-9.796,11.443,0.5,0.6,1,0,1,
239.458,35.945,P418_PBO,-23.488,30.76,0.5,0.5,1,0,1,
243.701,35.971,P043_PBO,-4.48,1.16,0.2,0.2,1,0,1,
239.448,35.974,P023_PBO,-29.398,34.258,0.5,0.6,1,0,1,
242.671,35.978,P196_PBO,-6.277,5.778,0.94,0.92,1,0,1,
238.516,35.992,P690_PBO,-29.539,36.375,1.04,1.03,1,0,1,
242.443,36.002,T758_GPS,-7.566,7.524,1.28,1.29,1,0,1,
239.706,36.016,P503_PBO,-9.195,13.552,1.6,1.6,1,0,1,
241.864,36.023,V696_GPS,-9.991,10.155,0.68,0.682,1,0,1,
239.302,36.025,P087_PBO,-32.097,31.661,1,0.4,1,0,1,
240.937,36.027,P113_PBO,-13.189,5.724,0.5,1.1,1,0,1,
252.092,36.032,SILV_GHT,-0.955,-0.338,0.5,1.1,1,0,1,
242.821,36.035,SMYC_GLA,-6.044,5.207,0.698,0.7,1,0,1,
242.056,36.045,U701_GPS,-9.03,10.689,0.752,0.771,1,0,1,
242.478,36.05,A16N_GPS,-7.28,5.84,0.4,0.39,1,0,1,
239.636,36.052,P607_PBO,-8.994,13.653,1.5,1.5,1,0,1,
242.546,36.053,STEV_GPS,-7.043,6.623,0.728,0.728,1,0,1,
238.423,36.055,SC04_PBO,-25.412,33.273,1.8,1.8,1,0,1,
242.116,36.062,TUNG_GPS,-7.775,8.371,1.1,1.11,1,0,1,
242.454,36.067,SUTB_GPS,-7.882,6.753,1.28,1.28,1,0,1,
239.457,36.089,USGC_PBO,-8.994,12.057,1.4,1.5,1,0,1,
242.328,36.094,TILL_GPS,-9.959,6.074,1.14,1.12,1,0,1,
242.368,36.107,TID3_GPS,-8.19,5.99,1.29,1.3,1,0,1,
239.56,36.123,BMHL_PBO,-9.692,11.055,1.1,1.1,1,0,1,
239.121,36.14,CTMS_PBO,-29.994,32.065,0.9,0.7,1,0,1,
242.325,36.15,TIMB_GPS,-8.914,5.348,0.731,0.738,1,0,1,
250.481,36.15,P16X_GPS,-0.753,-0.6,1.2,0.8,1,0,1,
242.59,36.159,P015_PBO,-7.078,4.886,1.2,1.3,1,0,1,
238.863,36.161,RDMT_PBO,-29.594,35.271,1,0.7,1,0,1,
241.273,36.185,WES2_GPS,-11.578,10.421,0.841,0.735,1,0,1,
242.093,36.204,TWIN_GPS,-8.833,8.021,0.696,0.698,1,0,1,
242.244,36.217,TONO_GPS,-7.475,6.811,1.15,1.13,1,0,1,
242.915,36.218,NEAH_GPS,-4.7,2.83,0.4,0.39,1,0,1,
241.233,36.231,P016_PBO,-10.681,8.517,0.5,0.9,1,0,1,
242.417,36.232,TATE_GLA,-7.588,6.121,0.768,0.789,1,0,1,
238.186,36.235,P363_PBO,-27.805,36.243,1.8,1.7,1,0,1,
242.45,36.279,T31N_GPS,-6.633,5.925,0.76,0.781,1,0,1,
238.149,36.288,P316_PBO,-27.798,34.755,1.7,1.7,1,0,1,
240.712,36.289,P345_PBO,-10.836,11.815,1,1.02,1,0,1,
242.826,36.294,SMOK_GPS,-4.505,3.881,0.678,0.682,1,0,1,
238.799,36.294,P317_PBO,-27.701,35.66,1.1,0.9,1,0,1,
239.723,36.304,GMRC_PBO,-14.085,7.451,0.3,0.3,1,0,1,
243.584,36.304,P197_PBO,-2.603,2.023,0.93,1.03,1,0,1,
242.359,36.307,TIGR_GPS,-6.582,5.536,0.673,0.669,1,0,1,
243.35,36.316,NICR_GPS,-3.591,1.061,0.594,0.594,1,0,1,
245.068,36.319,9040_GPS,-3.39,-0.29,0.38,0.37,1,0,1,
244.413,36.32,POIN_GLA,-3.52,-0.51,0.38,0.37,1,0,1,
240.771,36.324,P003_PBO,-11.98,8.127,0.4,0.6,1,0,1,
242.576,36.34,STEA_GPS,-6.362,6.102,0.747,0.763,1,0,1,
242.7,36.349,SOR4_GPS,-4.904,6.12,0.758,0.766,1,0,1,
243.525,36.397,SHLD_GPS,-3.139,1.452,0.695,0.7,1,0,1,
239.584,36.399,BEMT_PBO,-12.082,10.554,0.5,0.6,1,0,1,
242.72,36.402,SOBE_GPS,-5.299,4.383,0.733,0.733,1,0,1,
239.004,36.41,P430_PBO,-10.644,13.498,1,0.7,1,0,1,
239.019,36.417,AGMT_PBO,-12.585,12.467,1.2,1.2,1,0,1,
254.706,36.42,YELL_GPS,-1.637,0.299,0.6,0.3,1,0,1,
238.677,36.42,P187_PBO,-26.289,36.596,0.8,0.7,1,0,1,
238.865,36.426,P484_PBO,-28.885,32.871,1.1,1.1,1,0,1,
256.846,36.448,WSLR_GPS,-0.934,-0.052,0.5,0.4,1,0,1,
238.071,36.449,PTSG_PBO,-29.472,36.677,1.8,1.7,1,0,1,
243.901,36.459,GP17_GPS,-3.32,-0.26,0.38,0.37,1,0,1,
241.868,36.466,V546_GPS,-9.532,9.371,1.01,0.98,1,0,1,
238.207,36.486,P472_PBO,-29.786,35.986,0.3,0.8,1,0,1,
238.571,36.493,P324_PBO,-29.288,34.828,0.7,0.6,1,0,1,
242.388,36.497,TIBB_GPS,-6.008,5.568,1.06,1.07,1,0,1,
239.646,36.501,KTBW_PBO,-7.627,10.478,1.24,1.05,1,0,1,
242.439,36.519,TAHU_GPS,-5.476,3.964,1.06,1.06,1,0,1,
242.46,36.532,STRP_GNI,-5.742,4.442,1.06,1.05,1,0,1,
242.213,36.538,TRIA_GPS,-7.687,6.259,0.726,0.742,1,0,1,
238.372,36.54,P315_PBO,-26.406,32.588,1.8,1.8,1,0,1,
242.788,36.543,SOAM_GPS,-4.426,3.724,0.763,0.77,1,0,1,
238.812,36.56,P462_PBO,-28.581,33.572,1.1,1.1,1,0,1,
238.816,36.571,P186_PBO,-29.534,34.854,0.9,0.9,1,0,1,
242.521,36.572,STNN_GPS,-5.277,4.147,1.06,1.05,1,0,1,
243.88,36.58,MACK_GPS,-3.17,-0.32,0.38,0.37,1,0,1,
238.228,36.589,P325_PBO,-26.816,37.331,1.2,1.1,1,0,1,
241.881,36.603,V357_GPS,-8.723,8.254,0.696,0.698,1,0,1,
242.853,36.606,SLVR_GPS,-4.935,3.43,0.757,0.763,1,0,1,
238.936,36.612,P599_PBO,-11.878,7.569,1.1,1.1,1,0,1,
238.095,36.622,P002_PBO,-30.582,35.788,1.7,1.8,1,0,1,
244.021,36.633,JHRT_GPS,-3.24,-0.55,0.38,0.37,1,0,1,
254.089,36.635,YOUB_GPS,-0.73,-0.486,1.1,0.8,1,0,1,
239.381,36.635,P066_PBO,-12.175,8.559,0.5,0.3,1,0,1,
243.662,36.645,QUIL_GPS,-3.23,0.15,0.38,0.37,1,0,1,
243.837,36.69,SHEP_GPS,-1.554,1.111,0.753,0.758,1,0,1,
238.73,36.696,P313_PBO,-17.318,19.78,0.9,0.9,1,0,1,
238.334,36.698,P415_PBO,-28.375,33.499,1.4,0.8,1,0,1,
238.341,36.722,P059_PBO,-30.169,34.697,1.6,0.8,1,0,1,
243.022,36.724,SKUL_GLA,-3.242,2.544,0.718,0.725,1,0,1,
243.789,36.73,PGC4_GPS,-3.47,-0.2,0.38,0.37,1,0,1,
240.882,36.738,P420_PBO,-9.374,11.598,1.1,1.03,1,0,1,
239.643,36.739,ELKO_PBO,-11.27,9.053,0.6,0.7,1,0,1,
243.549,36.745,BEAV_GPS,-3.49,0.12,0.38,0.37,1,0,1,
243.692,36.746,HRMA_GPS,-3.33,-0.19,0.38,0.37,1,0,1,
243.234,36.747,BRIB_GPS,-3.6,0.56,0.38,0.37,1,0,1,
238.201,36.749,P169_PBO,-31.883,35.539,0.7,0.7,1,0,1,
242.454,36.759,T31N_GNI,-4.609,3.783,1.04,1.01,1,0,1,
238.25,36.763,P167_PBO,-28.173,33.425,0.6,0.5,1,0,1,
241.815,36.781,P337_PBO,-6.608,8.591,1.22,1.01,1,0,1,
238.332,36.791,P185_PBO,-28.955,33.099,0.6,0.5,1,0,1,
243.071,36.792,SKIL_GPS,-4.106,2.72,0.758,0.775,1,0,1,
238.675,36.793,P191_PBO,-12.203,12.496,0.6,0.6,1,0,1,
239.257,36.806,OPRD_PBO,-10.87,8.362,0.5,0.3,1,0,1,
243.431,36.808,CAST_GPS,-3.39,0.28,0.38,0.37,1,0,1,
243.425,36.809,SILV_GPS,-3.124,1.908,1.37,1.37,1,0,1,
238.268,36.816,TOIY_PBO,-29.374,32.484,0.8,0.4,1,0,1,
243.254,36.828,SIST_GPS,-3.074,2.929,0.779,0.797,1,0,1,
243.532,36.84,N274_GPS,-3.256,-1.988,1.014,1.016,1,0,1,
238.229,36.846,P168_PBO,-28.557,32.43,0.7,0.6,1,0,1,
243.138,36.858,SITA_GPS,-3.431,2.976,0.75,0.766,1,0,1,
238.409,36.859,GOLD_PBO,-27.972,30.181,1.2,1.2,1,0,1,
242.5,36.865,STRA_GPS,-3.966,3.879,1.02,1.01,1,0,1,
238.432,36.873,P326_PBO,-24.621,27.57,0.6,0.6,1,0,1,
238.415,36.887,SC03_PBO,-23.12,28.375,0.6,0.6,1,0,1,
243.319,36.889,SISK_GPS,-4.246,1.507,1.37,1.38,1,0,1,
238.701,36.9,P374_PBO,-11.875,9.589,0.6,0.6,1,0,1,
238.538,36.909,P179_PBO,-17.296,20.538,0.7,0.7,1,0,1,
241.899,36.914,V162_GPS,-8.215,6.223,0.691,0.693,1,0,1,
238.327,36.914,TPW2_PBO,-26.527,31.601,0.7,0.6,1,0,1,
243.739,36.943,SHER_GPS,-1.685,1.663,0.752,0.753,1,0,1,
238.126,36.946,P403_PBO,-27.95,32.961,0.6,0.6,1,0,1,
239.942,36.947,P076_PBO,-12.861,9.646,1.1,0.7,1,0,1,
237.948,36.95,AC61_PBO,-29.576,33.914,0.5,0.5,1,0,1,
238.537,36.954,P615_PBO,-19.068,18.578,0.7,1,1,0,1,
238.137,36.962,PPBF_PBO,-27.97,30.887,1.3,1.3,1,0,1,
241.882,36.976,P686_PBO,-8.152,5.202,1.6,1.7,1,0,1,
237.944,36.978,AC64_PBO,-29.77,33.115,1.2,1.2,1,0,1,
241.712,36.979,W072_GPS,-8.809,7.734,1.05,1.03,1,0,1,
238.384,36.98,P184_PBO,-20.103,22.584,0.5,0.5,1,0,1,
238.076,36.982,P162_PBO,-28.749,32.476,0.5,0.5,1,0,1,
247.501,36.988,E518_GPS,-1.83,-0.24,0.384,0.412,1,0,1,
242.64,36.992,SPOO_GPS,-3.753,2.477,1.03,1.01,1,0,1,
237.948,36.993,AC65_PBO,-26.366,33.914,1.2,1.2,1,0,1,
243.851,36.994,P377_PBO,-1.687,0.453,1.04,1.03,1,0,1,
238.08,37.004,P362_PBO,-26.244,32.674,0.5,0.5,1,0,1,
238.458,37.008,BBRY_PBO,-20.667,22.98,0.9,0.6,1,0,1,
238.712,37.008,P314_PBO,-14.048,12.685,0.6,0.6,1,0,1,
238.645,37.011,P085_PBO,-13.566,9.076,0.5,0.5,1,0,1,
238.167,37.012,P163_PBO,-25.229,31.449,0.5,0.5,1,0,1,
238.062,37.047,P402_PBO,-26.537,31.38,0.6,0.6,1,0,1,
238.161,37.05,NEWP_PBO,-25.121,29.551,0.7,0.7,1,0,1,
239.295,37.054,P025_PBO,-11.061,8.561,0.5,0.4,1,0,1,
238.006,37.059,AB50_PBO,-26.242,33.497,0.5,0.5,1,0,1,
242.714,37.061,SODB_GPS,-3.346,2.691,1.01,0.99,1,0,1,
238.191,37.069,CHZZ_PBO,-22.612,28.241,0.5,0.5,1,0,1,
238.039,37.073,AIS1_PBO,-25.034,31.987,0.5,0.5,1,0,1,
238.94,37.08,ALBH_PBO,-11.897,7.916,0.5,0.5,1,0,1,
240.254,37.089,P500_PBO,-10.655,8.739,1.5,1.6,1,0,1,
242.013,37.092,U76A_GPS,-6.94,6.69,1.34,1.34,1,0,1,
237.941,37.099,AC77_PBO,-23.643,33.716,1.1,1.2,1,0,1,
238.349,37.104,LNMT_PBO,-21.464,22.082,0.5,0.7,1,0,1,
238.091,37.104,PABH_PBO,-24.219,28.672,0.6,0.6,1,0,1,
238.053,37.11,P401_PBO,-25.423,28.183,0.5,0.4,1,0,1,
238.156,37.111,P058_PBO,-21.707,26.352,0.6,0.6,1,0,1,
238.212,37.137,P398_PBO,-22.293,24.536,0.5,0.6,1,0,1,
237.805,37.147,AC15_PBO,-28.153,33.856,0.5,0.5,1,0,1,
238.074,37.166,PRAI_GPS,-21.958,25.524,0.477,0.476,1,0,1,
240.69,37.17,MDLK_GPS,-11.115,8.876,0.379,0.393,1,0,1,
238.942,37.17,LDES_PBO,-11.358,7.869,0.5,0.6,1,0,1,
238.027,37.18,AB49_PBO,-22.312,26.29,1.1,1.1,1,0,1,
237.605,37.183,AV05_PBO,-28.575,35.616,0.6,0.6,1,0,1,
238.294,37.184,P165_PBO,-19.37,21.111,1.5,1.6,1,0,1,
238.004,37.185,BIS1_PBO,-22.214,27.597,0.4,0.4,1,0,1,
238.217,37.186,P156_PBO,-22.082,22.634,0.5,0.5,1,0,1,
237.61,37.187,MENZ_GPS,-28.966,35.352,0.433,0.43,1,0,1,
242.296,37.201,PCLN_PBO,-6.242,1.792,1.8,1.9,1,0,1,
238.009,37.202,P474_PBO,-22.562,27.09,0.7,0.4,1,0,1,
238.286,37.204,P422_PBO,-21.461,22.084,1.2,0.7,1,0,1,
238.023,37.206,INVK_PBO,-21.606,26.391,0.5,0.5,1,0,1,
237.977,37.217,AB42_PBO,-22.21,27.705,0.5,0.5,1,0,1,
242.863,37.218,SLID_GPS,-3.179,2.008,1.04,1.02,1,0,1,
238.262,37.219,P166_PBO,-21.367,21.921,0.5,0.5,1,0,1,
237.641,37.228,AC38_PBO,-29.659,34.405,0.6,0.7,1,0,1,
238.286,37.229,P395_PBO,-20.961,21.613,0.6,0.5,1,0,1,
241.706,37.233,WALA_GPS,-7.627,7.205,0.682,0.684,1,0,1,
238.034,37.247,AB51_PBO,-20.895,24.689,0.8,0.8,1,0,1,
241.848,37.271,VANC_GPS,-7.143,5.337,0.716,0.718,1,0,1,
237.716,37.274,AC39_PBO,-24.937,33.883,0.9,1,1,0,1,
238.135,37.287,ISLE_GPS,-20.35,22.834,0.456,0.453,1,0,1,
237.847,37.29,PBOC_PBO,-23.714,29.444,0.7,0.7,1,0,1,
237.784,37.312,AB33_PBO,-24.918,30.963,0.6,0.7,1,0,1,
237.833,37.324,GRNR_PBO,-23.908,29.148,0.6,0.6,1,0,1,
238.174,37.337,P477_PBO,-22.057,21.186,1.1,1.2,1,0,1,
238.357,37.342,JOHN_GLA,-14.12,10.815,0.37,0.368,1,0,1,
239.803,37.352,P495_PBO,-11.248,7.849,0.5,0.5,1,0,1,
244.842,37.358,1882_GPS,-3.28,-0.16,0.39,0.38,1,0,1,
237.877,37.363,AC70_PBO,-22.193,26.236,0.8,0.9,1,0,1,
237.796,37.417,P092_PBO,-23.956,28.495,0.4,0.3,1,0,1,
237.965,37.426,AB41_PBO,-21.564,23.309,1,1,1,0,1,
237.827,37.427,QUIN_GPS,-22.133,25.52,0.453,0.45,1,0,1,
238.899,37.433,P742_PBO,-12.049,4.47,0.9,0.4,1,0,1,
238.822,37.464,P435_PBO,-11.326,7.652,0.5,0.5,1,0,1,
238.444,37.477,P164_PBO,-13.98,9.166,0.5,0.5,1,0,1,
238.026,37.48,LEV1_PBO,-19.843,23.09,0.6,0.7,1,0,1,
238.133,37.485,JUNC_GPS,-16.218,16.149,0.458,0.456,1,0,1,
238.129,37.499,P160_PBO,-15.423,16.56,0.6,0.6,1,0,1,
238.081,37.507,P161_PBO,-16.329,16.874,1,1.1,1,0,1,
238.625,37.508,P405_PBO,-13.046,8.312,0.5,0.6,1,0,1,
237.496,37.509,AV01_PBO,-26.518,33.248,0.7,0.7,1,0,1,
238.065,37.513,P159_PBO,-16.63,17.679,1,0.8,1,0,1,
237.544,37.527,AV04_PBO,-26.207,31.833,0.6,0.6,1,0,1,
238.048,37.532,NEAH_PBO,-14.528,16.485,1.4,1.4,1,0,1,
238.21,37.533,P478_PBO,-13.749,12.685,0.7,0.7,1,0,1,
237.917,37.539,P592_PBO,-21.251,24.792,0.8,0.4,1,0,1,
238.112,37.54,TRND_PBO,-15.817,16.965,0.6,0.6,1,0,1,
238.13,37.541,P158_PBO,-14.414,18.16,0.6,0.6,1,0,1,
237.905,37.551,AC63_PBO,-21.046,22.627,0.5,0.6,1,0,1,
241.302,37.562,P004_PBO,-2.233,7.815,1.6,1.7,1,0,1,
241.613,37.563,P112_PBO,-5.932,6.108,1.7,1.8,1,0,1,
237.903,37.563,AC62_PBO,-21.043,22.627,0.5,0.6,1,0,1,
241.764,37.572,VLBI_GPS,-5.13,5.167,0.705,0.709,1,0,1,
238.675,37.582,DSSC_PBO,-11.645,8.275,1,1,1,0,1,
241.183,37.591,P115_PBO,-13.033,2.218,1.6,1.6,1,0,1,
237.618,37.592,AV19_PBO,-21.88,28.812,0.7,0.7,1,0,1,
237.998,37.593,GUS2_PBO,-16.122,16.099,1.2,1.1,1,0,1,
238.19,37.594,P061_PBO,-13.493,11.842,0.6,0.6,1,0,1,
238.313,37.602,P584_PBO,-12.047,11.083,0.5,0.5,1,0,1,
237.542,37.609,AV17_PBO,-24.888,30.834,0.6,0.6,1,0,1,
241,37.613,SMEL_PBO,-6.433,8.422,1.6,1.6,1,0,1,
238.297,37.622,P396_PBO,-12.169,11.41,0.8,0.9,1,0,1,
238.06,37.643,P157_PBO,-16.601,16.481,0.6,0.6,1,0,1,
237.989,37.645,AB43_PBO,-17.511,17.202,0.6,0.6,1,0,1,
237.859,37.653,P577_PBO,-19.219,21.004,0.558,0.49,1,0,1,
241.131,37.655,P114_PBO,-6.631,7.219,1.7,1.7,1,0,1,
238.442,37.667,NOMT_GPS,-11.777,8.919,0.437,0.437,1,0,1,
241.18,37.677,FERN_PBO,-5.23,7.518,1.6,1.7,1,0,1,
237.816,37.691,AC20_PBO,-18.928,22.753,0.7,0.7,1,0,1,
238.325,37.694,P397_PBO,-10.85,8.502,1,1.1,1,0,1,
236.999,37.697,DAYV_GPS,-28.543,37.791,0.573,0.571,1,0,1,
241.57,37.71,F279_GPS,-7.419,6.5,1.2,1.1,1,0,1,
238.916,37.711,P617_PBO,-11.54,7.57,1.2,0.6,1,0,1,
237.942,37.714,P586_PBO,-15.245,17.092,0.5,0.4,1,0,1,
237.881,37.724,BOUN_GPS,-16.608,18.972,0.357,0.414,1,0,1,
237.931,37.732,AC57_PBO,-16.301,16.62,0.6,0.6,1,0,1,
241.954,37.737,UCLU_GPS,-4.824,5.324,1.17,1.17,1,0,1,
241.528,37.737,NOMT_PBO,-3.826,6.31,1.7,1.8,1,0,1,
238.005,37.738,AB44_PBO,-14.988,16.397,0.6,0.6,1,0,1,
241.96,37.74,D300_GPS,-5.202,3.002,0.444,0.442,1,0,1,
238.022,37.749,BAMO_PBO,-15.443,14.79,1.2,0.4,1,0,1,
238.536,37.755,P479_PBO,-10.84,7.678,0.5,0.5,1,0,1,
238.434,37.755,P312_PBO,-12.518,8.169,0.7,0.8,1,0,1,
240.914,37.786,P082_PBO,-11.527,8.624,1.7,1.7,1,0,1,
239.356,37.795,LDSW_PBO,-12.434,7.26,1.2,1.3,1,0,1,
240.981,37.8,P111_PBO,-9.826,8.623,1.7,1.8,1,0,1,
237.545,37.805,AV18_PBO,-22.544,26.333,0.8,0.8,1,0,1,
238.048,37.806,CABL_PBO,-13.866,12.785,1,1,1,0,1,
237.634,37.81,AV11_PBO,-20.629,25.007,0.5,0.6,1,0,1,
237.939,37.815,AB37_PBO,-15.581,15.317,0.5,0.5,1,0,1,
237.581,37.853,LOWL_GPS,-23.104,21.666,0.433,0.43,1,0,1,
237.781,37.864,MAT2_PBO,-16.24,18.795,0.7,0.7,1,0,1,
237.749,37.87,AC23_PBO,-18.198,22.873,0.9,0.9,1,0,1,
237.748,37.871,AC06_PBO,-17.898,22.273,0.9,0.9,1,0,1,
237.735,37.872,SELD_PBO,-19.3,22.777,0.5,0.6,1,0,1,
238.084,37.879,CLCC_GPS,-12.327,11.091,0.458,0.456,1,0,1,
237.753,37.879,AC35_PBO,-16.595,17.272,0.8,0.8,1,0,1,
237.778,37.884,AC32_PBO,-16.19,18.065,0.5,0.6,1,0,1,
237.552,37.891,RBUT_GPS,-20.026,24.386,0.456,0.453,1,0,1,
241.445,37.891,P125_PBO,-5.421,6.612,1.7,1.8,1,0,1,
238.722,37.896,C033_GPS,-12.961,7.586,0.485,0.482,1,0,1,
237.726,37.9,KOD5_PBO,-18.394,18.98,1.9,1.3,1,0,1,
241.264,37.903,LTUT_PBO,-5.421,7.216,1.8,1.8,1,0,1,
237.623,37.915,CNPP_PBO,-19.339,24.799,0.5,0.9,1,0,1,
245.736,37.916,COXI_GPS,-3.442,-0.423,0.367,0.364,1,0,1,
237.847,37.919,BALL_GPS,-14.986,16.112,0.418,0.415,1,0,1,
238.208,37.922,P407_PBO,-11.915,9.237,0.7,0.7,1,0,1,
237.401,37.923,AC27_PBO,-22.74,26.376,0.6,0.6,1,0,1,
238.395,37.932,P596_PBO,-11.934,8.281,0.5,0.5,1,0,1,
237.66,37.934,AB28_PBO,-19.398,23.1,1.4,1.7,1,0,1,
237.872,37.937,AC11_PBO,-14.064,15.837,0.6,0.6,1,0,1,
237.695,37.937,AC17_PBO,-19.691,22.989,1,0.8,1,0,1,
237.598,37.942,AV02_PBO,-20.405,24.417,1.1,1.1,1,0,1,
237.58,37.947,JRO1_GPS,-18.834,23.127,0.424,0.421,1,0,1,
238.278,37.954,P170_PBO,-14.098,6.016,1.2,1.3,1,0,1,
237.584,37.959,AV20_PBO,-20.103,23.022,0.8,0.9,1,0,1,
241.621,37.973,P684_PBO,-4.717,5.908,1.7,1.7,1,0,1,
241.19,37.98,HHTT_GPS,-9.723,10.317,0.8,0.8,1,0,1,
237.644,37.99,AC34_PBO,-15.887,18.804,0.9,0.9,1,0,1,
237.727,38.006,LARC_GPS,-15.935,17.51,0.778,0.778,1,0,1,
237.904,38.025,P612_PBO,-13.534,14.492,1.3,1.1,1,0,1,
239.61,38.03,CHIL_GPS,-11.429,7.847,0.386,0.383,1,0,1,
237.745,38.03,AC46_PBO,-16.563,17.574,1,1.2,1,0,1,
239.614,38.034,BURN_GPS,-10.903,7.929,0.443,0.442,1,0,1,
237.771,38.043,AB36_PBO,-15.755,16.167,1.1,1.1,1,0,1,
240.91,38.05,D240_GPS,-11.139,8.428,0.5,0.5,1,0,1,
257.313,38.071,WORD_GPS,-0.475,-1.463,0.4,1,1,0,1,
240.82,38.08,CHO1_GPS,-6.943,9.832,1,0.8,1,0,1,
237.131,38.08,AB22_PBO,-24.647,32.256,0.5,0.5,1,0,1,
237.187,38.087,AC02_PBO,-23.837,29.339,0.6,0.6,1,0,1,
239.049,38.09,P490_PBO,-9.825,7.767,0.6,0.7,1,0,1,
237.263,38.093,AC45_PBO,-21.224,28.116,0.5,0.5,1,0,1,
250.666,38.097,BLAK_GPS,-1.383,-0.504,1,0.8,1,0,1,
242.82,38.1,SLID_GPS,-4.222,0.772,0.348,0.33,1,0,1,
237.063,38.104,MKEA_PBO,-28.053,33.576,1.6,1.5,1,0,1,
238.612,38.116,P072_PBO,-10.327,5.976,0.8,0.9,1,0,1,
237.782,38.153,ECFS_PBO,-12.53,14.295,0.8,0.5,1,0,1,
240.92,38.16,GOSH_GPS,-11.227,7.128,1.1,0.9,1,0,1,
238.156,38.184,P463_PBO,-11.627,7.587,0.8,0.7,1,0,1,
237.405,38.186,AC59_PBO,-19.181,23.675,0.5,0.5,1,0,1,
238.065,38.203,MDMT_GPS,-11.287,8.54,0.461,0.458,1,0,1,
237.544,38.223,AV03_PBO,-16.351,18.833,0.5,0.5,1,0,1,
237.473,38.236,AV16_PBO,-17.059,21.855,0.5,0.5,1,0,1,
237.548,38.24,RAMT_PBO,-14.428,18.5,0.8,0.5,1,0,1,
237.662,38.258,AC67_PBO,-14.325,16.699,0.7,0.8,1,0,1,
237.393,38.26,BURN_PBO,-17.528,22.304,0.5,0.4,1,0,1,
237.497,38.264,P094_PBO,-15.228,18.901,0.7,0.5,1,0,1,
241.18,38.28,HEBE_GPS,-6.693,7.117,1,1,1,0,1,
244.34,38.28,PERS_GPS,-3.817,-0.209,0.444,0.442,1,0,1,
237.638,38.283,AV21_PBO,-14.022,18.606,1.7,1.9,1,0,1,
237.257,38.298,AZU1_PBO,-18.028,25.207,1.2,1.1,1,0,1,
237.797,38.313,AC53_PBO,-13.791,13.959,0.5,0.5,1,0,1,
236.931,38.314,P591_PBO,-22.329,32.614,1.1,1.1,1,0,1,
238.785,38.322,P482_PBO,-11.319,6.473,1.2,1.3,1,0,1,
237.741,38.324,SELD_PBO,-13.097,15.075,0.5,0.5,1,0,1,
240.36,38.33,1008_GPS,-8.156,8.351,1.2,0.9,1,0,1,
241.08,38.33,ALTU_GPS,-5.596,6.721,1.3,0.8,1,0,1,
237.885,38.331,CLGO_PBO,-11.974,9.233,0.7,0.7,1,0,1,
239.279,38.34,P369_PBO,-11.357,7.015,0.6,0.6,1,0,1,
237.825,38.351,ATW2_PBO,-12.679,10.951,0.5,0.5,1,0,1,
240.53,38.36,HUSG_GPS,-6.438,8.744,1,0.7,1,0,1,
238.177,38.38,P589_PBO,-8.52,9.986,1.1,1.4,1,0,1,
237.897,38.398,FAIR_PBO,-11.357,8.329,0.5,0.5,1,0,1,
238.005,38.417,AB48_PBO,-8.135,9.097,0.6,0.6,1,0,1,
241.23,38.42,LEWI_GPS,-6.774,6.315,1.1,0.8,1,0,1,
254.895,38.422,YALE_GPS,-0.764,-0.105,0.3,0.4,1,0,1,
237.233,38.429,PBPP_PBO,-16.123,26.007,0.8,0.7,1,0,1,
237.805,38.444,P470_PBO,-11.92,10.695,0.7,0.4,1,0,1,
238.354,38.474,WOMT_PBO,-14.216,7.182,1.5,0.5,1,0,1,
248.64,38.48,H100_GPS,-1.268,2.538,0.7,0.6,1,0,1,
236.819,38.495,P568_PBO,-22.323,32.617,1.5,1.6,1,0,1,
241.77,38.53,JUNI_GPS,-3.718,3.292,0.6,0.6,1,0,1,
238.046,38.53,P580_PBO,-9.715,7.189,1.8,0.8,1,0,1,
238.249,38.536,RPT1_GPS,-11.53,7.397,0.418,0.415,1,0,1,
241.61,38.54,UPSA_GPS,-3.03,2.899,1,0.9,1,0,1,
247.41,38.6,G200_GPS,-3.352,-0.591,0.5,0.5,1,0,1,
241.42,38.61,TONO_GPS,-5.039,4.707,1.1,0.9,1,0,1,
239.82,38.63,GOLC_GPS,-10.37,8.872,0.7,0.8,1,0,1,
238.905,38.645,P740_PBO,-10.807,7.07,0.6,0.5,1,0,1,
238.285,38.657,BSRY_PBO,-11.709,6.984,0.6,0.4,1,0,1,
236.77,38.668,P099_PBO,-24.217,27.118,1.9,2,1,0,1,
241.93,38.69,A300_GPS,-3.788,2.785,1,0.9,1,0,1,
241.54,38.725,P110_PBO,-3.591,4.21,1.6,1.6,1,0,1,
239.666,38.736,P494_PBO,-11.199,8.353,1.6,1.7,1,0,1,
242.12,38.76,C260_GPS,-3.965,1.276,0.4,0.4,1,0,1,
242.31,38.77,VALM_GPS,-5.548,-0.932,1,0.9,1,0,1,
237.424,38.778,HOLM_PBO,-12.91,14.203,1.4,1.3,1,0,1,
240.08,38.78,A295_GPS,-11.033,9.262,0.5,0.5,1,0,1,
246.33,38.79,F250_GPS,-2.917,-0.331,0.5,0.5,1,0,1,
255.475,38.803,P404_PBO,-1.536,-0.189,0.6,0.5,1,0,1,
239.307,38.829,SDHL_PBO,-12.198,7.061,1.3,1.3,1,0,1,
248.89,38.83,GUAN_GPS,-2.108,-0.177,0.9,0.6,1,0,1,
242.39,38.88,64HJ_GPS,-3.33,0.464,0.8,0.8,1,0,1,
244.87,38.89,E220_GPS,-3.825,-0.855,0.5,0.5,1,0,1,
248.26,38.9,FUSG_GPS,-5.25,0.96,0.7,0.6,1,0,1,
282.934,38.919,P368_PBO,-0.46,0.237,0.5,0.5,1,0,1,
236.274,38.928,VIMT_PBO,-24.811,37.229,1.5,1.5,1,0,1,
242.08,38.97,G220_GPS,-4.238,1.229,0.444,0.442,1,0,1,
241.07,38.981,P121_PBO,-5.384,4.021,1.6,1.6,1,0,1,
236.652,38.987,PKRD_PBO,-21.007,26.02,0.5,0.5,1,0,1,
240.76,38.99,B290_GPS,-8.055,5.335,0.4,0.4,1,0,1,
236.925,38.995,G370_GPS,-18.965,21.068,0.427,0.424,1,0,1,
241.87,39,ADIN_GPS,-4.361,1.987,0.7,0.6,1,0,1,
242.53,39.01,BNKS_GPS,-3.205,0.458,0.6,0.6,1,0,1,
246.62,39.02,F067_GPS,-4.068,-0.247,1,0.7,1,0,1,
283.173,39.022,F751_GPS,0.267,-0.008,0.298,0.297,1,0,1,
245.34,39.03,DRYX_GPS,-4.671,-0.479,0.8,0.6,1,0,1,
246.11,39.04,E200_GPS,-4.807,-2.419,1,0.7,1,0,1,
241.96,39.04,P515_GPS,-4.249,2.883,0.6,0.6,1,0,1,
241.68,39.04,R090_GPS,-5.372,1.096,0.9,0.7,1,0,1,
243.25,39.06,D220_GPS,-4.239,-0.975,0.5,0.5,1,0,1,
246.129,39.067,GS35_GPS,-2.96,-0.297,1.1,1.1,1,0,1,
245.55,39.07,DYER_GPS,-1.349,-0.19,0.8,0.6,1,0,1,
246.37,39.08,ELKO_GPS,-3.881,-0.733,0.9,0.7,1,0,1,
247.96,39.08,FRAZ_GPS,-5.753,-0.422,0.7,0.7,1,0,1,
240.46,39.08,STEA_GPS,-6.671,4.847,0.6,0.5,1,0,1,
240.23,39.1,A210_GPS,-10.088,6.156,0.7,0.6,1,0,1,
245.76,39.1,E100_GPS,-3.129,-1.101,1.2,0.8,1,0,1,
263.391,39.101,WINT_GPS,-2.239,-1.01,1.3,1.3,1,0,1,
237.696,39.109,EWPP_PBO,-10.197,6.897,0.9,1.2,1,0,1,
240.08,39.11,NEWS_GPS,-9.8,6.362,0.5,0.5,1,0,1,
241.79,39.11,SAGE_GPS,-6.256,3.391,0.6,0.6,1,0,1,
245.723,39.119,GS18_GPS,-2.16,-0.287,1.6,1.7,1,0,1,
247.76,39.14,FOOT_GPS,-2.662,-0.611,0.8,0.6,1,0,1,
238.057,39.145,P476_PBO,-10.693,4.689,1.3,0.9,1,0,1,
242.19,39.15,BROT_GPS,-3.518,1.173,0.6,0.6,1,0,1,
243.28,39.15,MCAR_GPS,-3.727,0.223,0.4,0.4,1,0,1,
241.58,39.15,SHIN_GPS,-7.769,3.3,0.6,0.7,1,0,1,
247.283,39.186,GS42_GPS,-1.452,-1.024,1.6,1.1,1,0,1,
249.32,39.19,C753_GPS,-0.772,-0.055,0.356,0.338,1,0,1,
241.94,39.2,M753_GPS,-4.734,1.584,0.6,0.6,1,0,1,
238.18,39.21,SILV_GPS,-10.871,7.506,0.37,0.353,1,0,1,
241.841,39.212,P048_PBO,-3.772,2.503,1.5,1.6,1,0,1,
240.35,39.22,A250_GPS,-6.366,8.751,0.8,0.8,1,0,1,
241.85,39.23,F200_GPS,-3.438,1.388,0.6,0.6,1,0,1,
236.796,39.242,P726_PBO,-17.797,18.117,0.7,0.4,1,0,1,
237.945,39.244,P588_PBO,-8.791,6.591,1,0.9,1,0,1,
242.29,39.26,BX46_GPS,-2.498,-0.031,0.6,0.6,1,0,1,
241.062,39.268,P675_PBO,-4.174,4.021,1.6,1.7,1,0,1,
246.495,39.269,GS16_GPS,-2.852,-0.505,1.3,1.3,1,0,1,
241.98,39.27,B270_GPS,-2.723,0.483,0.8,0.7,1,0,1,
241.69,39.27,BUTN_GPS,-4.848,2.395,0.9,0.6,1,0,1,
240.3,39.28,10BB_GPS,-7.764,6.353,0.8,0.9,1,0,1,
242.14,39.28,B285_GPS,-4.909,-0.225,0.8,0.7,1,0,1,
246.95,39.28,F091_GPS,-1.811,-1.765,0.9,0.6,1,0,1,
242.395,39.288,P030_PBO,-1.267,0.89,1.7,1.7,1,0,1,
241.83,39.29,B220_GPS,-4.234,1.389,0.9,0.7,1,0,1,
245.05,39.29,DORF_GPS,-3.866,0.036,0.5,0.5,1,0,1,
248.98,39.29,GARL_GPS,-0.746,-0.782,0.5,0.5,1,0,1,
242.05,39.3,B280_GPS,-2.014,4.579,2,1.6,1,0,1,
247.873,39.306,FMTH_GPS,-2.946,0.862,0.3,0.2,1,0,1,
242.015,39.306,P711_PBO,-3.168,0.499,1.7,1.8,1,0,1,
240.12,39.31,RUST_GPS,-9.908,5.598,0.473,0.411,1,0,1,
240.116,39.314,PIE1_GPS,-9.908,5.598,0.486,0.453,1,0,1,
247.16,39.32,F100_GPS,-2.19,0.323,0.9,0.7,1,0,1,
239.68,39.32,SOLD_GPS,-9.112,6.778,0.7,0.6,1,0,1,
236.895,39.32,BEPK_PBO,-15.294,14.915,0.7,0.8,1,0,1,
241.54,39.33,BNTA_GPS,-4.554,2.502,0.6,0.7,1,0,1,
239.463,39.337,OPCP_PBO,-10.479,7.357,1.3,1.3,1,0,1,
245.061,39.345,CRAT_GLA,-4.922,-0.196,0.436,0.436,1,0,1,
242.599,39.347,P717_PBO,-2.364,0.485,1.7,1.8,1,0,1,
240.59,39.35,A255_GPS,-6.932,5.342,0.6,0.7,1,0,1,
245.06,39.35,E280_GPS,-3.058,-0.564,0.4,0.4,1,0,1,
236.397,39.352,THCP_PBO,-21.396,23.726,0.5,1.2,1,0,1,
239.86,39.36,7MIR_GPS,-10.393,6.571,0.7,0.7,1,0,1,
242.59,39.36,C100_GPS,-2.462,0.455,1.2,0.9,1,0,1,
240.8,39.36,CAST_GPS,-5.413,2.833,0.5,0.5,1,0,1,
247.45,39.37,F220_GPS,-1.86,0.307,1,0.7,1,0,1,
246.19,39.37,F280_GPS,-3.461,-0.307,0.338,0.32,1,0,1,
240.21,39.37,LOOP_GPS,-9.562,6.057,0.4,0.4,1,0,1,
244.111,39.374,BLA1_PBO,0.643,-5.65,1.5,1.6,1,0,1,
244.2,39.38,CUSG_GPS,-4.026,-1.321,1,0.6,1,0,1,
247.496,39.388,GS17_GPS,-2.744,0.471,0.5,0.7,1,0,1,
241.35,39.4,B210_GPS,-8.063,2.51,0.8,0.7,1,0,1,
243.06,39.4,C220_GPS,-2.819,0.734,0.9,0.6,1,0,1,
244.44,39.4,D100_GPS,-3.304,-0.633,0.8,0.6,1,0,1,
241.72,39.4,MAGU_GPS,-5.531,1.594,0.7,0.7,1,0,1,
244.92,39.42,D200_GPS,-3.662,-2.257,0.8,0.7,1,0,1,
247.155,39.426,PLUD_GPS,-3.077,-0.366,0.4,0.4,1,0,1,
240.81,39.43,A275_GPS,-4.905,5.233,0.6,0.7,1,0,1,
238.34,39.43,CEDR_GPS,-11.038,7.049,0.436,0.433,1,0,1,
247.16,39.43,SANM_GPS,-3.077,-0.366,0.32,0.32,1,0,1,
238.335,39.433,BRMU_GPS,-10.947,6.924,0.509,0.508,1,0,1,
236.628,39.452,TUNG_PBO,-18.091,14.421,1.2,1.3,1,0,1,
247.738,39.459,JACK_GPS,-2.741,-0.535,1.1,1.1,1,0,1,
240.92,39.46,A290_GPS,-4.493,2.528,0.9,0.8,1,0,1,
243.38,39.48,C240_GPS,-3.183,-0.982,0.8,0.6,1,0,1,
240.931,39.486,P046_PBO,-4.367,3.424,1.7,1.7,1,0,1,
241.13,39.49,B200_GPS,-5.772,2.419,0.8,0.7,1,0,1,
242.86,39.49,C200_GPS,-2.426,0.043,0.6,0.6,1,0,1,
240.4,39.499,RUBY_PBO,-7.369,4.336,0.6,0.6,1,0,1,
243.576,39.501,RG12_PBO,-2.954,0.763,1.4,1.5,1,0,1,
241.06,39.51,AURO_GPS,-6.076,3.522,0.6,0.6,1,0,1,
240.12,39.51,CEDA_GPS,-9.456,3.861,0.5,0.5,1,0,1,
252.091,39.515,FUNE_GPS,0.772,-1.638,1.2,0.8,1,0,1,
243.259,39.521,P123_PBO,-3.655,0.47,0.4,0.4,1,0,1,
242.813,39.521,P028_PBO,-3.557,0.281,1.7,1.7,1,0,1,
236.302,39.529,ISLK_PBO,-21.49,23.428,1.2,1.2,1,0,1,
243.69,39.53,CTNP_GPS,-3.052,-0.396,0.6,0.5,1,0,1,
244.487,39.536,WMTN_GPS,-2.349,-0.458,1.5,1.6,1,0,1,
241.86,39.54,3756_GPS,-6.805,3.588,0.8,0.9,1,0,1,
244.02,39.54,CUPO_GPS,-6.323,-0.612,1,0.7,1,0,1,
242.951,39.542,RG02_PBO,-3.955,1.277,0.3,0.2,1,0,1,
243.95,39.546,LST1_PBO,-2.751,-0.646,1.4,1.5,1,0,1,
240.52,39.55,E259_GPS,-8.617,3.844,0.4,0.4,1,0,1,
246.42,39.55,EGAN_GPS,-2.224,-1.436,0.5,0.5,1,0,1,
238.5,39.55,MUSB_GPS,-10.79,7.022,0.4,0.4,1,0,1,
236.435,39.554,P651_PBO,-21.888,20.625,1.2,1.2,1,0,1,
238.5,39.555,LEWI_GPS,-10.737,6.62,0.427,0.424,1,0,1,
240.94,39.58,BISC_GPS,-4.579,3.427,0.5,0.4,1,0,1,
248.055,39.589,TINP_GPS,-1.735,-0.742,0.5,0.6,1,0,1,
247.85,39.6,FLS2_GPS,-3.501,-0.016,0.8,0.7,1,0,1,
238.85,39.63,LIZZ_GPS,-7.552,6.409,1.4,0.9,1,0,1,
241.2,39.63,SODH_GPS,-6.647,3.055,0.342,0.323,1,0,1,
241.86,39.67,B300_GPS,-5.891,3.488,0.8,0.9,1,0,1,
236.418,39.686,P561_PBO,-22.384,19.326,0.4,0.4,1,0,1,
242.49,39.69,MN54_GPS,-4.49,0.467,0.481,0.487,1,0,1,
240.463,39.698,EGAN_PBO,-6.561,4.334,0.8,0.6,1,0,1,
236.705,39.707,P562_PBO,-16.481,10.219,0.4,0.4,1,0,1,
248.429,39.715,SAND_GPS,0.171,-1.451,0.7,0.5,1,0,1,
236.969,39.729,P189_PBO,-7.697,6.354,0.8,0.64,1,0,1,
238.98,39.73,H130_GPS,-7.631,4.604,1.2,0.9,1,0,1,
254.33,39.762,YER4_GPS,-3.115,-0.292,1.7,1.7,1,0,1,
236.752,39.771,P192_PBO,-13.257,9.834,1.11,0.89,1,0,1,
236.165,39.777,P188_PBO,-23.242,24.349,0.63,0.53,1,0,1,
239.96,39.79,QUIN_GPS,-8.841,4.867,0.5,0.5,1,0,1,
236.799,39.795,P190_PBO,-9.893,7.393,0.79,0.63,1,0,1,
248.55,39.817,GRAP_GPS,-0.825,-0.354,0.5,0.6,1,0,1,
239.06,39.82,D260_GPS,-8.215,4.801,1.2,1,1,0,1,
240.34,39.85,43JD_GPS,-5.802,4.052,0.5,0.5,1,0,1,
236.283,39.864,VNCX_PBO,-22.178,19.929,0.5,0.6,1,0,1,
245.35,39.9,DECH_GPS,-4.173,-0.379,0.5,0.5,1,0,1,
236.448,39.906,P627_PBO,-17.876,13.625,1.2,1.2,1,0,1,
240.278,39.908,P509_PBO,-4.855,4.839,1.6,1.7,1,0,1,
244.721,39.91,GS22_GPS,-2.935,-1.064,1.5,1.6,1,0,1,
239.82,39.92,FLRN_GPS,-8.339,3.872,1.2,0.9,1,0,1,
244.444,39.925,OVRO_GPS,-2.635,0.243,1.5,1.5,1,0,1,
237.972,39.929,P372_PBO,-10.566,5.991,1.4,1.4,1,0,1,
240.8,39.94,F270_GPS,-5.853,2.733,0.4,0.4,1,0,1,
254.806,39.949,YBHB_GPS,-0.608,-0.203,0.4,0.3,1,0,1,
243.17,39.97,6FMK_GPS,-1.048,1.828,0.9,0.9,1,0,1,
239.06,39.97,PARA_GPS,-9.6,6.301,0.4,0.4,1,0,1,
239.056,39.975,MORT_GPS,-9.377,6.451,0.418,0.412,1,0,1,
242.73,39.98,61RB_GPS,0.316,0.049,0.9,0.9,1,0,1,
242.96,40,CRTS_GPS,-2.363,-1.062,0.7,0.7,1,0,1,
241.3,40,PIBU_GPS,-6.604,2.512,0.5,0.5,1,0,1,
241.629,40.015,SARG_GPS,-5.46,1.5,1.33,0.93,1,0,1,
248.366,40.016,GS27_GPS,-2.519,1.051,0.6,0.4,1,0,1,
241.63,40.02,U067_GPS,-5.374,4.098,0.7,0.7,1,0,1,
236.094,40.024,CBHS_PBO,-19.174,22.233,1.2,1.3,1,0,1,
242.36,40.03,LALA_GPS,-4.41,0.266,0.6,0.6,1,0,1,
242.81,40.03,ROCO_GPS,-5.472,1.045,0.7,0.8,1,0,1,
241.44,40.07,K589_GPS,-6.185,2.106,0.6,0.6,1,0,1,
247.639,40.078,TEAK_GPS,-2.719,-0.232,1.4,1.1,1,0,1,
243.84,40.08,CSUN_GPS,-3.88,-0.404,0.4,0.4,1,0,1,
242.4,40.11,LUCK_GPS,-4.799,1.064,0.6,0.6,1,0,1,
236.307,40.119,P653_PBO,-14.323,15.034,0.505,0.492,1,0,1,
241.81,40.12,G101_GPS,-5.148,1.19,0.9,0.9,1,0,1,
239.75,40.13,02EX_GPS,-7.124,4.575,1,0.9,1,0,1,
243.9,40.15,M504_GPS,-3.569,0.286,0.343,0.343,1,0,1,
242.32,40.16,J288_GPS,-3.7,-0.433,0.9,0.9,1,0,1,
256.778,40.172,X537_GPS,-0.698,-0.35,0.4,0.3,1,0,1,
235.943,40.22,P021_PBO,-14.768,23.536,1.1,1.2,1,0,1,
240.01,40.24,HILD_GPS,-5.73,3.482,0.68,0.652,1,0,1,
240.006,40.245,NLIB_GPS,-5.73,3.482,0.68,0.652,1,0,1,
236.147,40.246,P556_PBO,-12.066,16.432,1.2,1.2,1,0,1,
235.692,40.248,P646_PBO,-19.168,31.542,1.1,1.1,1,0,1,
236.344,40.257,P727_PBO,-11.864,13.327,1.1,1.1,1,0,1,
235.734,40.257,P376_PBO,-18.984,30.838,0.52,0.44,1,0,1,
248.072,40.261,HYAK_GPS,-2.821,-0.066,0.719,0.735,1,0,1,
237.729,40.271,NEWS_PBO,-8.255,6.196,0.9,0.6,1,0,1,
238.96,40.3,02FS_GPS,-6.575,5.905,0.7,0.6,1,0,1,
236.022,40.306,P406_PBO,-10.275,20.077,0.46,0.39,1,0,1,
236.446,40.334,P373_PBO,-8.982,8.507,0.56,0.49,1,0,1,
243.02,40.36,K102_GPS,-3.319,0.435,0.6,0.7,1,0,1,
243.721,40.363,P038_PBO,-2.523,0.659,1.5,1.6,1,0,1,
237.064,40.37,TWHL_PBO,-6.406,4.83,0.87,0.76,1,0,1,
235.628,40.392,P343_PBO,-7.75,28.597,0.88,0.72,1,0,1,
243.14,40.4,JNCT_GPS,-2.869,-0.692,0.342,0.325,1,0,1,
241.74,40.4,SMOK_GPS,-5.591,2.009,0.335,0.335,1,0,1,
242.8,40.41,B428_GPS,-4.432,1.446,0.6,0.6,1,0,1,
242.795,40.413,RG14_PBO,-3.725,1.981,0.3,0.3,1,0,1,
240.645,40.417,ELKO_GPS,-5.592,2.83,0.391,0.354,1,0,1,
239.194,40.419,OPCL_PBO,-6.342,3.863,1.3,1.4,1,0,1,
240.64,40.42,G250_GPS,-5.417,2.74,0.4,0.4,1,0,1,
239.33,40.42,MINE_GPS,-6.131,4.191,1.4,0.9,1,0,1,
235.893,40.422,P453_PBO,-5.961,22.937,0.5,0.5,1,0,1,
248.249,40.435,HUNT_GPS,-3.004,-2.247,1.4,1.6,1,0,1,
236.137,40.435,LAPC_PBO,-6.559,15.532,0.5,0.8,1,0,1,
236.325,40.439,BLYN_PBO,-6.259,13.021,0.99,0.62,1,0,1,
235.604,40.442,BUST_GLA,-9.17,30.72,0.568,0.568,1,0,1,
235.844,40.448,SC02_PBO,-5.21,24.761,1.81,0.95,1,0,1,
239.39,40.45,E240_GPS,-6.223,4.089,1.1,0.9,1,0,1,
235.623,40.452,P331_PBO,-6.902,32.104,1.4,1.11,1,0,1,
236.477,40.46,P409_PBO,-6.674,7.036,0.71,0.58,1,0,1,
246.946,40.494,TABL_GPS,-3.606,-0.916,1.1,1.1,1,0,1,
243.264,40.495,P027_PBO,-2.92,-0.63,1.5,1.5,1,0,1,
235.706,40.498,P183_PBO,-3.857,27.12,0.4,0.36,1,0,1,
235.717,40.505,P642_PBO,-2.059,24.741,1.5,1.6,1,0,1,
248.63,40.51,H112_GPS,-0.934,-0.239,0.335,0.333,1,0,1,
248.627,40.514,FRDC_GPS,-0.934,-0.239,0.409,0.408,1,0,1,
236.12,40.544,P558_PBO,-4.355,14.432,0.9,0.8,1,0,1,
236.825,40.547,P569_PBO,-6.851,7.716,1,0.7,1,0,1,
240.08,40.55,BUFF_GPS,-5.652,2.462,0.7,0.8,1,0,1,
239.43,40.55,PAHS_GPS,-7.809,3.588,1,0.9,1,0,1,
235.867,40.551,P567_PBO,-4.2,20.072,0.689,0.616,1,0,1,
239.66,40.56,BEOW_GPS,-7.588,3.979,1,1,1,0,1,
236.301,40.575,SKYB_PBO,-5.393,7.992,0.654,0.64,1,0,1,
240.53,40.58,N843_GPS,-2.81,2.144,0.9,0.9,1,0,1,
235.744,40.589,P195_PBO,0.515,21.995,0.89,0.85,1,0,1,
239.77,40.59,RAIL_GPS,-6.749,4.175,0.335,0.333,1,0,1,
243.13,40.61,BAMO_GPS,-3.082,0.53,0.6,0.6,1,0,1,
244.88,40.62,POST_GPS,-3.634,-0.207,0.335,0.333,1,0,1,
240.35,40.62,SHEL_GPS,-6.061,3.71,0.719,0.618,1,0,1,
239.5,40.63,HORU_GPS,-5.295,5.385,0.8,0.7,1,0,1,
235.806,40.63,P318_PBO,0.066,19.356,1.23,1.08,1,0,1,
247.472,40.634,FLAT_GPS,-2.699,-0.328,0.8,0.4,1,0,1,
248.65,40.635,M137_GPS,-1.095,-0.756,0.6,0.6,1,0,1,
235.787,40.637,P571_PBO,0.146,21.74,0.9,1,1,0,1,
245.82,40.64,G300_GPS,-3.625,-0.368,0.318,0.316,1,0,1,
247.718,40.649,GS26_GCO,-2.498,0.966,0.4,0.4,1,0,1,
247.88,40.65,CMBB_GPS,-2.455,-0.515,0.337,0.353,1,0,1,
237.393,40.651,CHMS_PBO,-6.544,7.104,1,0.8,1,0,1,
237.058,40.652,P203_PBO,-4.948,6.067,1.04,0.81,1,0,1,
243.58,40.66,BELL_GPS,-3.038,0.309,0.8,0.9,1,0,1,
244.99,40.66,CNBY_GPS,-2.218,-0.961,0.6,0.6,1,0,1,
236.119,40.669,CTDM_PBO,-1.288,13.78,0.52,0.687,1,0,1,
246.722,40.671,JOBU_GPS,-3.2,-1.111,1,1.2,1,0,1,
247.14,40.68,CAMU_GPS,-3.301,-0.529,0.316,0.314,1,0,1,
235.763,40.691,UPSA_PBO,3.548,20.94,0.5,0.5,1,0,1,
243.84,40.71,C344_GPS,-2.01,1.196,1.2,1.1,1,0,1,
235.798,40.715,P154_PBO,4.23,19.251,0.77,0.67,1,0,1,
236.025,40.727,P417_PBO,-0.297,14.929,0.56,0.48,1,0,1,
237.681,40.731,P471_PBO,-6.639,5.597,0.9,0.6,1,0,1,
248.742,40.732,GS25_GPS,-0.392,-0.958,1.1,1.3,1,0,1,
237.077,40.748,P132_PBO,-6.942,6.711,0.9,0.8,1,0,1,
244.08,40.77,BLMT_GPS,-3.383,0.785,0.9,0.9,1,0,1,
240.87,40.77,SLR1_GPS,-7.461,2.53,1,0.8,1,0,1,
248.277,40.772,GS48_GPS,-0.591,-1.347,1.3,1.4,1,0,1,
242.89,40.78,SUTB_GPS,-6.384,0.241,0.8,0.9,1,0,1,
248.191,40.781,MUSB_GPS,-1.36,-0.11,0.33,0.32,1,0,1,
236.032,40.791,P098_PBO,0.853,15.334,0.6,0.4,1,0,1,
248.585,40.807,GS47_GHT,-1.089,0.145,0.4,0.3,1,0,1,
236.507,40.815,P338_PBO,-3.816,7.714,1,0.82,1,0,1,
236.675,40.815,P378_PBO,-4.377,6.038,1.05,0.9,1,0,1,
238.53,40.816,ORMT_PBO,-7.069,5.717,1.181,0.843,1,0,1,
241.271,40.848,ALEX_GPS,-4.54,2.72,0.88,0.91,1,0,1,
241.25,40.86,ORVB_GPS,-7.218,0.514,1.2,0.9,1,0,1,
238.26,40.87,H300_GPS,-8.68,6.231,1,0.9,1,0,1,
236.267,40.875,P411_PBO,-0.903,8.744,0.69,0.6,1,0,1,
235.925,40.876,P649_PBO,1.355,17.036,0.7,0.7,1,0,1,
236.137,40.88,P020_PBO,-0.004,13.794,1.08,0.975,1,0,1,
242.2,40.91,C280_GPS,-2.23,-1.027,1.3,0.9,1,0,1,
244.18,40.91,E300_GPS,-4.159,-0.02,0.4,0.4,1,0,1,
244.183,40.915,CROW_GPS,-4.255,0.13,0.4,0.364,1,0,1,
240.35,40.92,HLNB_GPS,-3.89,3.151,0.9,0.8,1,0,1,
241.97,40.94,BEAV_GPS,-4.347,1.283,1,0.8,1,0,1,
242.53,40.94,G298_GPS,-2.698,0.658,0.9,0.9,1,0,1,
241.75,40.94,HSPR_GPS,-4.666,0.093,1.5,0.9,1,0,1,
236.377,40.944,P423_PBO,-2.752,8.703,0.69,0.66,1,0,1,
244.38,40.95,H200_GPS,-3.338,-1.73,0.9,1,1,0,1,
235.883,40.975,DDSN_PBO,4.04,14.577,0.5,0.46,1,0,1,
238.46,40.98,P19A_GPS,-4.151,9.623,1,1,1,0,1,
237.585,40.998,SBCC_PBO,-5.13,6.3,1,0.5,1,0,1,
240.22,41,OAKR_GPS,-5.693,2.657,0.7,0.8,1,0,1,
242.43,41.01,BURR_GPS,-1.999,-0.538,0.8,0.9,1,0,1,
247.77,41.016,KELY_GPS,-1.54,-0.86,0.32,0.31,1,0,1,
238.6,41.05,LOWE_GPS,-10.131,3.818,1,1,1,0,1,
235.849,41.054,REUB_GPS,3.373,16.454,0.392,0.374,1,0,1,
244.89,41.1,B387_GPS,-2.277,-0.556,0.8,0.9,1,0,1,
238.71,41.1,F300_GPS,-9.916,7.514,0.9,0.9,1,0,1,
245.2,41.11,MCOY_GPS,-2.65,-1.972,1,1,1,0,1,
236.117,41.152,P559_PBO,2.654,10.816,0.748,0.738,1,0,1,
240.581,41.173,MAGO_GPS,-4.19,2.25,0.7,0.73,1,0,1,
239.05,41.18,A435_GPS,-6.178,8.602,1,0.9,1,0,1,
235.905,41.192,P436_PBO,4.018,13.181,0.93,0.93,1,0,1,
243.59,41.21,U698_GPS,-2.277,-0.792,0.6,0.7,1,0,1,
243.29,41.22,6683_GPS,-3.402,-0.177,0.7,0.7,1,0,1,
248.071,41.253,CSTL_GPS,-1.362,-0.151,0.427,0.361,1,0,1,
240.064,41.276,P502_PBO,-1.907,2.944,2,2,1,0,1,
242.31,41.28,OBSD_GPS,-2.281,0.268,0.9,0.9,1,0,1,
237.794,41.294,P464_PBO,-3.719,5.495,1.4,1.5,1,0,1,
240.376,41.358,IMPS_PBO,-4.002,3.036,0.6,0.6,1,0,1,
241.98,41.41,SHLD_GPS,-2.096,2.183,0.6,0.7,1,0,1,
239.13,41.43,CHLK_GPS,-5.746,5.299,0.7,0.8,1,0,1,
238.54,41.43,PL20_GPS,-5.598,3.621,0.4,0.4,1,0,1,
241.8,41.45,BLAB_GPS,-2.607,1.09,0.8,1,1,0,1,
238.73,41.48,HELO_GPS,-4.676,2.514,0.4,0.4,1,0,1,
239.3,41.49,HICK_GPS,-2.624,3.292,0.9,0.9,1,0,1,
238.96,41.51,02SS_GPS,-7.652,4.905,0.7,0.8,1,0,1,
239.5,41.51,ALKA_GPS,-4.822,3.388,0.755,0.658,1,0,1,
244.168,41.511,ALGO_GPS,-2.84,-0.62,0.8,0.75,1,0,1,
235.967,41.522,P332_PBO,2.999,10.611,1.45,1.32,1,0,1,
239.98,41.55,AGGI_GPS,-2.657,3.866,0.7,0.8,1,0,1,
239.74,41.55,CARL_GPS,-5.379,4.076,0.9,0.9,1,0,1,
237.474,41.555,FARO_GPS,-4.43,4.38,1.13,1.39,1,0,1,
235.914,41.559,WKPK_PBO,1.179,9.037,1.3,1.4,1,0,1,
240.215,41.583,PTSG_GPS,-4.02,2.53,0.66,0.69,1,0,1,
248.435,41.607,13DD_GPS,-0.76,0.049,1.6,1.6,1,0,1,
238.51,41.616,LEWI_PBO,-5.803,3.379,1.3,1.4,1,0,1,
238.7,41.63,SIST_GPS,-4.664,5.615,0.4,0.4,1,0,1,
247.668,41.635,GS43_GPS,-2.262,-0.833,0.3,0.2,1,0,1,
238.742,41.671,WES2_GPS,-2.44,4.05,1.58,1.61,1,0,1,
248.764,41.692,X137_GPS,-0.156,-0.759,0.9,0.5,1,0,1,
238.72,41.71,N067_GPS,-6.154,3.614,0.4,0.4,1,0,1,
238.493,41.712,P606_PBO,-3.8,4.679,0.8,1,1,0,1,
238.47,41.72,LL92_GPS,-5.975,4.723,0.5,0.5,1,0,1,
237.29,41.73,V209_GPS,-3.575,6.787,0.424,0.421,1,0,1,
252.744,41.742,SIBE_GPS,-0.545,-0.254,0.8,0.5,1,0,1,
249.487,41.75,GS49_GHT,-1.152,-0.676,1,0.5,1,0,1,
247.377,41.757,GS11_GPS,-2.758,-0.426,0.3,0.3,1,0,1,
268.42,41.77,WICK_GPS,0.102,0.021,0.332,0.321,1,0,1,
235.745,41.783,MONB_GPS,2.599,11.685,0.392,0.373,1,0,1,
247.302,41.803,LEEF_GPS,-2.857,-0.824,0.3,0.3,1,0,1,
246.988,41.817,6813_GPS,-2.657,-1.717,1.2,1.2,1,0,1,
241.42,41.83,BR02_GPS,-2.1,1.107,0.8,0.9,1,0,1,
236.807,41.842,P319_PBO,0.291,6.468,0.72,0.6,1,0,1,
240.98,41.87,RATT_GPS,-3.519,2.599,0.346,0.346,1,0,1,
236.156,41.874,P371_PBO,1.971,8.923,1.12,1.02,1,0,1,
240.95,41.88,E843_GPS,-3.636,-0.973,0.8,1,1,0,1,
240.76,41.88,MONI_GPS,-1.653,1.735,0.7,0.8,1,0,1,
241.15,41.89,MICK_GPS,-2.418,2.718,0.8,0.9,1,0,1,
240.53,41.9,CNWY_GPS,-2.272,2.344,0.8,1,1,0,1,
239.697,41.902,JRDR_GPS,-4.75,3.66,0.51,0.51,1,0,1,
235.842,41.933,THU1_GPS,1.899,11.34,0.743,0.728,1,0,1,
243.813,41.962,FLAT_GPS,-3.21,0.6,0.76,0.71,1,0,1,
236.063,41.986,P330_PBO,0.338,7.954,0.77,0.61,1,0,1,
236.211,41.993,P182_PBO,2.158,8.529,1.65,1.46,1,0,1,
240.646,41.997,ICEB_GPS,-3.74,2.47,0.66,0.7,1,0,1,
242.284,42.013,SCAR_GPS,-3.89,1.49,1.05,1.07,1,0,1,
240.52,42.02,GABB_GPS,-4.26,1.844,0.9,1,1,0,1,
235.732,42.046,DOUG_GPS,2.692,10.639,0.622,0.57,1,0,1,
255.089,42.052,Y683_GPS,-1.03,-0.01,0.4,0.3,1,0,1,
237.521,42.065,PRES_GPS,-3.72,6.34,0.38,0.38,1,0,1,
244.897,42.087,RADA_GPS,-3.31,0.91,0.9,0.89,1,0,1,
240.048,42.098,EASN_GPS,-3.52,3.68,0.67,0.75,1,0,1,
236.318,42.104,GLAC_GPS,-1.157,8.633,0.791,0.682,1,0,1,
240.15,42.12,J74X_GPS,-2.583,0.159,1,1,1,0,1,
237.99,42.14,TUFF_GPS,-1.776,2.04,1,1,1,0,1,
237.375,42.142,DALL_GPS,-3.23,5.43,0.77,0.89,1,0,1,
237.5,42.15,HOTC_GPS,-1.719,5.857,1.1,1.1,1,0,1,
235.678,42.183,J090_GPS,3.15,13.72,0.76,0.7,1,0,1,
239.64,42.19,TRGO_GPS,-4.621,2.879,0.7,0.8,1,0,1,
237.344,42.191,SPMS_PBO,-1.089,7.305,0.9,1.2,1,0,1,
239.41,42.2,MOOR_GPS,-3.441,2.688,0.9,1,1,0,1,
238.253,42.209,4Z9A_GPS,-3.43,5.15,0.4,0.44,1,0,1,
239.93,42.21,OREG_GPS,-2.793,2.468,0.7,0.7,1,0,1,
247.281,42.212,GS28_GPS,-3.342,-1.424,1.2,1.2,1,0,1,
237.293,42.216,A699_GPS,-5.03,7.5,0.68,0.75,1,0,1,
238.49,42.25,HELI_GPS,-1.819,5.122,0.8,1,1,0,1,
239.28,42.26,P208_GPS,-3.447,3.993,0.9,0.9,1,0,1,
238.22,42.26,BILL_PBO,-2.082,5.485,0.9,0.4,1,0,1,
242.19,42.31,BLCK_GPS,-4.18,1.473,0.6,0.7,1,0,1,
238.103,42.318,PETE_GPS,-3.68,6.21,0.88,0.92,1,0,1,
237.123,42.323,GREN_GPS,-2.46,7.36,0.46,0.53,1,0,1,
237.125,42.336,LK42_GPS,-1.52,6.82,1.61,0.86,1,0,1,
238.973,42.393,RYAN_1HT,-3.4,4.72,0.69,0.82,1,0,1,
237.059,42.397,MDOI_GPS,-0.3,6.59,1.75,1.01,1,0,1,
238.65,42.41,HP26_GPS,-1.388,2.917,0.8,1,1,0,1,
238.778,42.418,JENS_GPS,-5.226,6.176,0.602,0.587,1,0,1,
235.572,42.421,F408_GPS,3.71,12.82,0.44,0.39,1,0,1,
236.661,42.423,DDMN_GPS,-1.86,8.54,0.6,0.66,1,0,1,
238.9,42.43,PITR_GPS,-0.963,1.607,1.1,1,1,0,1,
235.572,42.43,NBCG_GPS,4.2,13.17,0.97,0.9,1,0,1,
238.79,42.44,SMEL_GPS,-2.272,1.111,1,1,1,0,1,
241.385,42.45,S300_GPS,-2.24,0.74,0.87,0.75,1,0,1,
239.622,42.469,I40A_PBO,-2.466,3.354,1.1,0.9,1,0,1,
237.9,42.473,NAIU_GPS,-3.29,6.3,0.7,0.81,1,0,1,
236.617,42.504,CRHS_PBO,-1.383,8.021,0.9,1.1,1,0,1,
235.941,42.552,IMP0_GPS,2.16,10.73,1.32,1.2,1,0,1,
238.122,42.574,S262_GPS,-1.94,6.07,0.61,0.67,1,0,1,
235.607,42.586,R409_GPS,-1.06,12.19,0.98,0.9,1,0,1,
288.51,42.61,W784_GPS,0.461,-1.144,0.418,0.409,1,0,1,
237.65,42.62,Q837_GPS,-2.299,6.336,0.616,0.598,1,0,1,
236.618,42.621,KELS_GPS,-2.56,8.71,1.54,1.42,1,0,1,
243.534,42.656,PIE1_GPS,-2.38,1.81,0.86,0.84,1,0,1,
241.58,42.66,LUMP_GPS,-2.997,1.5,0.6,0.6,1,0,1,
239.451,42.704,LKWY_GPS,-2.22,2.59,0.78,0.92,1,0,1,
236.403,42.719,N748_GPS,-1.22,8.9,0.34,0.34,1,0,1,
241.01,42.72,L091_GPS,-3.442,0.524,0.8,0.7,1,0,1,
237.489,42.741,MINE_GPS,-1.89,6.77,0.71,0.8,1,0,1,
250.442,42.767,F23X_GPS,-1.912,-0.099,0.3,0.3,1,0,1,
248.936,42.773,1214_GPS,-0.893,-0.967,0.458,0.43,1,0,1,
242.156,42.78,BEAT_GLA,-1.901,1.618,0.541,0.541,1,0,1,
236.164,42.792,B317_GPS,-0.02,9.35,0.35,0.35,1,0,1,
236.747,42.799,ALBH_GPS,-0.6,8.34,0.75,0.74,1,0,1,
235.514,42.801,AVIA_GPS,3.53,12.79,0.43,0.42,1,0,1,
238.17,42.87,HSTN_GPS,-1.785,4.834,0.9,1,1,0,1,
246.132,42.879,GS19_GPS,-2.522,-1.297,1,1.2,1,0,1,
244.162,42.88,OAKR_GPS,-2.76,-0.41,0.81,0.84,1,0,1,
269.752,42.914,WILL_GPS,-3.912,-5.761,1.6,1.6,1,0,1,
241.993,42.923,ROBI_GPS,-2.61,0.29,0.88,0.77,1,0,1,
240.07,42.93,HYAT_GPS,-1.952,2.852,0.507,0.51,1,0,1,
242.76,42.93,SINK_GPS,-2.761,-0.853,0.9,1,1,0,1,
240.001,42.954,4S9B_GPS,-2.48,3.56,0.62,0.7,1,0,1,
235.986,42.967,P643_PBO,2.03,9.235,1.1,1.4,1,0,1,
236.222,43.002,BLK4_GPS,-0.14,9.31,0.43,0.43,1,0,1,
239.23,43.01,TMBR_GPS,-3.527,3.277,0.628,0.6,1,0,1,
243.588,43.075,COEU_GPS,-1.96,0.42,0.97,1,1,0,1,
236.756,43.119,CHZZ_GPS,0.395,7.794,0.52,0.472,1,0,1,
238.94,43.12,ROUN_GPS,-1.688,4.606,0.6,0.6,1,0,1,
235.825,43.124,LION_GPS,1.99,10.09,0.54,0.56,1,0,1,
238.939,43.125,PAUL_GPS,-2.12,4.47,1.45,1.32,1,0,1,
236.545,43.126,CLAT_GPS,0.06,7.92,0.73,0.79,1,0,1,
236.589,43.129,ANAW_GPS,-0.68,8.53,0.66,0.72,1,0,1,
238.2,43.13,BATT_GPS,-2.723,7.111,0.5,0.512,1,0,1,
244.269,43.131,ROSW_GPS,-0.12,-0.96,0.97,0.9,1,0,1,
238.195,43.133,ASTO_GPS,-2.723,7.111,0.5,0.512,1,0,1,
236.571,43.14,ECCO_PBO,0.94,8.122,0.7,0.8,1,0,1,
237.536,43.16,AZAL_GPS,-0.65,5.99,0.38,0.4,1,0,1,
239.31,43.17,79JR_GPS,-1.649,2.392,0.9,0.9,1,0,1,
241.7,43.17,SNDS_GPS,-2.03,-1.405,0.9,1,1,0,1,
241.549,43.216,0226_GPS,-2.62,1.23,0.73,0.72,1,0,1,
237.572,43.228,RELA_GLA,-0.99,4.88,0.66,0.71,1,0,1,
236.607,43.242,CHUR_GPS,-1.67,9.39,0.93,0.73,1,0,1,
246.759,43.244,FILB_GPS,-2.278,-0.261,0.43,0.367,1,0,1,
236.645,43.246,NESK_GPS,-0.89,7.52,0.4,0.41,1,0,1,
239.36,43.29,J789_GPS,-1.332,2.69,0.9,1,1,0,1,
238.825,43.313,YSSK_GPS,-1.55,4.45,0.7,0.69,1,0,1,
237.26,43.34,SHON_GPS,-1.341,6.357,0.487,0.495,1,0,1,
235.801,43.34,D706_GPS,4.49,11.56,0.97,1.11,1,0,1,
235.676,43.344,FAIR_GPS,5.08,11.27,0.58,0.45,1,0,1,
235.67,43.35,RCM5_GPS,5.08,11.27,0.58,0.45,1,0,1,
236.942,43.363,P022_PBO,0.65,6.914,1,0.6,1,0,1,
236.935,43.372,ORVB_GPS,-0.21,7.06,0.35,0.36,1,0,1,
239.46,43.39,EARN_GPS,-0.312,3.786,0.9,1,1,0,1,
239.69,43.43,UU83_GPS,-0.187,2.977,0.8,0.9,1,0,1,
247.195,43.449,GS34_GPS,-2.197,-1.522,1.6,1.3,1,0,1,
236.681,43.465,R378_GPS,0.84,7.75,1.02,0.87,1,0,1,
239.88,43.48,PARS_GPS,0.036,3.57,0.9,0.9,1,0,1,
244.442,43.49,RUST_GPS,-2.57,0.26,1.24,0.85,1,0,1,
250.31,43.501,7288_GPS,-0.886,-0.296,1.6,1.7,1,0,1,
238.056,43.53,CBL1_GPS,-0.57,5.04,0.9,0.75,1,0,1,
245.586,43.563,FTS1_GPS,-2.135,-0.137,0.384,0.444,1,0,1,
240.934,43.585,RENF_GPS,-1.87,1.12,0.72,0.76,1,0,1,
237.347,43.586,DDSN_GPS,-0.05,7.45,0.66,0.75,1,0,1,
240.02,43.59,0047_GPS,-2.069,1.357,0.61,0.6,1,0,1,
240.017,43.59,BRMU_GPS,-2.069,1.357,0.61,0.6,1,0,1,
236.667,43.623,VDCY_PBO,1.258,7.12,0.6,1,1,0,1,
236.417,43.644,S509_GPS,0.68,8.88,1.54,1.85,1,0,1,
236.274,43.66,BCHR_GPS,2.23,8.72,0.61,0.62,1,0,1,
249.403,43.674,RKBU_GPS,-1.326,-0.802,0.505,0.507,1,0,1,
238.31,43.68,TUNG_GPS,-3.17,6.335,0.492,0.5,1,0,1,
236.762,43.706,HLID_GPS,1.5,6.38,0.68,0.83,1,0,1,
241.923,43.744,EOUT_GPS,-1.81,1.12,1.2,0.84,1,0,1,
237.5,43.75,MOND_GPS,0.262,5.769,0.507,0.487,1,0,1,
239.4,43.81,BRAM_GPS,-0.777,2.485,0.557,0.536,1,0,1,
255.814,43.881,Y129_GPS,-0.962,-1.027,1.2,0.7,1,0,1,
235.886,43.885,PRDS_GPS,5.8,10.74,0.68,0.73,1,0,1,
248.55,43.919,GS12_GPS,-2.175,-1.654,0.5,0.4,1,0,1,
237.205,43.922,ICEH_GPS,2.2,5.63,1.08,1.07,1,0,1,
252.612,43.953,1PDI_GPS,-0.564,-1.15,0.6,0.5,1,0,1,
241.068,43.96,CHLO_GLA,-1.41,1.27,0.76,0.71,1,0,1,
237.686,43.963,OGIL_GPS,1.77,4.59,0.65,0.67,1,0,1,
236.681,43.986,CC25_GPS,1.92,8.3,0.67,0.71,1,0,1,
236.14,44.019,DISC_GPS,4.52,9.56,1.56,1.54,1,0,1,
236.45,44.038,POWE_GPS,2.73,7.71,0.52,0.56,1,0,1,
237.113,44.052,CGDM_PBO,3.976,5.31,1.2,1.3,1,0,1,
238.72,44.06,OVRP_GPS,0.26,3.327,0.602,0.585,1,0,1,
236.837,44.079,CUGR_GPS,1.99,7.12,0.82,0.94,1,0,1,
288.84,44.099,P408_PBO,0.484,0.154,0.9,0.8,1,0,1,
246.021,44.109,CERR_GPS,-1.277,-1.494,1.2,1.2,1,0,1,
237.765,44.119,CHAS_GPS,0.98,5.12,1.21,1.03,1,0,1,
240.143,44.119,GOBS_GPS,-0.81,2.27,0.48,0.51,1,0,1,
238.151,44.12,GAGE_GPS,-3.35,11.08,0.77,0.79,1,0,1,
236.803,44.149,ALTA_GPS,2.42,5,0.91,0.99,1,0,1,
237.43,44.15,T128_GPS,1.349,4.769,0.594,0.545,1,0,1,
237.67,44.17,BORA_GPS,1.002,2.351,1.3,1.2,1,0,1,
235.883,44.17,MAWY_GPS,5.91,9.02,1.49,1.5,1,0,1,
236.433,44.185,REST_GPS,3,9.08,0.56,0.61,1,0,1,
248.474,44.185,GS20_GPS,-2.566,-2.452,0.6,0.8,1,0,1,
237.98,44.19,COON_GPS,-1.367,6.84,1,0.9,1,0,1,
237.17,44.208,CABL_GPS,2.35,6.4,1,1.02,1,0,1,
238.91,44.21,D280_GPS,1.523,6.907,0.8,0.8,1,0,1,
242.417,44.259,ROGE_1HT,-4.91,3.4,2,1.48,1,0,1,
239.07,44.26,HNTO_GPS,0.043,3.001,0.8,0.8,1,0,1,
238.852,44.26,MYT1_GPS,-0.013,3.521,0.515,0.515,1,0,1,
238.803,44.269,D639_GPS,-0.62,4.17,1.31,1.27,1,0,1,
238.24,44.29,BLAC_GPS,-0.732,5.431,0.7,0.7,1,0,1,
238.426,44.297,P597_PBO,1.893,2.081,1.4,1.5,1,0,1,
239.135,44.301,MILL_GPS,-0.43,4.19,0.58,0.55,1,0,1,
238.444,44.306,PBL2_GPS,0.924,3.862,0.52,0.527,1,0,1,
239.38,44.31,C300_GPS,-0.723,2.289,1,1.1,1,0,1,
238.44,44.31,RUBY_GPS,0.924,3.862,0.52,0.527,1,0,1,
248.549,44.318,TRN1_GPS,-1.961,-2.754,0.5,0.5,1,0,1,
236.996,44.325,ROG2_GPS,2.66,5.63,0.85,0.86,1,0,1,
239.491,44.353,EGAN_GPS,-0.95,1.84,1.37,1.12,1,0,1,
236.401,44.377,CHAT_GPS,3.49,8.26,0.5,0.53,1,0,1,
236.409,44.382,LFRS_PBO,3.583,6.326,1.1,1.1,1,0,1,
236.709,44.391,COLR_GPS,4.72,7.21,0.59,0.63,1,0,1,
239.58,44.4,LOLA_GPS,0.406,3.082,1,1.3,1,0,1,
247.364,44.4,GS50_GPS,-2.361,-1.926,1.2,1.3,1,0,1,
241.039,44.41,LANG_GPS,-1.66,1.91,0.74,0.71,1,0,1,
237.423,44.497,P466_PBO,2.494,5.703,1.2,1.2,1,0,1,
236.448,44.504,K024_GPS,4.15,7.85,0.57,0.56,1,0,1,
237.031,44.51,LSII_GPS,2.41,6.58,0.74,0.82,1,0,1,
237.044,44.566,HEAD_GPS,2.79,6.3,0.6,0.62,1,0,1,
242.543,44.578,MTAD_GPS,-1.25,1.38,0.72,0.59,1,0,1,
236.695,44.586,CAM4_GPS,3.026,7.194,0.361,0.424,1,0,1,
235.94,44.587,TIXI_GPS,6.729,9.813,0.442,0.409,1,0,1,
236.453,44.594,ROM3_GPS,4.03,8.63,0.57,0.67,1,0,1,
235.935,44.602,FORE_GPS,6.59,8.96,0.42,0.44,1,0,1,
236.233,44.612,CPXF_GNI,5.42,7.95,1.04,1.25,1,0,1,
240.372,44.623,GP29_GPS,-0.8,1.14,0.67,0.67,1,0,1,
239.782,44.631,ROSE_GPS,-1.39,1.91,0.8,0.82,1,0,1,
236.9,44.633,BIGH_GPS,4.21,7.02,0.88,1.14,1,0,1,
238.872,44.634,PIBU_GPS,0.05,1.95,0.66,0.83,1,0,1,
243.551,44.669,CURT_GPS,0.85,1.23,0.89,0.64,1,0,1,
236.781,44.689,SCOT_GPS,3.61,7.36,1.54,0.82,1,0,1,
237.52,44.752,JONY_GPS,2.25,5.88,0.53,0.58,1,0,1,
250.624,44.753,CLAI_GPS,-2.039,-1.503,1.3,1.4,1,0,1,
236.165,44.777,JUNI_GPS,5.22,8.37,0.5,0.46,1,0,1,
236.897,44.78,OVER_GPS,3.78,8.15,0.83,0.86,1,0,1,
237.174,44.795,GLDH_GPS,2.84,6.32,0.54,0.58,1,0,1,
238.634,44.823,SCHO_GPS,0.93,3.12,0.57,0.71,1,0,1,
235.934,44.83,APEX_GLA,7.39,9.81,0.57,0.59,1,0,1,
242.185,44.833,16EM_GPS,-0.69,0.35,0.56,0.5,1,0,1,
237.029,44.876,GODE_GPS,2.61,6.39,0.98,1.14,1,0,1,
239.053,44.92,GRAY_GPS,0.36,2.598,0.532,0.55,1,0,1,
236.772,44.925,KOPR_GPS,3.41,7.41,0.62,0.65,1,0,1,
236.898,44.941,RHCL_PBO,2.506,6.515,0.3,0.6,1,0,1,
249.694,44.943,STOV_GPS,-0.834,-0.381,0.7,0.6,1,0,1,
249.311,44.973,JEFF_GPS,0.563,0.599,0.397,0.424,1,0,1,
237.12,44.99,G404_GPS,2.81,6.81,0.47,0.49,1,0,1,
239.78,45,DYER_GPS,-0.75,2.15,0.92,0.92,1,0,1,
249.998,45.003,BM8Z_GPS,-0.731,-0.788,0.7,0.7,1,0,1,
236.142,45.022,P650_PBO,6.504,8.532,0.8,1,1,0,1,
247.476,45.043,GS45_GPS,-0.337,-1.128,1.4,1.4,1,0,1,
236.588,45.065,BAKR_GPS,3.67,6.52,0.95,0.97,1,0,1,
236.861,45.07,SDRO_GPS,3.15,6.65,0.53,0.56,1,0,1,
236.361,45.082,FERR_GPS,4.21,6.49,0.47,0.48,1,0,1,
236.034,45.134,KLUC_GPS,7.36,9.32,0.39,0.4,1,0,1,
241.042,45.138,DUNG_GPS,0.5,1.26,0.69,0.83,1,0,1,
248.971,45.14,RAIN_GPS,0.671,-0.664,0.8,0.9,1,0,1,
236.61,45.159,LASC_PBO,4.212,6.021,0.9,1.5,1,0,1,
237.189,45.179,GABB_GPS,4.15,7.27,1.07,1.28,1,0,1,
236.869,45.19,JAIL_GPS,2.91,7.37,1.07,1.14,1,0,1,
236.848,45.19,BKMS_PBO,3.715,5.116,1.1,1.6,1,0,1,
236.154,45.214,BONI_GPS,5.19,8.28,0.59,0.63,1,0,1,
237.409,45.216,BILI_GPS,1.67,6.896,1.015,0.865,1,0,1,
248.211,45.218,GS24_GPS,0.772,-1.646,1.4,1.5,1,0,1,
237.411,45.221,P394_PBO,1.67,6.896,1.015,0.865,1,0,1,
241.986,45.232,P708_PBO,-0.754,0.9,0.7,0.6,1,0,1,
238.865,45.233,SC04_GPS,0.72,2.5,0.46,0.48,1,0,1,
239.82,45.243,CNTR_GPS,1.32,1.93,0.76,0.76,1,0,1,
237.126,45.269,PTHY_GPS,2.97,6.25,0.45,0.43,1,0,1,
236.051,45.273,GO89_GPS,5.68,9.48,1.41,1.53,1,0,1,
237.639,45.296,BULL_GLA,1.34,5.1,0.59,0.64,1,0,1,
242.18,45.297,CANN_GPS,-0.74,0.82,0.79,1.03,1,0,1,
237.667,45.299,CTHS_GPS,1.35,5.1,0.59,0.64,1,0,1,
238.33,45.304,PUPU_GNI,1.86,4.95,0.5,0.59,1,0,1,
237.425,45.326,BULC_GPS,1.75,8.01,1.04,1.27,1,0,1,
238.288,45.334,REDM_GPS,2.1,3.51,0.63,0.77,1,0,1,
240.451,45.344,BM31_GPS,-0.17,2.11,0.53,0.57,1,0,1,
242.748,45.349,GP35_GPS,-0.37,0.39,0.54,0.57,1,0,1,
249.241,45.354,PANA_GPS,0.58,-0.97,0.9,0.5,1,0,1,
237.965,45.376,SAOB_GPS,1.07,5.57,0.51,0.56,1,0,1,
247.383,45.383,T19S_GPS,-0.325,-1.826,1.2,1.3,1,0,1,
236.176,45.421,MERC_GLA,4.94,9.06,1.09,1.29,1,0,1,
237.659,45.43,P583_PBO,2.429,5.298,0.9,0.7,1,0,1,
284.376,45.454,WICK_GPS,0.362,-0.56,0.474,0.418,1,0,1,
250.429,45.457,GOLD_GPS,-0.113,-0.898,0.9,0.5,1,0,1,
236.796,45.469,ORCC_GPS,4.66,6.05,1.33,1.45,1,0,1,
239.256,45.475,0209_GPS,0.42,3.06,0.6,0.62,1,0,1,
236.303,45.483,PBL1_GPS,5.95,8.57,0.48,0.45,1,0,1,
236.022,45.487,BRWV_GPS,6.92,9.647,0.418,0.421,1,0,1,
240.969,45.499,LOPE_GPS,0.67,1.69,0.87,0.87,1,0,1,
237.009,45.524,BOVL_GPS,3.18,6.14,0.42,0.47,1,0,1,
237.912,45.533,HEBE_GPS,1.63,7.64,1.18,1.21,1,0,1,
236.843,45.538,P468_PBO,5.527,5.016,1.2,1.3,1,0,1,
237.434,45.547,NACH_GPS,2.34,5.97,0.34,0.36,1,0,1,
239.328,45.59,P491_PBO,0.245,2.56,0.6,0.5,1,0,1,
248.37,45.597,KTBW_GNI,0.123,-0.51,0.43,0.433,1,0,1,
241.47,45.6,AVA2_GPS,-0.37,1.03,1.08,0.92,1,0,1,
236.93,45.612,ELKR_GPS,2.97,5.65,0.46,0.48,1,0,1,
238.825,45.618,CHO1_GPS,1.39,3.34,0.35,0.41,1,0,1,
236.356,45.629,P133_PBO,5.828,6.527,1.2,1.3,1,0,1,
243.709,45.656,SCAZ_GPS,2.29,0.95,0.86,0.93,1,0,1,
237.256,45.672,S334_GPS,5.85,4.9,1.03,1.12,1,0,1,
238.123,45.676,TONO_PBO,1.941,5.087,1.1,1.2,1,0,1,
238.117,45.692,PTRB_4PS,2.06,4.34,0.61,0.67,1,0,1,
239.785,45.745,FLIN_GPS,0.76,2.13,1.3,1.51,1,0,1,
237.453,45.781,ARLI_GPS,2.96,5.76,0.42,0.45,1,0,1,
238.672,45.783,FISH_GPS,2.29,2.31,0.97,0.97,1,0,1,
236.539,45.797,N469_GPS,4.62,7.43,0.48,0.48,1,0,1,
251.454,45.807,P_42_GHT,-0.298,-1.223,0.6,0.5,1,0,1,
241.529,45.813,AHID_GPS,-0.24,0.45,0.52,0.51,1,0,1,
240.177,45.813,CHEM_GPS,-0.04,2.42,0.49,0.54,1,0,1,
240.741,45.827,G753_GPS,-0.25,1.38,0.49,0.51,1,0,1,
237.307,45.835,P616_PBO,4.541,4.706,1.1,1.1,1,0,1,
239.185,45.839,F735_GPS,1.026,3.277,0.543,0.543,1,0,1,
255.559,45.846,Y405_GPS,-0.689,-0.721,1.4,0.9,1,0,1,
236.761,45.851,BTDM_PBO,4.938,5.518,0.6,1.4,1,0,1,
237.199,45.857,FRED_GPS,2.98,6.94,0.4,0.44,1,0,1,
236.04,45.862,BLUE_GPS,7.61,8.58,0.38,0.4,1,0,1,
236.43,45.885,FOSS_GPS,5.1,6.58,0.5,0.52,1,0,1,
236.212,45.907,KELL_GPS,5.42,8.35,0.68,0.73,1,0,1,
239.995,45.911,IVCO_PBO,0.46,1.645,0.6,0.4,1,0,1,
242.751,45.929,MRY5_GPS,0.41,0.5,0.46,0.49,1,0,1,
243.881,45.942,DARL_GPS,-0.25,-0.02,0.74,0.84,1,0,1,
240.456,45.953,IID2_PBO,0.364,1.535,0.6,0.4,1,0,1,
281.93,45.96,WALT_GPS,0.475,-0.605,0.36,0.36,1,0,1,
238.458,46,KAMI_GPS,2.14,5.01,0.83,0.86,1,0,1,
237.682,46.026,SDNY_GPS,2.13,4.71,0.38,0.4,1,0,1,
237.075,46.04,MHCB_GPS,3.3,7.08,0.75,0.65,1,0,1,
236.083,46.057,CALV_GPS,7.8,7.71,0.55,0.58,1,0,1,
241.717,46.088,S389_GPS,-0.1,0.31,0.5,0.52,1,0,1,
236.28,46.089,H428_GPS,6.48,7.21,0.64,0.71,1,0,1,
236.795,46.105,BSTR_GPS,4.73,6.81,1.06,1.11,1,0,1,
237.645,46.11,CPBN_PBO,4.553,6.398,0.6,0.5,1,0,1,
237.104,46.118,GTRG_GPS,3.7,6.145,0.444,0.447,1,0,1,
243.627,46.142,EDDY_GPS,0.38,0.43,0.72,0.83,1,0,1,
237.804,46.145,P071_PBO,0.855,2.895,1.5,1.6,1,0,1,
236.419,46.146,ATKI_GPS,4.74,6.43,0.54,0.6,1,0,1,
236.168,46.173,ACME_GPS,7.28,8.29,0.76,0.78,1,0,1,
237.689,46.173,P091_PBO,1.956,5.097,1.4,1.5,1,0,1,
237.639,46.19,P069_PBO,4.056,4.198,0.8,0.9,1,0,1,
237.867,46.195,MLFP_PBO,-0.742,2.193,1.4,1.6,1,0,1,
237.848,46.197,P013_PBO,0.858,3.694,1.2,0.9,1,0,1,
237.836,46.199,SCIA_PBO,-1.242,4.894,1.1,1.8,1,0,1,
236.623,46.201,P570_PBO,5.05,5.821,0.6,0.8,1,0,1,
236.044,46.205,EARL_GPS,8.52,8.74,0.26,0.26,1,0,1,
237.798,46.21,P595_PBO,4.058,2.395,1.8,1.1,1,0,1,
243.995,46.213,GRND_GPS,1.28,1.26,0.61,0.68,1,0,1,
237.773,46.231,P083_PBO,0.958,3.295,1.4,1.6,1,0,1,
241.12,46.251,GENT_GPS,-0.78,1.48,1.42,1.18,1,0,1,
240.369,46.26,P626_PBO,0.375,1.437,0.8,0.8,1,0,1,
236.54,46.268,LMUT_GPS,6.65,8.13,0.5,0.57,1,0,1,
237.081,46.283,CEDC_GPS,3.75,6.44,0.62,0.69,1,0,1,
235.924,46.3,FRAN_GPS,9.56,10.48,0.73,0.74,1,0,1,
237.818,46.3,P594_PBO,2.261,4.294,1.4,1.4,1,0,1,
237.655,46.301,CRWN_GPS,3.715,4.539,0.568,0.574,1,0,1,
236.351,46.334,FALL_GPS,6.73,7.08,0.61,0.64,1,0,1,
244.685,46.339,DRAO_GPS,0.89,0.48,0.69,0.76,1,0,1,
242.95,46.426,NLIB_GPS,2.01,0.13,0.72,0.66,1,0,1,
237.193,46.477,A545_GPS,8.84,3.69,1.45,1.67,1,0,1,
242.431,46.486,BIGC_GPS,0.18,1.63,0.63,0.66,1,0,1,
235.943,46.516,SC02_GNI,8.81,11.06,0.56,0.62,1,0,1,
237.571,46.532,CCCC_PBO,5.868,3.1,0.6,0.7,1,0,1,
237.28,46.533,MOLA_GPS,4.53,5.6,0.56,0.66,1,0,1,
236.5,46.541,E072_GPS,6.11,7.65,0.48,0.51,1,0,1,
238.095,46.542,DRAO_GPS,2.74,5.03,0.48,0.59,1,0,1,
237.73,46.551,JUST_GPS,3.44,5.12,0.32,0.33,1,0,1,
238.012,46.572,P593_PBO,-0.628,3.09,1.4,1.5,1,0,1,
236.702,46.575,RSTP_PBO,4.864,5.419,0.5,0.8,1,0,1,
240.273,46.578,ALKA_GPS,0.72,1.71,0.55,0.61,1,0,1,
237.134,46.589,P469_PBO,3.967,5.51,0.7,0.8,1,0,1,
239.523,46.602,OHLN_GPS,0.97,1.82,0.57,0.61,1,0,1,
238.325,46.607,LKCP_GNI,2,4.53,0.97,0.99,1,0,1,
240.993,46.621,JNPR_GPS,0.31,1.5,0.56,0.52,1,0,1,
238.317,46.623,P473_PBO,1.876,2.983,0.4,0.3,1,0,1,
238.867,46.629,DAVI_GPS,2.58,2.7,0.81,0.75,1,0,1,
236.725,46.631,CMB0_GPS,4.85,6.81,0.46,0.52,1,0,1,
236.27,46.656,P560_PBO,6.864,7.729,0.5,0.5,1,0,1,
236.19,46.663,PPT1_GPS,7.63,9.33,0.49,0.55,1,0,1,
237.015,46.671,A074_GPS,3.77,5.74,0.4,0.4,1,0,1,
240.959,46.793,GTRG_PBO,0.098,1.023,0.6,0.6,1,0,1,
237.743,46.84,CAPS_GPS,2.54,4.531,0.593,0.611,1,0,1,
239.067,46.844,P073_PBO,1.089,1.466,1.7,1.8,1,0,1,
243.598,46.857,B741_GPS,1.16,0.48,0.75,0.7,1,0,1,
238.7,46.873,PROS_GPS,2.08,3.08,0.55,0.62,1,0,1,
235.9,46.903,FARB_GPS,10.84,10.94,0.47,0.48,1,0,1,
236.084,46.926,P557_PBO,7.872,8.133,1.3,1.4,1,0,1,
239.275,46.951,OLYM_GPS,1.442,2.191,0.502,0.485,1,0,1,
236.459,46.966,OHME_GNI,6.01,7.53,0.76,0.81,1,0,1,
237.092,46.967,LESL_GPS,3.99,5.6,0.38,0.32,1,0,1,
236.076,46.972,LEV1_GPS,10.38,8.7,0.45,0.47,1,0,1,
241.411,46.973,BOLI_GPS,0.62,1.76,0.52,0.52,1,0,1,
236.297,46.973,C334_GPS,8.5,7.37,0.52,0.59,1,0,1,
236.467,46.991,0047_GPS,7.1,6.1,0.53,0.6,1,0,1,
239.461,47,HOWE_GPS,1.55,2.21,0.37,0.38,1,0,1,
241.434,47.002,LMUT_PBO,0.108,0.812,0.2,0.3,1,0,1,
236.564,47.004,CAT2_PBO,5.778,6.422,0.6,0.6,1,0,1,
239.479,47.012,SATS_GPS,2.78,1.42,0.59,0.55,1,0,1,
236.624,47.015,DELI_GPS,5.6,6.69,0.5,0.56,1,0,1,
237.077,47.016,P093_PBO,4.182,5.811,0.4,0.2,1,0,1,
142.72,47.03,KELY_GPS,8.391,0.49,1.7,1.7,1,0,1,
246.668,47.03,MDAY_GPS,0.433,-2.009,1.3,1.4,1,0,1,
236.888,47.033,SENT_GPS,5.55,6.67,0.47,0.51,1,0,1,
237.379,47.094,HOPB_GPS,3.67,6.54,0.57,0.63,1,0,1,
237.71,47.103,RAIL_GPS,3.94,4.8,0.56,0.58,1,0,1,
235.822,47.114,F760_GPS,13.54,12.58,0.45,0.5,1,0,1,
255.315,47.117,Y502_GPS,-0.642,-1.215,1.2,0.8,1,0,1,
241.618,47.127,CHAB_1PS,0.55,1.62,0.96,1.15,1,0,1,
238.375,47.138,FAAS_GPS,2.49,2.85,0.63,0.64,1,0,1,
238.065,47.142,JUSW_GPS,2.32,3.89,0.46,0.48,1,0,1,
237.429,47.172,LORS_PBO,4.49,6.203,1.1,1.1,1,0,1,
240.663,47.185,ILLA_GPS,0.58,0.95,0.45,0.48,1,0,1,
235.795,47.213,LITT_GLA,13.566,11.745,0.381,0.381,1,0,1,
238.829,47.232,COVE_GPS,4.95,4.16,0.47,0.48,1,0,1,
236.859,47.237,PONS_GPS,4.55,6,0.57,0.58,1,0,1,
236.592,47.237,PVRS_PBO,3.687,4.022,1.3,1.4,1,0,1,
240.189,47.242,BHAP_GPS,1.72,1.55,0.76,0.74,1,0,1,
242.868,47.274,HELE_GPS,1.05,1.3,0.66,0.77,1,0,1,
237.059,47.288,P579_PBO,4.692,4.811,0.4,0.4,1,0,1,
235.721,47.304,FARV_GPS,14.79,12.39,0.33,0.35,1,0,1,
237.556,47.306,BATT_GPS,3.73,2.8,0.98,1.18,1,0,1,
249.094,47.35,GS14_GPS,0.353,-0.967,1.2,1.4,1,0,1,
252.981,47.375,Z478_GPS,-0.536,-0.959,0.9,1,1,0,1,
236.887,47.387,R489_GPS,5.67,5.6,0.45,0.48,1,0,1,
238.608,47.388,GARL_GPS,2.93,2.35,1.07,1.33,1,0,1,
237.625,47.388,NEWP_GPS,3.23,4,0.39,0.39,1,0,1,
237.836,47.401,PTAN_GPS,4.04,4.83,0.81,0.83,1,0,1,
240.513,47.404,GMPK_PBO,0.317,0.433,0.6,0.5,1,0,1,
237.339,47.446,LEWG_GPS,4.73,3.62,0.99,1.15,1,0,1,
239.674,47.48,LATA_GPS,2.65,1.64,0.97,1,1,0,1,
237.824,47.485,FOOT_GPS,3.26,3.9,0.7,0.74,1,0,1,
237.992,47.5,MOON_GPS,2.698,2.735,0.5,0.502,1,0,1,
237.245,47.501,ALGO_GPS,4.92,5.58,0.58,0.64,1,0,1,
238.015,47.509,RCM6_GPS,2.6,3.27,0.4,0.41,1,0,1,
242.576,47.518,PTAL_GPS,0.29,0.34,0.47,0.47,1,0,1,
243.824,47.546,POCA_GPS,0.71,0.09,0.58,0.64,1,0,1,
237.205,47.547,HAND_GPS,3.851,4.259,0.442,0.442,1,0,1,
237.213,47.549,EZEL_GPS,5.42,4.59,0.41,0.43,1,0,1,
239.408,47.559,COND_GPS,3.29,2.68,1.25,0.95,1,0,1,
237.447,47.571,PERL_GLA,1.78,4.02,1.59,1.87,1,0,1,
237.613,47.595,CNSP_GPS,4.87,5.34,1.17,1.46,1,0,1,
307.322,47.595,PTS5_GPS,0.473,0.039,0.414,0.414,1,0,1,
307.32,47.6,W072_GPS,-1.395,-0.657,0.8,0.1,1,0,1,
237.858,47.636,LINC_GPS,2.7,3.76,0.87,0.99,1,0,1,
237.691,47.654,P75Z_GPS,3.784,3.839,0.495,0.439,1,0,1,
239.937,47.656,HARD_GPS,1.3,1.68,0.6,0.57,1,0,1,
237.751,47.686,ALAM_GPS,4.25,3.18,0.58,0.58,1,0,1,
238.574,47.735,ALCC_GPS,3.63,3.1,0.54,0.56,1,0,1,
237.352,47.735,H318_GPS,5.73,4.62,0.67,0.81,1,0,1,
243.204,47.743,C715_GPS,0.86,0.16,0.52,0.51,1,0,1,
241.255,47.759,P106_PBO,0.534,0.216,0.6,0.5,1,0,1,
241.287,47.761,OFWY_GPS,1.38,0.68,1.12,0.85,1,0,1,
239.335,47.768,YELL_GPS,1.73,2.53,0.52,0.55,1,0,1,
237.485,47.803,P581_PBO,1.513,1.402,1.3,1.4,1,0,1,
236.294,47.817,CAT1_PBO,6.806,6.328,0.9,0.8,1,0,1,
237.125,47.824,ORCT_GPS,6.18,5.26,0.79,0.83,1,0,1,
237.728,47.908,LKR1_GPS,2.92,3.04,0.81,0.88,1,0,1,
237.317,47.922,LYRE_GPS,5.02,3.78,0.62,0.7,1,0,1,
235.604,47.937,DUWA_GPS,12.92,9.18,0.53,0.54,1,0,1,
235.443,47.937,EDPP_PBO,15.123,10.497,0.471,0.496,1,0,1,
236.591,47.939,COON_GPS,6.81,4.31,0.45,0.47,1,0,1,
238.169,47.944,HUR2_GPS,2.026,3.293,0.492,0.472,1,0,1,
241.007,47.954,P678_PBO,2.54,-1.278,1.4,1.5,1,0,1,
236.74,47.955,B059_GPS,5.69,5.16,0.38,0.4,1,0,1,
242.667,47.969,SECH_GPS,2.4,-0.05,1.13,1.38,1,0,1,
241.014,47.971,CEDA_GPS,1.36,-0.04,1.19,1.1,1,0,1,
236.471,47.99,GABR_GPS,6.6,5.65,0.45,0.47,1,0,1,
237.072,48.016,B073_GPS,4.484,4.835,0.737,0.768,1,0,1,
236.866,48.045,P467_PBO,4.618,3.916,0.7,0.9,1,0,1,
236.497,48.06,DSHS_PBO,6.116,4.824,0.8,1.4,1,0,1,
235.859,48.062,SFDM_PBO,12.111,12.938,0.8,1.1,1,0,1,
238.428,48.079,PIER_GPS,2.9,3.72,1.2,1.54,1,0,1,
236.505,48.117,MOAK_GPS,5.19,5.27,0.66,0.65,1,0,1,
236.549,48.124,PETP_GPS,5.93,4.86,0.73,0.92,1,0,1,
240.317,48.132,BAL2_GPS,1.37,1.6,0.61,0.64,1,0,1,
236.597,48.14,RKPT_GPS,7.47,4.53,1.38,1.19,1,0,1,
237.232,48.141,SATU_GPS,4.82,3.69,0.64,0.62,1,0,1,
236.33,48.15,HUBB_GPS,6.26,5.13,0.78,0.85,1,0,1,
239.93,48.157,NWVL_GPS,0.92,1.45,0.51,0.55,1,0,1,
237.842,48.162,A479_GPS,2.67,2.9,0.44,0.45,1,0,1,
237.846,48.17,A515_GPS,2.85,3.64,0.59,0.68,1,0,1,
242.941,48.179,GREV_GPS,0.87,0.05,0.6,0.67,1,0,1,
236.89,48.181,CNDR_GPS,6.73,3.17,1.2,1.23,1,0,1,
235.881,48.198,KELR_GPS,8.34,6.8,0.63,0.78,1,0,1,
242.268,48.208,GREY_GPS,0.43,1.41,0.87,1,1,0,1,
238.384,48.26,P609_PBO,1.336,0.682,1.4,1.2,1,0,1,
238.341,48.273,B197_GPS,2.67,1.95,0.58,0.59,1,0,1,
241.845,48.278,DIAB_GPS,-0.6,0.01,1.29,1.71,1,0,1,
235.375,48.298,KLAS_GPS,10.238,8.419,0.466,0.492,1,0,1,
237.304,48.313,SANM_GPS,5.3,4.39,0.84,0.9,1,0,1,
236.349,48.316,ARLO_GPS,5.53,4.82,1.31,0.93,1,0,1,
235.401,48.37,KINW_GPS,9.67,8.21,0.5,0.5,1,0,1,
236.079,48.377,PAIS_GPS,6.9,4.51,1.52,1.23,1,0,1,
236.513,48.39,S381_GPS,5.213,4.541,0.367,0.358,1,0,1,
240.263,48.394,NESM_GPS,0.23,1.54,0.87,0.84,1,0,1,
237.33,48.419,P078_PBO,1.034,1.105,1.4,1.4,1,0,1,
237.115,48.42,GARY_GPS,4.95,4.14,0.58,0.5,1,0,1,
236.773,48.425,CLFH_GPS,4.61,4.66,1.37,0.99,1,0,1,
236.326,48.465,C093_GPS,5.74,4.8,1.31,1.01,1,0,1,
235.897,48.465,GP37_GPS,6.73,5.24,1.26,1.08,1,0,1,
238.406,48.486,FAIR_GPS,1.16,2.29,0.58,0.57,1,0,1,
236.653,48.493,CMBB_GPS,4.97,4.02,1.3,0.93,1,0,1,
239.744,48.508,MRS1_GNI,-0.38,3.77,0.5,0.53,1,0,1,
237.772,48.508,OYST_GPS,3.06,3.32,0.52,0.56,1,0,1,
237.401,48.513,BLYN_GNI,5.18,3.21,0.92,1.08,1,0,1,
237.776,48.522,PACH_GPS,2.901,3.252,0.48,0.464,1,0,1,
238.223,48.539,FHAM_GPS,3.4,3.87,0.83,1.03,1,0,1,
242.112,48.541,SEDR_GPS,0.84,0.72,0.44,0.46,1,0,1,
236.992,48.546,ONIO_GPS,3.529,3.397,0.608,0.594,1,0,1,
239.575,48.594,0113_GPS,0.7,1.77,0.95,0.92,1,0,1,
236.176,48.612,HKUS_GPS,5.17,4.17,1.15,0.98,1,0,1,
236.549,48.648,LUCA_GPS,4.7,4.12,0.53,0.53,1,0,1,
238.731,48.674,ECHO_GPS,2.81,2.34,0.61,0.62,1,0,1,
241.27,48.675,P009_PBO,0.568,-0.084,0.5,0.8,1,0,1,
240.548,48.694,REPO_GLA,1.62,0.44,0.87,0.94,1,0,1,
241.341,48.698,GRSM_GPS,1.08,0.97,0.93,0.65,1,0,1,
237.091,48.708,P068_PBO,4.143,3.511,0.5,0.5,1,0,1,
237.796,48.711,036C_GPS,3.29,4.28,0.79,1.01,1,0,1,
238.932,48.73,P483_PBO,0.456,3.769,1.2,1.3,1,0,1,
243.742,48.731,NTKA_GPS,1.26,-0.13,0.58,0.65,1,0,1,
236.829,48.774,OKAY_GPS,4.22,4.19,1.33,1.05,1,0,1,
237.465,48.791,ATHE_GPS,3.83,2.09,1.95,1.14,1,0,1,
248.752,48.809,NEV1_GPS,0.806,-1.259,0.9,0.8,1,0,1,
234.866,48.828,ARGU_GLA,8.6,7.46,0.78,0.96,1,0,1,
237.507,48.856,PHLB_PBO,1.751,2.801,1,1.1,1,0,1,
238.326,48.865,ANNA_GPS,1.55,1.99,1.24,1.39,1,0,1,
234.957,48.865,LK42_GNI,8.18,7.17,0.56,0.58,1,0,1,
237.397,48.892,EA40_GPS,3.58,3.54,1.06,1.35,1,0,1,
235.738,48.901,SEAT_GPS,5.88,5.24,0.44,0.43,1,0,1,
237.857,48.917,FARB_1PS,2.56,1.7,0.7,0.86,1,0,1,
236.297,48.92,BREW_GPS,4.863,4.379,0.55,0.555,1,0,1,
234.458,48.926,RUBY_GPS,9.01,7.64,0.31,0.3,1,0,1,
234.493,48.985,E141_GPS,9.08,9.01,0.79,0.89,1,0,1,
235.296,48.996,FARW_GPS,7.24,7.16,0.63,0.67,1,0,1,
